[18:00:01] [main/INFO] (FabricLoader/GameProvider) Loading Minecraft 1.21.11 with Fabric Loader 0.18.4
[18:00:01] [main/INFO] (FabricLoader) Loading 53 mods:
	- cobalt 1.0.1
	- devauth 1.2.2
	- fabric-api 0.141.2+1.21.11
	- fabric-api-base 1.0.5+4ebb5c083e
	- fabric-api-lookup-api-v1 1.6.113+1fb1cde93e
	- fabric-biome-api-v1 17.1.1+4fc5413f3e
	- fabric-block-api-v1 1.1.10+4ebb5c083e
	- fabric-block-view-api-v2 1.0.39+4ebb5c083e
	- fabric-client-gametest-api-v1 4.3.5+bfe9fcf43e
	- fabric-command-api-v2 2.4.7+6b42a6003e
	- fabric-content-registries-v0 10.2.14+4fc5413f3e
	- fabric-convention-tags-v1 2.1.55+7f945d5b3e
	- fabric-convention-tags-v2 2.17.3+8ef948ba3e
	- fabric-crash-report-info-v1 0.3.23+4ebb5c083e
	- fabric-data-attachment-api-v1 1.8.47+eed0806f3e
	- fabric-data-generation-api-v1 23.4.0+69974c4e3e
	- fabric-dimensions-v1 4.0.28+4fc5413f3e
	- fabric-entity-events-v1 3.1.1+1d0ab4303e
	- fabric-events-interaction-v0 4.1.0+3b89ecf63e
	- fabric-game-rule-api-v1 2.0.3+4fc5413f3e
	- fabric-gametest-api-v1 3.1.27+4fc5413f3e
	- fabric-item-api-v1 11.5.20+d0c46b9e3e
	- fabric-item-group-api-v1 4.2.36+4fc5413f3e
	- fabric-key-binding-api-v1 1.1.7+4fc5413f3e
	- fabric-language-kotlin 1.13.8+kotlin.2.3.0
	- fabric-lifecycle-events-v1 2.6.15+4ebb5c083e
	- fabric-loot-api-v2 3.0.73+3f89f5a53e
	- fabric-loot-api-v3 2.0.20+78c8b4663e
	- fabric-message-api-v1 6.1.12+4ebb5c083e
	- fabric-model-loading-api-v1 6.0.14+4fc5413f3e
	- fabric-networking-api-v1 5.1.5+ae1e07683e
	- fabric-object-builder-api-v1 21.1.39+4fc5413f3e
	- fabric-particles-v1 4.2.11+4fc5413f3e
	- fabric-recipe-api-v1 8.2.3+4ebb5c083e
	- fabric-registry-sync-v0 6.2.5+1718722b3e
	- fabric-renderer-api-v1 8.0.2+f4ffd2e53e
	- fabric-renderer-indigo 5.0.2+f4ffd2e53e
	- fabric-rendering-fluids-v1 3.1.43+4ebb5c083e
	- fabric-rendering-v1 16.2.9+7edacff13e
	- fabric-resource-conditions-api-v1 5.0.35+4fc5413f3e
	- fabric-resource-loader-v0 3.3.4+4fc5413f3e
	- fabric-resource-loader-v1 1.0.10+78c8b4663e
	- fabric-screen-api-v1 3.1.7+4ebb5c083e
	- fabric-screen-handler-api-v1 1.3.161+4fc5413f3e
	- fabric-serialization-api-v1 1.0.5+4ebb5c083e
	- fabric-sound-api-v1 1.0.51+4fc5413f3e
	- fabric-tag-api-v1 1.2.20+4fc5413f3e
	- fabric-transfer-api-v1 6.0.24+4fc5413f3e
	- fabric-transitive-access-wideners-v1 7.1.0+014c8cec3e
	- fabricloader 0.18.4
	- java 21
	- minecraft 1.21.11
	- mixinextras 0.5.0
[18:00:01] [main/INFO] (FabricLoader/Mixin) SpongePowered MIXIN Subsystem Version=0.8.7 Source=file:/C:/Users/aeare/.gradle/caches/modules-2/files-2.1/net.fabricmc/sponge-mixin/0.17.0+mixin.0.8.7/cf31463202f72d03b0ef1e1e38e8ee71b7faaab6/sponge-mixin-0.17.0+mixin.0.8.7.jar Service=Knot/Fabric Env=CLIENT
[18:00:01] [main/INFO] (FabricLoader/Mixin) Loaded Fabric development mappings for mixin remapper!
[18:00:01] [main/INFO] (FabricLoader/Mixin) Compatibility level set to JAVA_21
[18:00:01] [main/INFO] (FabricLoader/MixinExtras|Service) Initializing MixinExtras via com.llamalad7.mixinextras.service.MixinExtrasServiceImpl(version=0.5.0).
[18:00:02] [main/INFO] (DevAuth/HTTP/JDK) Using JDK client
[18:00:02] [main/INFO] (DevAuth) DevAuth disabled, not logging in!
[18:00:02] [Datafixer Bootstrap/INFO] (Minecraft) 287 Datafixer optimizations took 265 milliseconds
[18:00:06] [Render thread/INFO] (Minecraft) Environment: Environment[sessionHost=https://sessionserver.mojang.com, servicesHost=https://api.minecraftservices.com, profilesHost=https://api.mojang.com, name=PROD]
[18:00:06] [Render thread/INFO] (Minecraft) Setting user: Player107
[18:00:06] [Download-2/ERROR] (Minecraft) Failed to fetch user properties
com.mojang.authlib.exceptions.InvalidCredentialsException: Status: 401
	at knot//com.mojang.authlib.exceptions.MinecraftClientHttpException.toAuthenticationException(MinecraftClientHttpException.java:59)
	at knot//com.mojang.authlib.yggdrasil.YggdrasilUserApiService.fetchProperties(YggdrasilUserApiService.java:150)
	at knot//net.minecraft.client.Minecraft.method_55608(Minecraft.java:457)
	at java.base/java.util.concurrent.CompletableFuture$AsyncSupply.run(CompletableFuture.java:1768)
	at java.base/java.util.concurrent.ThreadPoolExecutor.runWorker(ThreadPoolExecutor.java:1144)
	at java.base/java.util.concurrent.ThreadPoolExecutor$Worker.run(ThreadPoolExecutor.java:642)
	at java.base/java.lang.Thread.run(Thread.java:1583)
Caused by: com.mojang.authlib.exceptions.MinecraftClientHttpException: Status: 401
	at knot//com.mojang.authlib.minecraft.client.MinecraftClient.readInputStream(MinecraftClient.java:103)
	at knot//com.mojang.authlib.minecraft.client.MinecraftClient.get(MinecraftClient.java:56)
	at knot//com.mojang.authlib.yggdrasil.YggdrasilUserApiService.fetchProperties(YggdrasilUserApiService.java:121)
	... 5 more
[18:00:06] [Render thread/INFO] (Minecraft) [STDOUT]: Dutt Client Initialized
[18:00:06] [Render thread/INFO] (Indigo) [Indigo] Registering Indigo renderer!
[18:00:07] [Render thread/INFO] (Minecraft) Backend library: LWJGL version 3.3.3-snapshot
[18:00:07] [Render thread/INFO] (Minecraft) Using optional rendering extensions: GL_ARB_buffer_storage, GL_KHR_debug, GL_ARB_vertex_attrib_binding, GL_ARB_direct_state_access, GL_EXT_texture_filter_anisotropic
[18:00:07] [Render thread/INFO] (Minecraft) Reloading ResourceManager: vanilla, cobalt, devauth, fabric-api, fabric-api-base, fabric-api-lookup-api-v1, fabric-biome-api-v1, fabric-block-api-v1, fabric-block-view-api-v2, fabric-client-gametest-api-v1, fabric-command-api-v2, fabric-content-registries-v0, fabric-convention-tags-v1, fabric-convention-tags-v2, fabric-crash-report-info-v1, fabric-data-attachment-api-v1, fabric-data-generation-api-v1, fabric-dimensions-v1, fabric-entity-events-v1, fabric-events-interaction-v0, fabric-game-rule-api-v1, fabric-gametest-api-v1, fabric-item-api-v1, fabric-item-group-api-v1, fabric-key-binding-api-v1, fabric-language-kotlin, fabric-lifecycle-events-v1, fabric-loot-api-v2, fabric-loot-api-v3, fabric-message-api-v1, fabric-model-loading-api-v1, fabric-networking-api-v1, fabric-object-builder-api-v1, fabric-particles-v1, fabric-recipe-api-v1, fabric-registry-sync-v0, fabric-renderer-api-v1, fabric-renderer-indigo, fabric-rendering-fluids-v1, fabric-rendering-v1, fabric-resource-conditions-api-v1, fabric-resource-loader-v0, fabric-resource-loader-v1, fabric-screen-api-v1, fabric-screen-handler-api-v1, fabric-serialization-api-v1, fabric-sound-api-v1, fabric-tag-api-v1, fabric-transfer-api-v1, fabric-transitive-access-wideners-v1, fabricloader
[18:00:08] [Worker-Main-5/INFO] (Minecraft) Found unifont_all_no_pua-17.0.01.hex, loading
[18:00:08] [Worker-Main-10/INFO] (Minecraft) Found unifont_pua-17.0.01.hex, loading
[18:00:08] [Download-2/INFO] (Minecraft) Could not authorize you against Realms server: java.lang.RuntimeException: Failed to parse into SignedJWT: FabricMC
[18:00:08] [Download-2/ERROR] (Minecraft) Failed to fetch Realms feature flags
com.mojang.realmsclient.exception.RealmsServiceException: Realms authentication error with message 'java.lang.RuntimeException: Failed to parse into SignedJWT: FabricMC'
	at knot//com.mojang.realmsclient.client.RealmsClient.execute(RealmsClient.java:526)
	at knot//com.mojang.realmsclient.client.RealmsClient.fetchFeatureFlags(RealmsClient.java:186)
	at java.base/java.util.concurrent.CompletableFuture$AsyncSupply.run(CompletableFuture.java:1768)
	at java.base/java.util.concurrent.ThreadPoolExecutor.runWorker(ThreadPoolExecutor.java:1144)
	at java.base/java.util.concurrent.ThreadPoolExecutor$Worker.run(ThreadPoolExecutor.java:642)
	at java.base/java.lang.Thread.run(Thread.java:1583)
[18:00:08] [Worker-Main-5/INFO] (Minecraft) Found unifont_jp_patch-17.0.01.hex, loading
[18:00:08] [Render thread/INFO] (Minecraft) OpenAL initialized on device OpenAL Soft on Speakers (Logitech PRO X Wireless Gaming Headset)
[18:00:08] [Render thread/INFO] (Minecraft) Sound engine started
[18:00:08] [Render thread/INFO] (Minecraft) Created: 512x256x0 minecraft:textures/atlas/particles.png-atlas
[18:00:08] [Render thread/INFO] (Minecraft) Created: 128x128x0 minecraft:textures/atlas/decorated_pot.png-atlas
[18:00:08] [Render thread/INFO] (Minecraft) Created: 2048x1024x0 minecraft:textures/atlas/armor_trims.png-atlas
[18:00:08] [Render thread/INFO] (Minecraft) Created: 512x256x0 minecraft:textures/atlas/paintings.png-atlas
[18:00:08] [Render thread/INFO] (Minecraft) Created: 1024x512x0 minecraft:textures/atlas/shield_patterns.png-atlas
[18:00:08] [Render thread/INFO] (Minecraft) Created: 2048x2048x4 minecraft:textures/atlas/blocks.png-atlas
[18:00:08] [Render thread/INFO] (Minecraft) Created: 512x512x0 minecraft:textures/atlas/chest.png-atlas
[18:00:08] [Render thread/INFO] (Minecraft) Created: 256x128x0 minecraft:textures/atlas/celestials.png-atlas
[18:00:08] [Render thread/INFO] (Minecraft) Created: 1024x512x0 minecraft:textures/atlas/banner_patterns.png-atlas
[18:00:08] [Render thread/INFO] (Minecraft) Created: 512x512x0 minecraft:textures/atlas/beds.png-atlas
[18:00:08] [Render thread/INFO] (Minecraft) Created: 1024x512x0 minecraft:textures/atlas/items.png-atlas
[18:00:08] [Render thread/INFO] (Minecraft) Created: 1024x1024x0 minecraft:textures/atlas/gui.png-atlas
[18:00:08] [Render thread/INFO] (Minecraft) Created: 128x64x0 minecraft:textures/atlas/map_decorations.png-atlas
[18:00:08] [Render thread/INFO] (Minecraft) Created: 512x256x0 minecraft:textures/atlas/signs.png-atlas
[18:00:08] [Render thread/INFO] (Minecraft) Created: 512x512x0 minecraft:textures/atlas/shulker_boxes.png-atlas
[18:00:09] [IO-Worker-1/INFO] (Minecraft) Could not authorize you against Realms server: java.lang.RuntimeException: Failed to parse into SignedJWT: FabricMC
[18:00:09] [IO-Worker-1/ERROR] (Minecraft) Couldn't connect to realms
com.mojang.realmsclient.exception.RealmsServiceException: Realms authentication error with message 'java.lang.RuntimeException: Failed to parse into SignedJWT: FabricMC'
	at knot//com.mojang.realmsclient.client.RealmsClient.execute(RealmsClient.java:526)
	at knot//com.mojang.realmsclient.client.RealmsClient.clientCompatible(RealmsClient.java:307)
	at knot//com.mojang.realmsclient.RealmsAvailability.method_52627(RealmsAvailability.java:48)
	at java.base/java.util.concurrent.CompletableFuture$AsyncSupply.run(CompletableFuture.java:1768)
	at java.base/java.util.concurrent.ThreadPoolExecutor.runWorker(ThreadPoolExecutor.java:1144)
	at java.base/java.util.concurrent.ThreadPoolExecutor$Worker.run(ThreadPoolExecutor.java:642)
	at java.base/java.lang.Thread.run(Thread.java:1583)
[18:00:11] [Thread-6/INFO] (Minecraft) OpenGL debug message: id=1282, source=API, type=ERROR, severity=HIGH, message='GL_INVALID_OPERATION error generated. No active program.'
[18:00:11] [Thread-6/INFO] (Minecraft) OpenGL debug message: id=1282, source=API, type=ERROR, severity=HIGH, message='GL_INVALID_OPERATION error generated. No active program.'
[18:00:11] [Thread-6/INFO] (Minecraft) OpenGL debug message: id=1282, source=API, type=ERROR, severity=HIGH, message='GL_INVALID_OPERATION error generated. No active program.'
[18:00:11] [Thread-6/INFO] (Minecraft) OpenGL debug message: id=1282, source=API, type=ERROR, severity=HIGH, message='GL_INVALID_OPERATION error generated. No active program.'
[18:00:11] [Thread-6/INFO] (Minecraft) OpenGL debug message: id=1282, source=API, type=ERROR, severity=HIGH, message='GL_INVALID_OPERATION error generated. No active program.'
[18:00:11] [Thread-6/INFO] (Minecraft) OpenGL debug message: id=1282, source=API, type=ERROR, severity=HIGH, message='GL_INVALID_OPERATION error generated. No active program.'
[18:00:12] [Thread-6/INFO] (Minecraft) OpenGL debug message: id=1282, source=API, type=ERROR, severity=HIGH, message='GL_INVALID_OPERATION error generated. No active program.'
[18:00:12] [Thread-6/INFO] (Minecraft) OpenGL debug message: id=1282, source=API, type=ERROR, severity=HIGH, message='GL_INVALID_OPERATION error generated. No active program.'
[18:00:12] [Thread-6/INFO] (Minecraft) OpenGL debug message: id=1282, source=API, type=ERROR, severity=HIGH, message='GL_INVALID_OPERATION error generated. No active program.'
[18:00:12] [Thread-6/INFO] (Minecraft) OpenGL debug message: id=1282, source=API, type=ERROR, severity=HIGH, message='GL_INVALID_OPERATION error generated. No active program.'
[18:00:12] [Thread-6/INFO] (Minecraft) OpenGL debug message: id=1282, source=API, type=ERROR, severity=HIGH, message='GL_INVALID_OPERATION error generated. No active program.'
[18:00:12] [Thread-6/INFO] (Minecraft) OpenGL debug message: id=1282, source=API, type=ERROR, severity=HIGH, message='GL_INVALID_OPERATION error generated. No active program.'
[18:00:12] [Thread-6/INFO] (Minecraft) OpenGL debug message: id=1282, source=API, type=ERROR, severity=HIGH, message='GL_INVALID_OPERATION error generated. No active program.'
[18:00:12] [Thread-6/INFO] (Minecraft) OpenGL debug message: id=1282, source=API, type=ERROR, severity=HIGH, message='GL_INVALID_OPERATION error generated. No active program.'
[18:00:12] [Thread-6/INFO] (Minecraft) OpenGL debug message: id=1282, source=API, type=ERROR, severity=HIGH, message='GL_INVALID_OPERATION error generated. No active program.'
[18:00:12] [Thread-6/INFO] (Minecraft) OpenGL debug message: id=1282, source=API, type=ERROR, severity=HIGH, message='GL_INVALID_OPERATION error generated. No active program.'
[18:00:13] [Thread-6/INFO] (Minecraft) OpenGL debug message: id=1282, source=API, type=ERROR, severity=HIGH, message='GL_INVALID_OPERATION error generated. No active program.'
[18:00:13] [Thread-6/INFO] (Minecraft) OpenGL debug message: id=1282, source=API, type=ERROR, severity=HIGH, message='GL_INVALID_OPERATION error generated. No active program.'
[18:00:13] [Thread-6/INFO] (Minecraft) OpenGL debug message: id=1282, source=API, type=ERROR, severity=HIGH, message='GL_INVALID_OPERATION error generated. No active program.'
[18:00:13] [Thread-6/INFO] (Minecraft) OpenGL debug message: id=1282, source=API, type=ERROR, severity=HIGH, message='GL_INVALID_OPERATION error generated. No active program.'
[18:00:13] [Thread-6/INFO] (Minecraft) OpenGL debug message: id=1282, source=API, type=ERROR, severity=HIGH, message='GL_INVALID_OPERATION error generated. No active program.'
[18:00:13] [Thread-6/INFO] (Minecraft) OpenGL debug message: id=1282, source=API, type=ERROR, severity=HIGH, message='GL_INVALID_OPERATION error generated. No active program.'
[18:00:13] [Thread-6/INFO] (Minecraft) OpenGL debug message: id=1282, source=API, type=ERROR, severity=HIGH, message='GL_INVALID_OPERATION error generated. No active program.'
[18:00:13] [Thread-6/INFO] (Minecraft) OpenGL debug message: id=1282, source=API, type=ERROR, severity=HIGH, message='GL_INVALID_OPERATION error generated. No active program.'
[18:00:13] [Thread-6/INFO] (Minecraft) OpenGL debug message: id=1282, source=API, type=ERROR, severity=HIGH, message='GL_INVALID_OPERATION error generated. No active program.'
[18:00:13] [Thread-6/INFO] (Minecraft) OpenGL debug message: id=1282, source=API, type=ERROR, severity=HIGH, message='GL_INVALID_OPERATION error generated. No active program.'
[18:00:14] [Thread-6/INFO] (Minecraft) OpenGL debug message: id=1282, source=API, type=ERROR, severity=HIGH, message='GL_INVALID_OPERATION error generated. No active program.'
[18:00:14] [Thread-6/INFO] (Minecraft) OpenGL debug message: id=1282, source=API, type=ERROR, severity=HIGH, message='GL_INVALID_OPERATION error generated. No active program.'
[18:00:14] [Thread-6/INFO] (Minecraft) OpenGL debug message: id=1282, source=API, type=ERROR, severity=HIGH, message='GL_INVALID_OPERATION error generated. No active program.'
[18:00:14] [Thread-6/INFO] (Minecraft) OpenGL debug message: id=1282, source=API, type=ERROR, severity=HIGH, message='GL_INVALID_OPERATION error generated. No active program.'
[18:00:14] [Thread-6/INFO] (Minecraft) OpenGL debug message: id=1282, source=API, type=ERROR, severity=HIGH, message='GL_INVALID_OPERATION error generated. No active program.'
[18:00:14] [Thread-6/INFO] (Minecraft) OpenGL debug message: id=1282, source=API, type=ERROR, severity=HIGH, message='GL_INVALID_OPERATION error generated. No active program.'
[18:00:14] [Thread-6/INFO] (Minecraft) OpenGL debug message: id=1282, source=API, type=ERROR, severity=HIGH, message='GL_INVALID_OPERATION error generated. No active program.'
[18:00:14] [Thread-6/INFO] (Minecraft) OpenGL debug message: id=1282, source=API, type=ERROR, severity=HIGH, message='GL_INVALID_OPERATION error generated. No active program.'
[18:00:14] [Thread-6/INFO] (Minecraft) OpenGL debug message: id=1282, source=API, type=ERROR, severity=HIGH, message='GL_INVALID_OPERATION error generated. No active program.'
[18:00:14] [Thread-6/INFO] (Minecraft) OpenGL debug message: id=1282, source=API, type=ERROR, severity=HIGH, message='GL_INVALID_OPERATION error generated. No active program.'
[18:00:15] [Thread-6/INFO] (Minecraft) OpenGL debug message: id=1282, source=API, type=ERROR, severity=HIGH, message='GL_INVALID_OPERATION error generated. No active program.'
[18:00:15] [Thread-6/INFO] (Minecraft) OpenGL debug message: id=1282, source=API, type=ERROR, severity=HIGH, message='GL_INVALID_OPERATION error generated. No active program.'
[18:00:15] [Thread-6/INFO] (Minecraft) OpenGL debug message: id=1282, source=API, type=ERROR, severity=HIGH, message='GL_INVALID_OPERATION error generated. No active program.'
[18:00:15] [Thread-6/INFO] (Minecraft) OpenGL debug message: id=1282, source=API, type=ERROR, severity=HIGH, message='GL_INVALID_OPERATION error generated. No active program.'
[18:00:15] [Thread-6/INFO] (Minecraft) OpenGL debug message: id=1282, source=API, type=ERROR, severity=HIGH, message='GL_INVALID_OPERATION error generated. No active program.'
[18:00:15] [Thread-6/INFO] (Minecraft) OpenGL debug message: id=1282, source=API, type=ERROR, severity=HIGH, message='GL_INVALID_OPERATION error generated. No active program.'
[18:00:15] [Thread-6/INFO] (Minecraft) OpenGL debug message: id=1282, source=API, type=ERROR, severity=HIGH, message='GL_INVALID_OPERATION error generated. No active program.'
[18:00:15] [Thread-6/INFO] (Minecraft) OpenGL debug message: id=1282, source=API, type=ERROR, severity=HIGH, message='GL_INVALID_OPERATION error generated. No active program.'
[18:00:15] [Thread-6/INFO] (Minecraft) OpenGL debug message: id=1282, source=API, type=ERROR, severity=HIGH, message='GL_INVALID_OPERATION error generated. No active program.'
[18:00:15] [Thread-6/INFO] (Minecraft) OpenGL debug message: id=1282, source=API, type=ERROR, severity=HIGH, message='GL_INVALID_OPERATION error generated. No active program.'
[18:00:16] [Thread-6/INFO] (Minecraft) OpenGL debug message: id=1282, source=API, type=ERROR, severity=HIGH, message='GL_INVALID_OPERATION error generated. No active program.'
[18:00:16] [Thread-6/INFO] (Minecraft) OpenGL debug message: id=1282, source=API, type=ERROR, severity=HIGH, message='GL_INVALID_OPERATION error generated. No active program.'
[18:00:16] [Thread-6/INFO] (Minecraft) OpenGL debug message: id=1282, source=API, type=ERROR, severity=HIGH, message='GL_INVALID_OPERATION error generated. No active program.'
[18:00:16] [Thread-6/INFO] (Minecraft) OpenGL debug message: id=1282, source=API, type=ERROR, severity=HIGH, message='GL_INVALID_OPERATION error generated. No active program.'
[18:00:16] [Thread-6/INFO] (Minecraft) OpenGL debug message: id=1282, source=API, type=ERROR, severity=HIGH, message='GL_INVALID_OPERATION error generated. No active program.'
[18:00:16] [Thread-6/INFO] (Minecraft) OpenGL debug message: id=1282, source=API, type=ERROR, severity=HIGH, message='GL_INVALID_OPERATION error generated. No active program.'
[18:00:16] [Thread-6/INFO] (Minecraft) OpenGL debug message: id=1282, source=API, type=ERROR, severity=HIGH, message='GL_INVALID_OPERATION error generated. No active program.'
[18:00:16] [Thread-6/INFO] (Minecraft) OpenGL debug message: id=1282, source=API, type=ERROR, severity=HIGH, message='GL_INVALID_OPERATION error generated. No active program.'
[18:00:16] [Thread-6/INFO] (Minecraft) OpenGL debug message: id=1282, source=API, type=ERROR, severity=HIGH, message='GL_INVALID_OPERATION error generated. No active program.'
[18:00:16] [Thread-6/INFO] (Minecraft) OpenGL debug message: id=1282, source=API, type=ERROR, severity=HIGH, message='GL_INVALID_OPERATION error generated. No active program.'
[18:00:17] [Thread-6/INFO] (Minecraft) OpenGL debug message: id=1282, source=API, type=ERROR, severity=HIGH, message='GL_INVALID_OPERATION error generated. No active program.'
[18:00:17] [Thread-6/INFO] (Minecraft) OpenGL debug message: id=1282, source=API, type=ERROR, severity=HIGH, message='GL_INVALID_OPERATION error generated. No active program.'
[18:00:17] [Thread-6/INFO] (Minecraft) OpenGL debug message: id=1282, source=API, type=ERROR, severity=HIGH, message='GL_INVALID_OPERATION error generated. No active program.'
[18:00:17] [Thread-6/INFO] (Minecraft) OpenGL debug message: id=1282, source=API, type=ERROR, severity=HIGH, message='GL_INVALID_OPERATION error generated. No active program.'
[18:00:17] [Thread-6/INFO] (Minecraft) OpenGL debug message: id=1282, source=API, type=ERROR, severity=HIGH, message='GL_INVALID_OPERATION error generated. No active program.'
[18:00:17] [Thread-6/INFO] (Minecraft) OpenGL debug message: id=1282, source=API, type=ERROR, severity=HIGH, message='GL_INVALID_OPERATION error generated. No active program.'
[18:00:17] [Thread-6/INFO] (Minecraft) OpenGL debug message: id=1282, source=API, type=ERROR, severity=HIGH, message='GL_INVALID_OPERATION error generated. No active program.'
[18:00:17] [Thread-6/INFO] (Minecraft) OpenGL debug message: id=1282, source=API, type=ERROR, severity=HIGH, message='GL_INVALID_OPERATION error generated. No active program.'
[18:00:17] [Thread-6/INFO] (Minecraft) OpenGL debug message: id=1282, source=API, type=ERROR, severity=HIGH, message='GL_INVALID_OPERATION error generated. No active program.'
[18:00:17] [Thread-6/INFO] (Minecraft) OpenGL debug message: id=1282, source=API, type=ERROR, severity=HIGH, message='GL_INVALID_OPERATION error generated. No active program.'
[18:00:18] [Thread-6/INFO] (Minecraft) OpenGL debug message: id=1282, source=API, type=ERROR, severity=HIGH, message='GL_INVALID_OPERATION error generated. No active program.'
[18:00:18] [Thread-6/INFO] (Minecraft) OpenGL debug message: id=1282, source=API, type=ERROR, severity=HIGH, message='GL_INVALID_OPERATION error generated. No active program.'
[18:00:18] [Thread-6/INFO] (Minecraft) OpenGL debug message: id=1282, source=API, type=ERROR, severity=HIGH, message='GL_INVALID_OPERATION error generated. No active program.'
[18:00:18] [Thread-6/INFO] (Minecraft) OpenGL debug message: id=1282, source=API, type=ERROR, severity=HIGH, message='GL_INVALID_OPERATION error generated. No active program.'
[18:00:18] [Thread-6/INFO] (Minecraft) OpenGL debug message: id=1282, source=API, type=ERROR, severity=HIGH, message='GL_INVALID_OPERATION error generated. No active program.'
[18:00:18] [Thread-6/INFO] (Minecraft) OpenGL debug message: id=1282, source=API, type=ERROR, severity=HIGH, message='GL_INVALID_OPERATION error generated. No active program.'
[18:00:18] [Thread-6/INFO] (Minecraft) OpenGL debug message: id=1282, source=API, type=ERROR, severity=HIGH, message='GL_INVALID_OPERATION error generated. No active program.'
[18:00:18] [Thread-6/INFO] (Minecraft) OpenGL debug message: id=1282, source=API, type=ERROR, severity=HIGH, message='GL_INVALID_OPERATION error generated. No active program.'
[18:00:18] [Thread-6/INFO] (Minecraft) OpenGL debug message: id=1282, source=API, type=ERROR, severity=HIGH, message='GL_INVALID_OPERATION error generated. No active program.'
[18:00:18] [Thread-6/INFO] (Minecraft) OpenGL debug message: id=1282, source=API, type=ERROR, severity=HIGH, message='GL_INVALID_OPERATION error generated. No active program.'
[18:00:19] [Thread-6/INFO] (Minecraft) OpenGL debug message: id=1282, source=API, type=ERROR, severity=HIGH, message='GL_INVALID_OPERATION error generated. No active program.'
[18:00:19] [Thread-6/INFO] (Minecraft) OpenGL debug message: id=1282, source=API, type=ERROR, severity=HIGH, message='GL_INVALID_OPERATION error generated. No active program.'
[18:00:19] [Thread-6/INFO] (Minecraft) OpenGL debug message: id=1282, source=API, type=ERROR, severity=HIGH, message='GL_INVALID_OPERATION error generated. No active program.'
[18:00:19] [Thread-6/INFO] (Minecraft) OpenGL debug message: id=1282, source=API, type=ERROR, severity=HIGH, message='GL_INVALID_OPERATION error generated. No active program.'
[18:00:19] [Thread-6/INFO] (Minecraft) OpenGL debug message: id=1282, source=API, type=ERROR, severity=HIGH, message='GL_INVALID_OPERATION error generated. No active program.'
[18:00:19] [Thread-6/INFO] (Minecraft) OpenGL debug message: id=1282, source=API, type=ERROR, severity=HIGH, message='GL_INVALID_OPERATION error generated. No active program.'
[18:00:19] [Thread-6/INFO] (Minecraft) OpenGL debug message: id=1282, source=API, type=ERROR, severity=HIGH, message='GL_INVALID_OPERATION error generated. No active program.'
[18:00:19] [Thread-6/INFO] (Minecraft) OpenGL debug message: id=1282, source=API, type=ERROR, severity=HIGH, message='GL_INVALID_OPERATION error generated. No active program.'
[18:00:19] [Thread-6/INFO] (Minecraft) OpenGL debug message: id=1282, source=API, type=ERROR, severity=HIGH, message='GL_INVALID_OPERATION error generated. No active program.'
[18:00:19] [Thread-6/INFO] (Minecraft) OpenGL debug message: id=1282, source=API, type=ERROR, severity=HIGH, message='GL_INVALID_OPERATION error generated. No active program.'
[18:00:20] [Thread-6/INFO] (Minecraft) OpenGL debug message: id=1282, source=API, type=ERROR, severity=HIGH, message='GL_INVALID_OPERATION error generated. No active program.'
[18:00:20] [Thread-6/INFO] (Minecraft) OpenGL debug message: id=1282, source=API, type=ERROR, severity=HIGH, message='GL_INVALID_OPERATION error generated. No active program.'
[18:00:20] [Thread-6/INFO] (Minecraft) OpenGL debug message: id=1282, source=API, type=ERROR, severity=HIGH, message='GL_INVALID_OPERATION error generated. No active program.'
[18:00:20] [Thread-6/INFO] (Minecraft) OpenGL debug message: id=1282, source=API, type=ERROR, severity=HIGH, message='GL_INVALID_OPERATION error generated. No active program.'
[18:00:20] [Thread-6/INFO] (Minecraft) OpenGL debug message: id=1282, source=API, type=ERROR, severity=HIGH, message='GL_INVALID_OPERATION error generated. No active program.'
[18:00:20] [Thread-6/INFO] (Minecraft) OpenGL debug message: id=1282, source=API, type=ERROR, severity=HIGH, message='GL_INVALID_OPERATION error generated. No active program.'
[18:00:20] [Thread-6/INFO] (Minecraft) OpenGL debug message: id=1282, source=API, type=ERROR, severity=HIGH, message='GL_INVALID_OPERATION error generated. No active program.'
[18:00:20] [Thread-6/INFO] (Minecraft) OpenGL debug message: id=1282, source=API, type=ERROR, severity=HIGH, message='GL_INVALID_OPERATION error generated. No active program.'
[18:00:20] [Thread-6/INFO] (Minecraft) OpenGL debug message: id=1282, source=API, type=ERROR, severity=HIGH, message='GL_INVALID_OPERATION error generated. No active program.'
[18:00:20] [Thread-6/INFO] (Minecraft) OpenGL debug message: id=1282, source=API, type=ERROR, severity=HIGH, message='GL_INVALID_OPERATION error generated. No active program.'
[18:00:21] [Thread-6/INFO] (Minecraft) OpenGL debug message: id=1282, source=API, type=ERROR, severity=HIGH, message='GL_INVALID_OPERATION error generated. No active program.'
[18:00:21] [Thread-6/INFO] (Minecraft) OpenGL debug message: id=1282, source=API, type=ERROR, severity=HIGH, message='GL_INVALID_OPERATION error generated. No active program.'
[18:00:21] [Thread-6/INFO] (Minecraft) OpenGL debug message: id=1282, source=API, type=ERROR, severity=HIGH, message='GL_INVALID_OPERATION error generated. No active program.'
[18:00:21] [Thread-6/INFO] (Minecraft) OpenGL debug message: id=1282, source=API, type=ERROR, severity=HIGH, message='GL_INVALID_OPERATION error generated. No active program.'
[18:00:21] [Thread-6/INFO] (Minecraft) OpenGL debug message: id=1282, source=API, type=ERROR, severity=HIGH, message='GL_INVALID_OPERATION error generated. No active program.'
[18:00:21] [Thread-6/INFO] (Minecraft) OpenGL debug message: id=1282, source=API, type=ERROR, severity=HIGH, message='GL_INVALID_OPERATION error generated. No active program.'
[18:00:21] [Thread-6/INFO] (Minecraft) OpenGL debug message: id=1282, source=API, type=ERROR, severity=HIGH, message='GL_INVALID_OPERATION error generated. No active program.'
[18:00:21] [Render thread/INFO] (Minecraft) OpenGL debug message: id=1282, source=API, type=ERROR, severity=HIGH, message='GL_INVALID_OPERATION error generated. No active program.'
[18:00:21] [Render thread/INFO] (Minecraft) OpenGL debug message: id=1282, source=API, type=ERROR, severity=HIGH, message='GL_INVALID_OPERATION error generated. No active program.'
[18:00:21] [Render thread/INFO] (Minecraft) OpenGL debug message: id=1282, source=API, type=ERROR, severity=HIGH, message='GL_INVALID_OPERATION error generated. No active program.'
[18:00:22] [Render thread/INFO] (Minecraft) OpenGL debug message: id=1282, source=API, type=ERROR, severity=HIGH, message='GL_INVALID_OPERATION error generated. No active program.'
[18:00:22] [Render thread/INFO] (Minecraft) OpenGL debug message: id=1282, source=API, type=ERROR, severity=HIGH, message='GL_INVALID_OPERATION error generated. No active program.'
[18:00:22] [Render thread/INFO] (Minecraft) OpenGL debug message: id=1282, source=API, type=ERROR, severity=HIGH, message='GL_INVALID_OPERATION error generated. No active program.'
[18:00:22] [Render thread/INFO] (Minecraft) OpenGL debug message: id=1282, source=API, type=ERROR, severity=HIGH, message='GL_INVALID_OPERATION error generated. No active program.'
[18:00:22] [Render thread/INFO] (Minecraft) OpenGL debug message: id=1282, source=API, type=ERROR, severity=HIGH, message='GL_INVALID_OPERATION error generated. No active program.'
[18:00:22] [Render thread/INFO] (Minecraft) OpenGL debug message: id=1282, source=API, type=ERROR, severity=HIGH, message='GL_INVALID_OPERATION error generated. No active program.'
[18:00:22] [Render thread/INFO] (Minecraft) OpenGL debug message: id=1282, source=API, type=ERROR, severity=HIGH, message='GL_INVALID_OPERATION error generated. No active program.'
[18:00:22] [Render thread/INFO] (Minecraft) OpenGL debug message: id=1282, source=API, type=ERROR, severity=HIGH, message='GL_INVALID_OPERATION error generated. No active program.'
[18:00:22] [Render thread/INFO] (Minecraft) OpenGL debug message: id=1282, source=API, type=ERROR, severity=HIGH, message='GL_INVALID_OPERATION error generated. No active program.'
[18:00:22] [Render thread/INFO] (Minecraft) OpenGL debug message: id=1282, source=API, type=ERROR, severity=HIGH, message='GL_INVALID_OPERATION error generated. No active program.'
[18:00:23] [Render thread/INFO] (Minecraft) OpenGL debug message: id=1282, source=API, type=ERROR, severity=HIGH, message='GL_INVALID_OPERATION error generated. No active program.'
[18:00:23] [Render thread/INFO] (Minecraft) OpenGL debug message: id=1282, source=API, type=ERROR, severity=HIGH, message='GL_INVALID_OPERATION error generated. No active program.'
[18:00:23] [Render thread/INFO] (Minecraft) OpenGL debug message: id=1282, source=API, type=ERROR, severity=HIGH, message='GL_INVALID_OPERATION error generated. No active program.'
[18:00:23] [Render thread/INFO] (Minecraft) OpenGL debug message: id=1282, source=API, type=ERROR, severity=HIGH, message='GL_INVALID_OPERATION error generated. No active program.'
[18:00:23] [Render thread/INFO] (Minecraft) OpenGL debug message: id=1282, source=API, type=ERROR, severity=HIGH, message='GL_INVALID_OPERATION error generated. No active program.'
[18:00:23] [Render thread/INFO] (Minecraft) OpenGL debug message: id=1282, source=API, type=ERROR, severity=HIGH, message='GL_INVALID_OPERATION error generated. No active program.'
[18:00:23] [Render thread/INFO] (Minecraft) OpenGL debug message: id=1282, source=API, type=ERROR, severity=HIGH, message='GL_INVALID_OPERATION error generated. No active program.'
[18:00:23] [Render thread/INFO] (Minecraft) OpenGL debug message: id=1282, source=API, type=ERROR, severity=HIGH, message='GL_INVALID_OPERATION error generated. No active program.'
[18:00:23] [Render thread/INFO] (Minecraft) OpenGL debug message: id=1282, source=API, type=ERROR, severity=HIGH, message='GL_INVALID_OPERATION error generated. No active program.'
[18:00:23] [Render thread/INFO] (Minecraft) OpenGL debug message: id=1282, source=API, type=ERROR, severity=HIGH, message='GL_INVALID_OPERATION error generated. No active program.'
[18:00:24] [Render thread/INFO] (Minecraft) OpenGL debug message: id=1282, source=API, type=ERROR, severity=HIGH, message='GL_INVALID_OPERATION error generated. No active program.'
[18:00:24] [Render thread/INFO] (Minecraft) OpenGL debug message: id=1282, source=API, type=ERROR, severity=HIGH, message='GL_INVALID_OPERATION error generated. No active program.'
[18:00:24] [Render thread/INFO] (Minecraft) OpenGL debug message: id=1282, source=API, type=ERROR, severity=HIGH, message='GL_INVALID_OPERATION error generated. No active program.'
[18:00:24] [Render thread/INFO] (Minecraft) OpenGL debug message: id=1282, source=API, type=ERROR, severity=HIGH, message='GL_INVALID_OPERATION error generated. No active program.'
[18:00:24] [Render thread/INFO] (Minecraft) OpenGL debug message: id=1282, source=API, type=ERROR, severity=HIGH, message='GL_INVALID_OPERATION error generated. No active program.'
[18:00:24] [Render thread/INFO] (Minecraft) OpenGL debug message: id=1282, source=API, type=ERROR, severity=HIGH, message='GL_INVALID_OPERATION error generated. No active program.'
[18:00:24] [Render thread/INFO] (Minecraft) OpenGL debug message: id=1282, source=API, type=ERROR, severity=HIGH, message='GL_INVALID_OPERATION error generated. No active program.'
[18:00:24] [Render thread/INFO] (Minecraft) OpenGL debug message: id=1282, source=API, type=ERROR, severity=HIGH, message='GL_INVALID_OPERATION error generated. No active program.'
[18:00:24] [Render thread/INFO] (Minecraft) OpenGL debug message: id=1282, source=API, type=ERROR, severity=HIGH, message='GL_INVALID_OPERATION error generated. No active program.'
[18:00:24] [Render thread/INFO] (Minecraft) OpenGL debug message: id=1282, source=API, type=ERROR, severity=HIGH, message='GL_INVALID_OPERATION error generated. No active program.'
[18:00:25] [Render thread/INFO] (Minecraft) OpenGL debug message: id=1282, source=API, type=ERROR, severity=HIGH, message='GL_INVALID_OPERATION error generated. No active program.'
[18:00:25] [Render thread/INFO] (Minecraft) OpenGL debug message: id=1282, source=API, type=ERROR, severity=HIGH, message='GL_INVALID_OPERATION error generated. No active program.'
[18:00:25] [Render thread/INFO] (Minecraft) OpenGL debug message: id=1282, source=API, type=ERROR, severity=HIGH, message='GL_INVALID_OPERATION error generated. No active program.'
[18:00:25] [Render thread/INFO] (Minecraft) OpenGL debug message: id=1282, source=API, type=ERROR, severity=HIGH, message='GL_INVALID_OPERATION error generated. No active program.'
[18:00:25] [Render thread/INFO] (Minecraft) OpenGL debug message: id=1282, source=API, type=ERROR, severity=HIGH, message='GL_INVALID_OPERATION error generated. No active program.'
[18:00:25] [Render thread/INFO] (Minecraft) OpenGL debug message: id=1282, source=API, type=ERROR, severity=HIGH, message='GL_INVALID_OPERATION error generated. No active program.'
[18:00:25] [Render thread/INFO] (Minecraft) OpenGL debug message: id=1282, source=API, type=ERROR, severity=HIGH, message='GL_INVALID_OPERATION error generated. No active program.'
[18:00:25] [Render thread/INFO] (Minecraft) OpenGL debug message: id=1282, source=API, type=ERROR, severity=HIGH, message='GL_INVALID_OPERATION error generated. No active program.'
[18:00:25] [Render thread/INFO] (Minecraft) OpenGL debug message: id=1282, source=API, type=ERROR, severity=HIGH, message='GL_INVALID_OPERATION error generated. No active program.'
[18:00:25] [Render thread/INFO] (Minecraft) OpenGL debug message: id=1282, source=API, type=ERROR, severity=HIGH, message='GL_INVALID_OPERATION error generated. No active program.'
[18:00:26] [Render thread/INFO] (Minecraft) OpenGL debug message: id=1282, source=API, type=ERROR, severity=HIGH, message='GL_INVALID_OPERATION error generated. No active program.'
[18:00:26] [Render thread/INFO] (Minecraft) OpenGL debug message: id=1282, source=API, type=ERROR, severity=HIGH, message='GL_INVALID_OPERATION error generated. No active program.'
[18:00:26] [Render thread/INFO] (Minecraft) OpenGL debug message: id=1282, source=API, type=ERROR, severity=HIGH, message='GL_INVALID_OPERATION error generated. No active program.'
[18:00:26] [Render thread/INFO] (Minecraft) OpenGL debug message: id=1282, source=API, type=ERROR, severity=HIGH, message='GL_INVALID_OPERATION error generated. No active program.'
[18:00:26] [Render thread/INFO] (Minecraft) OpenGL debug message: id=1282, source=API, type=ERROR, severity=HIGH, message='GL_INVALID_OPERATION error generated. No active program.'
[18:00:26] [Render thread/INFO] (Minecraft) OpenGL debug message: id=1282, source=API, type=ERROR, severity=HIGH, message='GL_INVALID_OPERATION error generated. No active program.'
[18:00:26] [Render thread/INFO] (Minecraft) OpenGL debug message: id=1282, source=API, type=ERROR, severity=HIGH, message='GL_INVALID_OPERATION error generated. No active program.'
[18:00:26] [Render thread/INFO] (Minecraft) OpenGL debug message: id=1282, source=API, type=ERROR, severity=HIGH, message='GL_INVALID_OPERATION error generated. No active program.'
[18:00:26] [Render thread/INFO] (Minecraft) OpenGL debug message: id=1282, source=API, type=ERROR, severity=HIGH, message='GL_INVALID_OPERATION error generated. No active program.'
[18:00:26] [Render thread/INFO] (Minecraft) OpenGL debug message: id=1282, source=API, type=ERROR, severity=HIGH, message='GL_INVALID_OPERATION error generated. No active program.'
[18:00:27] [Render thread/INFO] (Minecraft) OpenGL debug message: id=1282, source=API, type=ERROR, severity=HIGH, message='GL_INVALID_OPERATION error generated. No active program.'
[18:00:27] [Render thread/INFO] (Minecraft) OpenGL debug message: id=1282, source=API, type=ERROR, severity=HIGH, message='GL_INVALID_OPERATION error generated. No active program.'
[18:00:27] [Render thread/INFO] (Minecraft) OpenGL debug message: id=1282, source=API, type=ERROR, severity=HIGH, message='GL_INVALID_OPERATION error generated. No active program.'
[18:00:27] [Render thread/INFO] (Minecraft) OpenGL debug message: id=1282, source=API, type=ERROR, severity=HIGH, message='GL_INVALID_OPERATION error generated. No active program.'
[18:00:27] [Render thread/INFO] (Minecraft) OpenGL debug message: id=1282, source=API, type=ERROR, severity=HIGH, message='GL_INVALID_OPERATION error generated. No active program.'
[18:00:27] [Render thread/INFO] (Minecraft) OpenGL debug message: id=1282, source=API, type=ERROR, severity=HIGH, message='GL_INVALID_OPERATION error generated. No active program.'
[18:00:27] [Render thread/INFO] (Minecraft) OpenGL debug message: id=1282, source=API, type=ERROR, severity=HIGH, message='GL_INVALID_OPERATION error generated. No active program.'
[18:00:27] [Render thread/INFO] (Minecraft) OpenGL debug message: id=1282, source=API, type=ERROR, severity=HIGH, message='GL_INVALID_OPERATION error generated. No active program.'
[18:00:27] [Render thread/INFO] (Minecraft) OpenGL debug message: id=1282, source=API, type=ERROR, severity=HIGH, message='GL_INVALID_OPERATION error generated. No active program.'
[18:00:27] [Render thread/INFO] (Minecraft) OpenGL debug message: id=1282, source=API, type=ERROR, severity=HIGH, message='GL_INVALID_OPERATION error generated. No active program.'
[18:00:28] [Render thread/INFO] (Minecraft) OpenGL debug message: id=1282, source=API, type=ERROR, severity=HIGH, message='GL_INVALID_OPERATION error generated. No active program.'
[18:00:28] [Render thread/INFO] (Minecraft) OpenGL debug message: id=1282, source=API, type=ERROR, severity=HIGH, message='GL_INVALID_OPERATION error generated. No active program.'
[18:00:28] [Render thread/INFO] (Minecraft) OpenGL debug message: id=1282, source=API, type=ERROR, severity=HIGH, message='GL_INVALID_OPERATION error generated. No active program.'
[18:00:28] [Render thread/INFO] (Minecraft) OpenGL debug message: id=1282, source=API, type=ERROR, severity=HIGH, message='GL_INVALID_OPERATION error generated. No active program.'
[18:00:28] [Render thread/INFO] (Minecraft) OpenGL debug message: id=1282, source=API, type=ERROR, severity=HIGH, message='GL_INVALID_OPERATION error generated. No active program.'
[18:00:28] [Render thread/INFO] (Minecraft) OpenGL debug message: id=1282, source=API, type=ERROR, severity=HIGH, message='GL_INVALID_OPERATION error generated. No active program.'
[18:00:28] [Render thread/INFO] (Minecraft) OpenGL debug message: id=1282, source=API, type=ERROR, severity=HIGH, message='GL_INVALID_OPERATION error generated. No active program.'
[18:00:28] [Render thread/INFO] (Minecraft) OpenGL debug message: id=1282, source=API, type=ERROR, severity=HIGH, message='GL_INVALID_OPERATION error generated. No active program.'
[18:00:28] [Render thread/INFO] (Minecraft) OpenGL debug message: id=1282, source=API, type=ERROR, severity=HIGH, message='GL_INVALID_OPERATION error generated. No active program.'
[18:00:28] [Render thread/INFO] (Minecraft) OpenGL debug message: id=1282, source=API, type=ERROR, severity=HIGH, message='GL_INVALID_OPERATION error generated. No active program.'
[18:00:29] [Render thread/INFO] (Minecraft) OpenGL debug message: id=1282, source=API, type=ERROR, severity=HIGH, message='GL_INVALID_OPERATION error generated. No active program.'
[18:00:29] [Render thread/INFO] (Minecraft) OpenGL debug message: id=1282, source=API, type=ERROR, severity=HIGH, message='GL_INVALID_OPERATION error generated. No active program.'
[18:00:29] [Render thread/INFO] (Minecraft) OpenGL debug message: id=1282, source=API, type=ERROR, severity=HIGH, message='GL_INVALID_OPERATION error generated. No active program.'
[18:00:29] [Render thread/INFO] (Minecraft) OpenGL debug message: id=1282, source=API, type=ERROR, severity=HIGH, message='GL_INVALID_OPERATION error generated. No active program.'
[18:00:29] [Render thread/INFO] (Minecraft) OpenGL debug message: id=1282, source=API, type=ERROR, severity=HIGH, message='GL_INVALID_OPERATION error generated. No active program.'
[18:00:29] [Render thread/INFO] (Minecraft) OpenGL debug message: id=1282, source=API, type=ERROR, severity=HIGH, message='GL_INVALID_OPERATION error generated. No active program.'
[18:00:29] [Render thread/INFO] (Minecraft) OpenGL debug message: id=1282, source=API, type=ERROR, severity=HIGH, message='GL_INVALID_OPERATION error generated. No active program.'
[18:00:29] [Render thread/INFO] (Minecraft) OpenGL debug message: id=1282, source=API, type=ERROR, severity=HIGH, message='GL_INVALID_OPERATION error generated. No active program.'
[18:00:29] [Render thread/INFO] (Minecraft) OpenGL debug message: id=1282, source=API, type=ERROR, severity=HIGH, message='GL_INVALID_OPERATION error generated. No active program.'
[18:00:29] [Render thread/INFO] (Minecraft) OpenGL debug message: id=1282, source=API, type=ERROR, severity=HIGH, message='GL_INVALID_OPERATION error generated. No active program.'
[18:00:30] [Render thread/INFO] (Minecraft) OpenGL debug message: id=1282, source=API, type=ERROR, severity=HIGH, message='GL_INVALID_OPERATION error generated. No active program.'
[18:00:30] [Render thread/INFO] (Minecraft) OpenGL debug message: id=1282, source=API, type=ERROR, severity=HIGH, message='GL_INVALID_OPERATION error generated. No active program.'
[18:00:30] [Render thread/INFO] (Minecraft) OpenGL debug message: id=1282, source=API, type=ERROR, severity=HIGH, message='GL_INVALID_OPERATION error generated. No active program.'
[18:00:30] [Render thread/INFO] (Minecraft) OpenGL debug message: id=1282, source=API, type=ERROR, severity=HIGH, message='GL_INVALID_OPERATION error generated. No active program.'
[18:00:30] [Render thread/INFO] (Minecraft) OpenGL debug message: id=1282, source=API, type=ERROR, severity=HIGH, message='GL_INVALID_OPERATION error generated. No active program.'
[18:00:30] [Render thread/INFO] (Minecraft) OpenGL debug message: id=1282, source=API, type=ERROR, severity=HIGH, message='GL_INVALID_OPERATION error generated. No active program.'
[18:00:30] [Render thread/INFO] (Minecraft) OpenGL debug message: id=1282, source=API, type=ERROR, severity=HIGH, message='GL_INVALID_OPERATION error generated. No active program.'
[18:00:30] [Render thread/INFO] (Minecraft) OpenGL debug message: id=1282, source=API, type=ERROR, severity=HIGH, message='GL_INVALID_OPERATION error generated. No active program.'
[18:00:30] [Render thread/INFO] (Minecraft) OpenGL debug message: id=1282, source=API, type=ERROR, severity=HIGH, message='GL_INVALID_OPERATION error generated. No active program.'
[18:00:30] [Render thread/INFO] (Minecraft) OpenGL debug message: id=1282, source=API, type=ERROR, severity=HIGH, message='GL_INVALID_OPERATION error generated. No active program.'
[18:00:31] [Render thread/INFO] (Minecraft) OpenGL debug message: id=1282, source=API, type=ERROR, severity=HIGH, message='GL_INVALID_OPERATION error generated. No active program.'
[18:00:31] [Render thread/INFO] (Minecraft) OpenGL debug message: id=1282, source=API, type=ERROR, severity=HIGH, message='GL_INVALID_OPERATION error generated. No active program.'
[18:00:31] [Render thread/INFO] (Minecraft) OpenGL debug message: id=1282, source=API, type=ERROR, severity=HIGH, message='GL_INVALID_OPERATION error generated. No active program.'
[18:00:31] [Render thread/INFO] (Minecraft) OpenGL debug message: id=1282, source=API, type=ERROR, severity=HIGH, message='GL_INVALID_OPERATION error generated. No active program.'
[18:00:31] [Render thread/INFO] (Minecraft) OpenGL debug message: id=1282, source=API, type=ERROR, severity=HIGH, message='GL_INVALID_OPERATION error generated. No active program.'
[18:00:31] [Render thread/INFO] (Minecraft) OpenGL debug message: id=1282, source=API, type=ERROR, severity=HIGH, message='GL_INVALID_OPERATION error generated. No active program.'
[18:00:31] [Render thread/INFO] (Minecraft) OpenGL debug message: id=1282, source=API, type=ERROR, severity=HIGH, message='GL_INVALID_OPERATION error generated. No active program.'
[18:00:31] [Render thread/INFO] (Minecraft) OpenGL debug message: id=1282, source=API, type=ERROR, severity=HIGH, message='GL_INVALID_OPERATION error generated. No active program.'
[18:00:31] [Render thread/INFO] (Minecraft) OpenGL debug message: id=1282, source=API, type=ERROR, severity=HIGH, message='GL_INVALID_OPERATION error generated. No active program.'
[18:00:31] [Render thread/INFO] (Minecraft) OpenGL debug message: id=1282, source=API, type=ERROR, severity=HIGH, message='GL_INVALID_OPERATION error generated. No active program.'
[18:00:32] [Render thread/INFO] (Minecraft) OpenGL debug message: id=1282, source=API, type=ERROR, severity=HIGH, message='GL_INVALID_OPERATION error generated. No active program.'
[18:00:32] [Render thread/INFO] (Minecraft) OpenGL debug message: id=1282, source=API, type=ERROR, severity=HIGH, message='GL_INVALID_OPERATION error generated. No active program.'
[18:00:32] [Render thread/INFO] (Minecraft) OpenGL debug message: id=1282, source=API, type=ERROR, severity=HIGH, message='GL_INVALID_OPERATION error generated. No active program.'
[18:00:32] [Render thread/INFO] (Minecraft) OpenGL debug message: id=1282, source=API, type=ERROR, severity=HIGH, message='GL_INVALID_OPERATION error generated. No active program.'
[18:00:32] [Render thread/INFO] (Minecraft) OpenGL debug message: id=1282, source=API, type=ERROR, severity=HIGH, message='GL_INVALID_OPERATION error generated. No active program.'
[18:00:32] [Render thread/INFO] (Minecraft) OpenGL debug message: id=1282, source=API, type=ERROR, severity=HIGH, message='GL_INVALID_OPERATION error generated. No active program.'
[18:00:32] [Render thread/INFO] (Minecraft) OpenGL debug message: id=1282, source=API, type=ERROR, severity=HIGH, message='GL_INVALID_OPERATION error generated. No active program.'
[18:00:32] [Render thread/INFO] (Minecraft) OpenGL debug message: id=1282, source=API, type=ERROR, severity=HIGH, message='GL_INVALID_OPERATION error generated. No active program.'
[18:00:32] [Render thread/INFO] (Minecraft) OpenGL debug message: id=1282, source=API, type=ERROR, severity=HIGH, message='GL_INVALID_OPERATION error generated. No active program.'
[18:00:32] [Render thread/INFO] (Minecraft) OpenGL debug message: id=1282, source=API, type=ERROR, severity=HIGH, message='GL_INVALID_OPERATION error generated. No active program.'
[18:00:33] [Render thread/INFO] (Minecraft) OpenGL debug message: id=1282, source=API, type=ERROR, severity=HIGH, message='GL_INVALID_OPERATION error generated. No active program.'
[18:00:33] [Render thread/INFO] (Minecraft) OpenGL debug message: id=1282, source=API, type=ERROR, severity=HIGH, message='GL_INVALID_OPERATION error generated. No active program.'
[18:00:33] [Render thread/INFO] (Minecraft) OpenGL debug message: id=1282, source=API, type=ERROR, severity=HIGH, message='GL_INVALID_OPERATION error generated. No active program.'
[18:00:33] [Render thread/INFO] (Minecraft) OpenGL debug message: id=1282, source=API, type=ERROR, severity=HIGH, message='GL_INVALID_OPERATION error generated. No active program.'
[18:00:33] [Render thread/INFO] (Minecraft) OpenGL debug message: id=1282, source=API, type=ERROR, severity=HIGH, message='GL_INVALID_OPERATION error generated. No active program.'
[18:00:33] [Render thread/INFO] (Minecraft) OpenGL debug message: id=1282, source=API, type=ERROR, severity=HIGH, message='GL_INVALID_OPERATION error generated. No active program.'
[18:00:33] [Render thread/INFO] (Minecraft) OpenGL debug message: id=1282, source=API, type=ERROR, severity=HIGH, message='GL_INVALID_OPERATION error generated. No active program.'
[18:00:33] [Render thread/INFO] (Minecraft) OpenGL debug message: id=1282, source=API, type=ERROR, severity=HIGH, message='GL_INVALID_OPERATION error generated. No active program.'
[18:00:33] [Render thread/INFO] (Minecraft) OpenGL debug message: id=1282, source=API, type=ERROR, severity=HIGH, message='GL_INVALID_OPERATION error generated. No active program.'
[18:00:33] [Render thread/INFO] (Minecraft) OpenGL debug message: id=1282, source=API, type=ERROR, severity=HIGH, message='GL_INVALID_OPERATION error generated. No active program.'
[18:00:34] [Render thread/INFO] (Minecraft) OpenGL debug message: id=1282, source=API, type=ERROR, severity=HIGH, message='GL_INVALID_OPERATION error generated. No active program.'
[18:00:34] [Render thread/INFO] (Minecraft) OpenGL debug message: id=1282, source=API, type=ERROR, severity=HIGH, message='GL_INVALID_OPERATION error generated. No active program.'
[18:00:34] [Render thread/INFO] (Minecraft) OpenGL debug message: id=1282, source=API, type=ERROR, severity=HIGH, message='GL_INVALID_OPERATION error generated. No active program.'
[18:00:34] [Render thread/INFO] (Minecraft) OpenGL debug message: id=1282, source=API, type=ERROR, severity=HIGH, message='GL_INVALID_OPERATION error generated. No active program.'
[18:00:34] [Render thread/INFO] (Minecraft) OpenGL debug message: id=1282, source=API, type=ERROR, severity=HIGH, message='GL_INVALID_OPERATION error generated. No active program.'
[18:00:34] [Render thread/INFO] (Minecraft) OpenGL debug message: id=1282, source=API, type=ERROR, severity=HIGH, message='GL_INVALID_OPERATION error generated. No active program.'
[18:00:34] [Render thread/INFO] (Minecraft) OpenGL debug message: id=1282, source=API, type=ERROR, severity=HIGH, message='GL_INVALID_OPERATION error generated. No active program.'
[18:00:34] [Render thread/INFO] (Minecraft) OpenGL debug message: id=1282, source=API, type=ERROR, severity=HIGH, message='GL_INVALID_OPERATION error generated. No active program.'
[18:00:34] [Render thread/INFO] (Minecraft) OpenGL debug message: id=1282, source=API, type=ERROR, severity=HIGH, message='GL_INVALID_OPERATION error generated. No active program.'
[18:00:34] [Render thread/INFO] (Minecraft) OpenGL debug message: id=1282, source=API, type=ERROR, severity=HIGH, message='GL_INVALID_OPERATION error generated. No active program.'
[18:00:35] [Render thread/INFO] (Minecraft) OpenGL debug message: id=1282, source=API, type=ERROR, severity=HIGH, message='GL_INVALID_OPERATION error generated. No active program.'
[18:00:35] [Render thread/INFO] (Minecraft) OpenGL debug message: id=1282, source=API, type=ERROR, severity=HIGH, message='GL_INVALID_OPERATION error generated. No active program.'
[18:00:35] [Render thread/INFO] (Minecraft) OpenGL debug message: id=1282, source=API, type=ERROR, severity=HIGH, message='GL_INVALID_OPERATION error generated. No active program.'
[18:00:35] [Render thread/INFO] (Minecraft) OpenGL debug message: id=1282, source=API, type=ERROR, severity=HIGH, message='GL_INVALID_OPERATION error generated. No active program.'
[18:00:35] [Render thread/INFO] (Minecraft) OpenGL debug message: id=1282, source=API, type=ERROR, severity=HIGH, message='GL_INVALID_OPERATION error generated. No active program.'
[18:00:35] [Render thread/INFO] (Minecraft) OpenGL debug message: id=1282, source=API, type=ERROR, severity=HIGH, message='GL_INVALID_OPERATION error generated. No active program.'
[18:00:35] [Render thread/INFO] (Minecraft) OpenGL debug message: id=1282, source=API, type=ERROR, severity=HIGH, message='GL_INVALID_OPERATION error generated. No active program.'
[18:00:35] [Render thread/INFO] (Minecraft) OpenGL debug message: id=1282, source=API, type=ERROR, severity=HIGH, message='GL_INVALID_OPERATION error generated. No active program.'
[18:00:35] [Render thread/INFO] (Minecraft) OpenGL debug message: id=1282, source=API, type=ERROR, severity=HIGH, message='GL_INVALID_OPERATION error generated. No active program.'
[18:00:35] [Render thread/INFO] (Minecraft) OpenGL debug message: id=1282, source=API, type=ERROR, severity=HIGH, message='GL_INVALID_OPERATION error generated. No active program.'
[18:00:36] [Render thread/INFO] (Minecraft) OpenGL debug message: id=1282, source=API, type=ERROR, severity=HIGH, message='GL_INVALID_OPERATION error generated. No active program.'
[18:00:36] [Render thread/INFO] (Minecraft) OpenGL debug message: id=1282, source=API, type=ERROR, severity=HIGH, message='GL_INVALID_OPERATION error generated. No active program.'
[18:00:36] [Render thread/INFO] (Minecraft) OpenGL debug message: id=1282, source=API, type=ERROR, severity=HIGH, message='GL_INVALID_OPERATION error generated. No active program.'
[18:00:36] [Render thread/INFO] (Minecraft) OpenGL debug message: id=1282, source=API, type=ERROR, severity=HIGH, message='GL_INVALID_OPERATION error generated. No active program.'
[18:00:36] [Render thread/INFO] (Minecraft) OpenGL debug message: id=1282, source=API, type=ERROR, severity=HIGH, message='GL_INVALID_OPERATION error generated. No active program.'
[18:00:36] [Render thread/INFO] (Minecraft) OpenGL debug message: id=1282, source=API, type=ERROR, severity=HIGH, message='GL_INVALID_OPERATION error generated. No active program.'
[18:00:36] [Render thread/INFO] (Minecraft) OpenGL debug message: id=1282, source=API, type=ERROR, severity=HIGH, message='GL_INVALID_OPERATION error generated. No active program.'
[18:00:36] [Render thread/INFO] (Minecraft) OpenGL debug message: id=1282, source=API, type=ERROR, severity=HIGH, message='GL_INVALID_OPERATION error generated. No active program.'
[18:00:36] [Render thread/INFO] (Minecraft) OpenGL debug message: id=1282, source=API, type=ERROR, severity=HIGH, message='GL_INVALID_OPERATION error generated. No active program.'
[18:00:36] [Render thread/INFO] (Minecraft) OpenGL debug message: id=1282, source=API, type=ERROR, severity=HIGH, message='GL_INVALID_OPERATION error generated. No active program.'
[18:00:37] [Render thread/INFO] (Minecraft) OpenGL debug message: id=1282, source=API, type=ERROR, severity=HIGH, message='GL_INVALID_OPERATION error generated. No active program.'
[18:00:37] [Render thread/INFO] (Minecraft) OpenGL debug message: id=1282, source=API, type=ERROR, severity=HIGH, message='GL_INVALID_OPERATION error generated. No active program.'
[18:00:37] [Render thread/INFO] (Minecraft) OpenGL debug message: id=1282, source=API, type=ERROR, severity=HIGH, message='GL_INVALID_OPERATION error generated. No active program.'
[18:00:37] [Render thread/INFO] (Minecraft) OpenGL debug message: id=1282, source=API, type=ERROR, severity=HIGH, message='GL_INVALID_OPERATION error generated. No active program.'
[18:00:37] [Render thread/INFO] (Minecraft) OpenGL debug message: id=1282, source=API, type=ERROR, severity=HIGH, message='GL_INVALID_OPERATION error generated. No active program.'
[18:00:37] [Render thread/INFO] (Minecraft) OpenGL debug message: id=1282, source=API, type=ERROR, severity=HIGH, message='GL_INVALID_OPERATION error generated. No active program.'
[18:00:37] [Render thread/INFO] (Minecraft) OpenGL debug message: id=1282, source=API, type=ERROR, severity=HIGH, message='GL_INVALID_OPERATION error generated. No active program.'
[18:00:37] [Render thread/INFO] (Minecraft) OpenGL debug message: id=1282, source=API, type=ERROR, severity=HIGH, message='GL_INVALID_OPERATION error generated. No active program.'
[18:00:37] [Render thread/INFO] (Minecraft) OpenGL debug message: id=1282, source=API, type=ERROR, severity=HIGH, message='GL_INVALID_OPERATION error generated. No active program.'
[18:00:37] [Render thread/INFO] (Minecraft) OpenGL debug message: id=1282, source=API, type=ERROR, severity=HIGH, message='GL_INVALID_OPERATION error generated. No active program.'
[18:00:38] [Render thread/INFO] (Minecraft) OpenGL debug message: id=1282, source=API, type=ERROR, severity=HIGH, message='GL_INVALID_OPERATION error generated. No active program.'
[18:00:38] [Render thread/INFO] (Minecraft) OpenGL debug message: id=1282, source=API, type=ERROR, severity=HIGH, message='GL_INVALID_OPERATION error generated. No active program.'
[18:00:38] [Render thread/INFO] (Minecraft) OpenGL debug message: id=1282, source=API, type=ERROR, severity=HIGH, message='GL_INVALID_OPERATION error generated. No active program.'
[18:00:38] [Render thread/INFO] (Minecraft) OpenGL debug message: id=1282, source=API, type=ERROR, severity=HIGH, message='GL_INVALID_OPERATION error generated. No active program.'
[18:00:38] [Render thread/INFO] (Minecraft) OpenGL debug message: id=1282, source=API, type=ERROR, severity=HIGH, message='GL_INVALID_OPERATION error generated. No active program.'
[18:00:38] [Render thread/INFO] (Minecraft) OpenGL debug message: id=1282, source=API, type=ERROR, severity=HIGH, message='GL_INVALID_OPERATION error generated. No active program.'
[18:00:38] [Render thread/INFO] (Minecraft) OpenGL debug message: id=1282, source=API, type=ERROR, severity=HIGH, message='GL_INVALID_OPERATION error generated. No active program.'
[18:00:38] [Render thread/INFO] (Minecraft) OpenGL debug message: id=1282, source=API, type=ERROR, severity=HIGH, message='GL_INVALID_OPERATION error generated. No active program.'
[18:00:38] [Render thread/INFO] (Minecraft) OpenGL debug message: id=1282, source=API, type=ERROR, severity=HIGH, message='GL_INVALID_OPERATION error generated. No active program.'
[18:00:38] [Render thread/INFO] (Minecraft) OpenGL debug message: id=1282, source=API, type=ERROR, severity=HIGH, message='GL_INVALID_OPERATION error generated. No active program.'
[18:00:39] [Render thread/INFO] (Minecraft) OpenGL debug message: id=1282, source=API, type=ERROR, severity=HIGH, message='GL_INVALID_OPERATION error generated. No active program.'
[18:00:39] [Render thread/INFO] (Minecraft) OpenGL debug message: id=1282, source=API, type=ERROR, severity=HIGH, message='GL_INVALID_OPERATION error generated. No active program.'
[18:00:39] [Render thread/INFO] (Minecraft) OpenGL debug message: id=1282, source=API, type=ERROR, severity=HIGH, message='GL_INVALID_OPERATION error generated. No active program.'
[18:00:39] [Render thread/INFO] (Minecraft) OpenGL debug message: id=1282, source=API, type=ERROR, severity=HIGH, message='GL_INVALID_OPERATION error generated. No active program.'
[18:00:39] [Render thread/INFO] (Minecraft) OpenGL debug message: id=1282, source=API, type=ERROR, severity=HIGH, message='GL_INVALID_OPERATION error generated. No active program.'
[18:00:39] [Render thread/INFO] (Minecraft) OpenGL debug message: id=1282, source=API, type=ERROR, severity=HIGH, message='GL_INVALID_OPERATION error generated. No active program.'
[18:00:39] [Render thread/INFO] (Minecraft) OpenGL debug message: id=1282, source=API, type=ERROR, severity=HIGH, message='GL_INVALID_OPERATION error generated. No active program.'
[18:00:39] [Render thread/INFO] (Minecraft) OpenGL debug message: id=1282, source=API, type=ERROR, severity=HIGH, message='GL_INVALID_OPERATION error generated. No active program.'
[18:00:39] [Render thread/INFO] (Minecraft) OpenGL debug message: id=1282, source=API, type=ERROR, severity=HIGH, message='GL_INVALID_OPERATION error generated. No active program.'
[18:00:39] [Render thread/INFO] (Minecraft) OpenGL debug message: id=1282, source=API, type=ERROR, severity=HIGH, message='GL_INVALID_OPERATION error generated. No active program.'
[18:00:40] [Render thread/INFO] (Minecraft) OpenGL debug message: id=1282, source=API, type=ERROR, severity=HIGH, message='GL_INVALID_OPERATION error generated. No active program.'
[18:00:40] [Render thread/INFO] (Minecraft) OpenGL debug message: id=1282, source=API, type=ERROR, severity=HIGH, message='GL_INVALID_OPERATION error generated. No active program.'
[18:00:40] [Render thread/INFO] (Minecraft) OpenGL debug message: id=1282, source=API, type=ERROR, severity=HIGH, message='GL_INVALID_OPERATION error generated. No active program.'
[18:00:40] [Render thread/INFO] (Minecraft) OpenGL debug message: id=1282, source=API, type=ERROR, severity=HIGH, message='GL_INVALID_OPERATION error generated. No active program.'
[18:00:40] [Render thread/INFO] (Minecraft) OpenGL debug message: id=1282, source=API, type=ERROR, severity=HIGH, message='GL_INVALID_OPERATION error generated. No active program.'
[18:00:40] [Render thread/INFO] (Minecraft) OpenGL debug message: id=1282, source=API, type=ERROR, severity=HIGH, message='GL_INVALID_OPERATION error generated. No active program.'
[18:00:40] [Render thread/INFO] (Minecraft) OpenGL debug message: id=1282, source=API, type=ERROR, severity=HIGH, message='GL_INVALID_OPERATION error generated. No active program.'
[18:00:40] [Render thread/INFO] (Minecraft) OpenGL debug message: id=1282, source=API, type=ERROR, severity=HIGH, message='GL_INVALID_OPERATION error generated. No active program.'
[18:00:40] [Render thread/INFO] (Minecraft) OpenGL debug message: id=1282, source=API, type=ERROR, severity=HIGH, message='GL_INVALID_OPERATION error generated. No active program.'
[18:00:40] [Render thread/INFO] (Minecraft) OpenGL debug message: id=1282, source=API, type=ERROR, severity=HIGH, message='GL_INVALID_OPERATION error generated. No active program.'
[18:00:41] [Render thread/INFO] (Minecraft) OpenGL debug message: id=1282, source=API, type=ERROR, severity=HIGH, message='GL_INVALID_OPERATION error generated. No active program.'
[18:00:41] [Render thread/INFO] (Minecraft) OpenGL debug message: id=1282, source=API, type=ERROR, severity=HIGH, message='GL_INVALID_OPERATION error generated. No active program.'
[18:00:41] [Render thread/INFO] (Minecraft) OpenGL debug message: id=1282, source=API, type=ERROR, severity=HIGH, message='GL_INVALID_OPERATION error generated. No active program.'
[18:00:41] [Render thread/INFO] (Minecraft) OpenGL debug message: id=1282, source=API, type=ERROR, severity=HIGH, message='GL_INVALID_OPERATION error generated. No active program.'
[18:00:41] [Render thread/INFO] (Minecraft) OpenGL debug message: id=1282, source=API, type=ERROR, severity=HIGH, message='GL_INVALID_OPERATION error generated. No active program.'
[18:00:41] [Render thread/INFO] (Minecraft) OpenGL debug message: id=1282, source=API, type=ERROR, severity=HIGH, message='GL_INVALID_OPERATION error generated. No active program.'
[18:00:41] [Render thread/INFO] (Minecraft) OpenGL debug message: id=1282, source=API, type=ERROR, severity=HIGH, message='GL_INVALID_OPERATION error generated. No active program.'
[18:00:41] [Render thread/INFO] (Minecraft) OpenGL debug message: id=1282, source=API, type=ERROR, severity=HIGH, message='GL_INVALID_OPERATION error generated. No active program.'
[18:00:41] [Render thread/INFO] (Minecraft) OpenGL debug message: id=1282, source=API, type=ERROR, severity=HIGH, message='GL_INVALID_OPERATION error generated. No active program.'
[18:00:41] [Render thread/INFO] (Minecraft) OpenGL debug message: id=1282, source=API, type=ERROR, severity=HIGH, message='GL_INVALID_OPERATION error generated. No active program.'
[18:00:42] [Render thread/INFO] (Minecraft) OpenGL debug message: id=1282, source=API, type=ERROR, severity=HIGH, message='GL_INVALID_OPERATION error generated. No active program.'
[18:00:42] [Render thread/INFO] (Minecraft) OpenGL debug message: id=1282, source=API, type=ERROR, severity=HIGH, message='GL_INVALID_OPERATION error generated. No active program.'
[18:00:42] [Render thread/INFO] (Minecraft) OpenGL debug message: id=1282, source=API, type=ERROR, severity=HIGH, message='GL_INVALID_OPERATION error generated. No active program.'
[18:00:42] [Render thread/INFO] (Minecraft) OpenGL debug message: id=1282, source=API, type=ERROR, severity=HIGH, message='GL_INVALID_OPERATION error generated. No active program.'
[18:00:42] [Render thread/INFO] (Minecraft) OpenGL debug message: id=1282, source=API, type=ERROR, severity=HIGH, message='GL_INVALID_OPERATION error generated. No active program.'
[18:00:42] [Render thread/INFO] (Minecraft) OpenGL debug message: id=1282, source=API, type=ERROR, severity=HIGH, message='GL_INVALID_OPERATION error generated. No active program.'
[18:00:42] [Render thread/INFO] (Minecraft) OpenGL debug message: id=1282, source=API, type=ERROR, severity=HIGH, message='GL_INVALID_OPERATION error generated. No active program.'
[18:00:42] [Render thread/INFO] (Minecraft) OpenGL debug message: id=1282, source=API, type=ERROR, severity=HIGH, message='GL_INVALID_OPERATION error generated. No active program.'
[18:00:42] [Render thread/INFO] (Minecraft) OpenGL debug message: id=1282, source=API, type=ERROR, severity=HIGH, message='GL_INVALID_OPERATION error generated. No active program.'
[18:00:42] [Render thread/INFO] (Minecraft) OpenGL debug message: id=1282, source=API, type=ERROR, severity=HIGH, message='GL_INVALID_OPERATION error generated. No active program.'
[18:00:43] [Render thread/INFO] (Minecraft) OpenGL debug message: id=1282, source=API, type=ERROR, severity=HIGH, message='GL_INVALID_OPERATION error generated. No active program.'
[18:00:43] [Render thread/INFO] (Minecraft) OpenGL debug message: id=1282, source=API, type=ERROR, severity=HIGH, message='GL_INVALID_OPERATION error generated. No active program.'
[18:00:43] [Render thread/INFO] (Minecraft) OpenGL debug message: id=1282, source=API, type=ERROR, severity=HIGH, message='GL_INVALID_OPERATION error generated. No active program.'
[18:00:43] [Render thread/INFO] (Minecraft) OpenGL debug message: id=1282, source=API, type=ERROR, severity=HIGH, message='GL_INVALID_OPERATION error generated. No active program.'
[18:00:43] [Render thread/INFO] (Minecraft) OpenGL debug message: id=1282, source=API, type=ERROR, severity=HIGH, message='GL_INVALID_OPERATION error generated. No active program.'
[18:00:43] [Render thread/INFO] (Minecraft) OpenGL debug message: id=1282, source=API, type=ERROR, severity=HIGH, message='GL_INVALID_OPERATION error generated. No active program.'
[18:00:43] [Render thread/INFO] (Minecraft) OpenGL debug message: id=1282, source=API, type=ERROR, severity=HIGH, message='GL_INVALID_OPERATION error generated. No active program.'
[18:00:43] [Render thread/INFO] (Minecraft) OpenGL debug message: id=1282, source=API, type=ERROR, severity=HIGH, message='GL_INVALID_OPERATION error generated. No active program.'
[18:00:43] [Render thread/INFO] (Minecraft) OpenGL debug message: id=1282, source=API, type=ERROR, severity=HIGH, message='GL_INVALID_OPERATION error generated. No active program.'
[18:00:43] [Render thread/INFO] (Minecraft) OpenGL debug message: id=1282, source=API, type=ERROR, severity=HIGH, message='GL_INVALID_OPERATION error generated. No active program.'
[18:00:44] [Render thread/INFO] (Minecraft) OpenGL debug message: id=1282, source=API, type=ERROR, severity=HIGH, message='GL_INVALID_OPERATION error generated. No active program.'
[18:00:44] [Render thread/INFO] (Minecraft) OpenGL debug message: id=1282, source=API, type=ERROR, severity=HIGH, message='GL_INVALID_OPERATION error generated. No active program.'
[18:00:44] [Render thread/INFO] (Minecraft) OpenGL debug message: id=1282, source=API, type=ERROR, severity=HIGH, message='GL_INVALID_OPERATION error generated. No active program.'
[18:00:44] [Render thread/INFO] (Minecraft) OpenGL debug message: id=1282, source=API, type=ERROR, severity=HIGH, message='GL_INVALID_OPERATION error generated. No active program.'
[18:00:44] [Render thread/INFO] (Minecraft) OpenGL debug message: id=1282, source=API, type=ERROR, severity=HIGH, message='GL_INVALID_OPERATION error generated. No active program.'
[18:00:44] [Render thread/INFO] (Minecraft) OpenGL debug message: id=1282, source=API, type=ERROR, severity=HIGH, message='GL_INVALID_OPERATION error generated. No active program.'
[18:00:44] [Render thread/INFO] (Minecraft) OpenGL debug message: id=1282, source=API, type=ERROR, severity=HIGH, message='GL_INVALID_OPERATION error generated. No active program.'
[18:00:44] [Render thread/INFO] (Minecraft) OpenGL debug message: id=1282, source=API, type=ERROR, severity=HIGH, message='GL_INVALID_OPERATION error generated. No active program.'
[18:00:44] [Render thread/INFO] (Minecraft) OpenGL debug message: id=1282, source=API, type=ERROR, severity=HIGH, message='GL_INVALID_OPERATION error generated. No active program.'
[18:00:44] [Render thread/INFO] (Minecraft) OpenGL debug message: id=1282, source=API, type=ERROR, severity=HIGH, message='GL_INVALID_OPERATION error generated. No active program.'
[18:00:45] [Render thread/INFO] (Minecraft) OpenGL debug message: id=1282, source=API, type=ERROR, severity=HIGH, message='GL_INVALID_OPERATION error generated. No active program.'
[18:00:45] [Render thread/INFO] (Minecraft) OpenGL debug message: id=1282, source=API, type=ERROR, severity=HIGH, message='GL_INVALID_OPERATION error generated. No active program.'
[18:00:45] [Render thread/INFO] (Minecraft) OpenGL debug message: id=1282, source=API, type=ERROR, severity=HIGH, message='GL_INVALID_OPERATION error generated. No active program.'
[18:00:45] [Render thread/INFO] (Minecraft) OpenGL debug message: id=1282, source=API, type=ERROR, severity=HIGH, message='GL_INVALID_OPERATION error generated. No active program.'
[18:00:45] [Render thread/INFO] (Minecraft) OpenGL debug message: id=1282, source=API, type=ERROR, severity=HIGH, message='GL_INVALID_OPERATION error generated. No active program.'
[18:00:45] [Render thread/INFO] (Minecraft) OpenGL debug message: id=1282, source=API, type=ERROR, severity=HIGH, message='GL_INVALID_OPERATION error generated. No active program.'
[18:00:45] [Render thread/INFO] (Minecraft) OpenGL debug message: id=1282, source=API, type=ERROR, severity=HIGH, message='GL_INVALID_OPERATION error generated. No active program.'
[18:00:45] [Render thread/INFO] (Minecraft) OpenGL debug message: id=1282, source=API, type=ERROR, severity=HIGH, message='GL_INVALID_OPERATION error generated. No active program.'
[18:00:45] [Render thread/INFO] (Minecraft) OpenGL debug message: id=1282, source=API, type=ERROR, severity=HIGH, message='GL_INVALID_OPERATION error generated. No active program.'
[18:00:45] [Render thread/INFO] (Minecraft) OpenGL debug message: id=1282, source=API, type=ERROR, severity=HIGH, message='GL_INVALID_OPERATION error generated. No active program.'
[18:00:46] [Render thread/INFO] (Minecraft) OpenGL debug message: id=1282, source=API, type=ERROR, severity=HIGH, message='GL_INVALID_OPERATION error generated. No active program.'
[18:00:46] [Render thread/INFO] (Minecraft) OpenGL debug message: id=1282, source=API, type=ERROR, severity=HIGH, message='GL_INVALID_OPERATION error generated. No active program.'
[18:00:46] [Render thread/INFO] (Minecraft) OpenGL debug message: id=1282, source=API, type=ERROR, severity=HIGH, message='GL_INVALID_OPERATION error generated. No active program.'
[18:00:46] [Render thread/INFO] (Minecraft) OpenGL debug message: id=1282, source=API, type=ERROR, severity=HIGH, message='GL_INVALID_OPERATION error generated. No active program.'
[18:00:46] [Render thread/INFO] (Minecraft) OpenGL debug message: id=1282, source=API, type=ERROR, severity=HIGH, message='GL_INVALID_OPERATION error generated. No active program.'
[18:00:46] [Render thread/INFO] (Minecraft) OpenGL debug message: id=1282, source=API, type=ERROR, severity=HIGH, message='GL_INVALID_OPERATION error generated. No active program.'
[18:00:46] [Render thread/INFO] (Minecraft) OpenGL debug message: id=1282, source=API, type=ERROR, severity=HIGH, message='GL_INVALID_OPERATION error generated. No active program.'
[18:00:46] [Render thread/INFO] (Minecraft) OpenGL debug message: id=1282, source=API, type=ERROR, severity=HIGH, message='GL_INVALID_OPERATION error generated. No active program.'
[18:00:46] [Render thread/INFO] (Minecraft) OpenGL debug message: id=1282, source=API, type=ERROR, severity=HIGH, message='GL_INVALID_OPERATION error generated. No active program.'
[18:00:46] [Render thread/INFO] (Minecraft) OpenGL debug message: id=1282, source=API, type=ERROR, severity=HIGH, message='GL_INVALID_OPERATION error generated. No active program.'
[18:00:47] [Render thread/INFO] (Minecraft) OpenGL debug message: id=1282, source=API, type=ERROR, severity=HIGH, message='GL_INVALID_OPERATION error generated. No active program.'
[18:00:47] [Render thread/INFO] (Minecraft) OpenGL debug message: id=1282, source=API, type=ERROR, severity=HIGH, message='GL_INVALID_OPERATION error generated. No active program.'
[18:00:47] [Render thread/INFO] (Minecraft) OpenGL debug message: id=1282, source=API, type=ERROR, severity=HIGH, message='GL_INVALID_OPERATION error generated. No active program.'
[18:00:47] [Render thread/INFO] (Minecraft) OpenGL debug message: id=1282, source=API, type=ERROR, severity=HIGH, message='GL_INVALID_OPERATION error generated. No active program.'
[18:00:47] [Render thread/INFO] (Minecraft) OpenGL debug message: id=1282, source=API, type=ERROR, severity=HIGH, message='GL_INVALID_OPERATION error generated. No active program.'
[18:00:47] [Render thread/INFO] (Minecraft) OpenGL debug message: id=1282, source=API, type=ERROR, severity=HIGH, message='GL_INVALID_OPERATION error generated. No active program.'
[18:00:47] [Render thread/INFO] (Minecraft) OpenGL debug message: id=1282, source=API, type=ERROR, severity=HIGH, message='GL_INVALID_OPERATION error generated. No active program.'
[18:00:47] [Render thread/INFO] (Minecraft) OpenGL debug message: id=1282, source=API, type=ERROR, severity=HIGH, message='GL_INVALID_OPERATION error generated. No active program.'
[18:00:47] [Render thread/INFO] (Minecraft) OpenGL debug message: id=1282, source=API, type=ERROR, severity=HIGH, message='GL_INVALID_OPERATION error generated. No active program.'
[18:00:47] [Render thread/INFO] (Minecraft) OpenGL debug message: id=1282, source=API, type=ERROR, severity=HIGH, message='GL_INVALID_OPERATION error generated. No active program.'
[18:00:48] [Render thread/INFO] (Minecraft) OpenGL debug message: id=1282, source=API, type=ERROR, severity=HIGH, message='GL_INVALID_OPERATION error generated. No active program.'
[18:00:48] [Render thread/INFO] (Minecraft) OpenGL debug message: id=1282, source=API, type=ERROR, severity=HIGH, message='GL_INVALID_OPERATION error generated. No active program.'
[18:00:48] [Render thread/INFO] (Minecraft) OpenGL debug message: id=1282, source=API, type=ERROR, severity=HIGH, message='GL_INVALID_OPERATION error generated. No active program.'
[18:00:48] [Render thread/INFO] (Minecraft) OpenGL debug message: id=1282, source=API, type=ERROR, severity=HIGH, message='GL_INVALID_OPERATION error generated. No active program.'
[18:00:48] [Render thread/INFO] (Minecraft) OpenGL debug message: id=1282, source=API, type=ERROR, severity=HIGH, message='GL_INVALID_OPERATION error generated. No active program.'
[18:00:48] [Render thread/INFO] (Minecraft) OpenGL debug message: id=1282, source=API, type=ERROR, severity=HIGH, message='GL_INVALID_OPERATION error generated. No active program.'
[18:00:48] [Render thread/INFO] (Minecraft) OpenGL debug message: id=1282, source=API, type=ERROR, severity=HIGH, message='GL_INVALID_OPERATION error generated. No active program.'
[18:00:48] [Render thread/INFO] (Minecraft) OpenGL debug message: id=1282, source=API, type=ERROR, severity=HIGH, message='GL_INVALID_OPERATION error generated. No active program.'
[18:00:48] [Render thread/INFO] (Minecraft) OpenGL debug message: id=1282, source=API, type=ERROR, severity=HIGH, message='GL_INVALID_OPERATION error generated. No active program.'
[18:00:48] [Render thread/INFO] (Minecraft) OpenGL debug message: id=1282, source=API, type=ERROR, severity=HIGH, message='GL_INVALID_OPERATION error generated. No active program.'
[18:00:49] [Render thread/INFO] (Minecraft) OpenGL debug message: id=1282, source=API, type=ERROR, severity=HIGH, message='GL_INVALID_OPERATION error generated. No active program.'
[18:00:49] [Render thread/INFO] (Minecraft) OpenGL debug message: id=1282, source=API, type=ERROR, severity=HIGH, message='GL_INVALID_OPERATION error generated. No active program.'
[18:00:49] [Render thread/INFO] (Minecraft) OpenGL debug message: id=1282, source=API, type=ERROR, severity=HIGH, message='GL_INVALID_OPERATION error generated. No active program.'
[18:00:49] [Render thread/INFO] (Minecraft) OpenGL debug message: id=1282, source=API, type=ERROR, severity=HIGH, message='GL_INVALID_OPERATION error generated. No active program.'
[18:00:49] [Render thread/INFO] (Minecraft) OpenGL debug message: id=1282, source=API, type=ERROR, severity=HIGH, message='GL_INVALID_OPERATION error generated. No active program.'
[18:00:49] [Render thread/INFO] (Minecraft) OpenGL debug message: id=1282, source=API, type=ERROR, severity=HIGH, message='GL_INVALID_OPERATION error generated. No active program.'
[18:00:49] [Render thread/INFO] (Minecraft) OpenGL debug message: id=1282, source=API, type=ERROR, severity=HIGH, message='GL_INVALID_OPERATION error generated. No active program.'
[18:00:49] [Render thread/INFO] (Minecraft) OpenGL debug message: id=1282, source=API, type=ERROR, severity=HIGH, message='GL_INVALID_OPERATION error generated. No active program.'
[18:00:49] [Render thread/INFO] (Minecraft) OpenGL debug message: id=1282, source=API, type=ERROR, severity=HIGH, message='GL_INVALID_OPERATION error generated. No active program.'
[18:00:49] [Render thread/INFO] (Minecraft) OpenGL debug message: id=1282, source=API, type=ERROR, severity=HIGH, message='GL_INVALID_OPERATION error generated. No active program.'
[18:00:50] [Render thread/INFO] (Minecraft) OpenGL debug message: id=1282, source=API, type=ERROR, severity=HIGH, message='GL_INVALID_OPERATION error generated. No active program.'
[18:00:50] [Render thread/INFO] (Minecraft) OpenGL debug message: id=1282, source=API, type=ERROR, severity=HIGH, message='GL_INVALID_OPERATION error generated. No active program.'
[18:00:50] [Render thread/INFO] (Minecraft) OpenGL debug message: id=1282, source=API, type=ERROR, severity=HIGH, message='GL_INVALID_OPERATION error generated. No active program.'
[18:00:50] [Render thread/INFO] (Minecraft) OpenGL debug message: id=1282, source=API, type=ERROR, severity=HIGH, message='GL_INVALID_OPERATION error generated. No active program.'
[18:00:50] [Render thread/INFO] (Minecraft) OpenGL debug message: id=1282, source=API, type=ERROR, severity=HIGH, message='GL_INVALID_OPERATION error generated. No active program.'
[18:00:50] [Render thread/INFO] (Minecraft) OpenGL debug message: id=1282, source=API, type=ERROR, severity=HIGH, message='GL_INVALID_OPERATION error generated. No active program.'
[18:00:50] [Render thread/INFO] (Minecraft) OpenGL debug message: id=1282, source=API, type=ERROR, severity=HIGH, message='GL_INVALID_OPERATION error generated. No active program.'
[18:00:50] [Render thread/INFO] (Minecraft) OpenGL debug message: id=1282, source=API, type=ERROR, severity=HIGH, message='GL_INVALID_OPERATION error generated. No active program.'
[18:00:50] [Render thread/INFO] (Minecraft) OpenGL debug message: id=1282, source=API, type=ERROR, severity=HIGH, message='GL_INVALID_OPERATION error generated. No active program.'
[18:00:50] [Render thread/INFO] (Minecraft) OpenGL debug message: id=1282, source=API, type=ERROR, severity=HIGH, message='GL_INVALID_OPERATION error generated. No active program.'
[18:00:51] [Render thread/INFO] (Minecraft) OpenGL debug message: id=1282, source=API, type=ERROR, severity=HIGH, message='GL_INVALID_OPERATION error generated. No active program.'
[18:00:51] [Render thread/INFO] (Minecraft) OpenGL debug message: id=1282, source=API, type=ERROR, severity=HIGH, message='GL_INVALID_OPERATION error generated. No active program.'
[18:00:51] [Render thread/INFO] (Minecraft) OpenGL debug message: id=1282, source=API, type=ERROR, severity=HIGH, message='GL_INVALID_OPERATION error generated. No active program.'
[18:00:51] [Render thread/INFO] (Minecraft) OpenGL debug message: id=1282, source=API, type=ERROR, severity=HIGH, message='GL_INVALID_OPERATION error generated. No active program.'
[18:00:51] [Render thread/INFO] (Minecraft) OpenGL debug message: id=1282, source=API, type=ERROR, severity=HIGH, message='GL_INVALID_OPERATION error generated. No active program.'
[18:00:51] [Render thread/INFO] (Minecraft) OpenGL debug message: id=1282, source=API, type=ERROR, severity=HIGH, message='GL_INVALID_OPERATION error generated. No active program.'
[18:00:51] [Render thread/INFO] (Minecraft) OpenGL debug message: id=1282, source=API, type=ERROR, severity=HIGH, message='GL_INVALID_OPERATION error generated. No active program.'
[18:00:51] [Render thread/INFO] (Minecraft) OpenGL debug message: id=1282, source=API, type=ERROR, severity=HIGH, message='GL_INVALID_OPERATION error generated. No active program.'
[18:00:51] [Render thread/INFO] (Minecraft) OpenGL debug message: id=1282, source=API, type=ERROR, severity=HIGH, message='GL_INVALID_OPERATION error generated. No active program.'
[18:00:51] [Render thread/INFO] (Minecraft) OpenGL debug message: id=1282, source=API, type=ERROR, severity=HIGH, message='GL_INVALID_OPERATION error generated. No active program.'
[18:00:52] [Render thread/INFO] (Minecraft) OpenGL debug message: id=1282, source=API, type=ERROR, severity=HIGH, message='GL_INVALID_OPERATION error generated. No active program.'
[18:00:52] [Render thread/INFO] (Minecraft) OpenGL debug message: id=1282, source=API, type=ERROR, severity=HIGH, message='GL_INVALID_OPERATION error generated. No active program.'
[18:00:52] [Render thread/INFO] (Minecraft) OpenGL debug message: id=1282, source=API, type=ERROR, severity=HIGH, message='GL_INVALID_OPERATION error generated. No active program.'
[18:00:52] [Render thread/INFO] (Minecraft) OpenGL debug message: id=1282, source=API, type=ERROR, severity=HIGH, message='GL_INVALID_OPERATION error generated. No active program.'
[18:00:52] [Render thread/INFO] (Minecraft) OpenGL debug message: id=1282, source=API, type=ERROR, severity=HIGH, message='GL_INVALID_OPERATION error generated. No active program.'
[18:00:52] [Render thread/INFO] (Minecraft) OpenGL debug message: id=1282, source=API, type=ERROR, severity=HIGH, message='GL_INVALID_OPERATION error generated. No active program.'
[18:00:52] [Render thread/INFO] (Minecraft) OpenGL debug message: id=1282, source=API, type=ERROR, severity=HIGH, message='GL_INVALID_OPERATION error generated. No active program.'
[18:00:52] [Render thread/INFO] (Minecraft) OpenGL debug message: id=1282, source=API, type=ERROR, severity=HIGH, message='GL_INVALID_OPERATION error generated. No active program.'
[18:00:52] [Render thread/INFO] (Minecraft) OpenGL debug message: id=1282, source=API, type=ERROR, severity=HIGH, message='GL_INVALID_OPERATION error generated. No active program.'
[18:00:52] [Render thread/INFO] (Minecraft) OpenGL debug message: id=1282, source=API, type=ERROR, severity=HIGH, message='GL_INVALID_OPERATION error generated. No active program.'
[18:00:53] [Render thread/INFO] (Minecraft) OpenGL debug message: id=1282, source=API, type=ERROR, severity=HIGH, message='GL_INVALID_OPERATION error generated. No active program.'
[18:00:53] [Render thread/INFO] (Minecraft) OpenGL debug message: id=1282, source=API, type=ERROR, severity=HIGH, message='GL_INVALID_OPERATION error generated. No active program.'
[18:00:53] [Render thread/INFO] (Minecraft) OpenGL debug message: id=1282, source=API, type=ERROR, severity=HIGH, message='GL_INVALID_OPERATION error generated. No active program.'
[18:00:53] [Render thread/INFO] (Minecraft) OpenGL debug message: id=1282, source=API, type=ERROR, severity=HIGH, message='GL_INVALID_OPERATION error generated. No active program.'
[18:00:53] [Render thread/INFO] (Minecraft) OpenGL debug message: id=1282, source=API, type=ERROR, severity=HIGH, message='GL_INVALID_OPERATION error generated. No active program.'
[18:00:53] [Render thread/INFO] (Minecraft) OpenGL debug message: id=1282, source=API, type=ERROR, severity=HIGH, message='GL_INVALID_OPERATION error generated. No active program.'
[18:00:53] [Render thread/INFO] (Minecraft) OpenGL debug message: id=1282, source=API, type=ERROR, severity=HIGH, message='GL_INVALID_OPERATION error generated. No active program.'
[18:00:53] [Render thread/INFO] (Minecraft) OpenGL debug message: id=1282, source=API, type=ERROR, severity=HIGH, message='GL_INVALID_OPERATION error generated. No active program.'
[18:00:53] [Render thread/INFO] (Minecraft) OpenGL debug message: id=1282, source=API, type=ERROR, severity=HIGH, message='GL_INVALID_OPERATION error generated. No active program.'
[18:00:53] [Render thread/INFO] (Minecraft) OpenGL debug message: id=1282, source=API, type=ERROR, severity=HIGH, message='GL_INVALID_OPERATION error generated. No active program.'
[18:00:54] [Render thread/INFO] (Minecraft) OpenGL debug message: id=1282, source=API, type=ERROR, severity=HIGH, message='GL_INVALID_OPERATION error generated. No active program.'
[18:00:54] [Render thread/INFO] (Minecraft) OpenGL debug message: id=1282, source=API, type=ERROR, severity=HIGH, message='GL_INVALID_OPERATION error generated. No active program.'
[18:00:54] [Render thread/INFO] (Minecraft) OpenGL debug message: id=1282, source=API, type=ERROR, severity=HIGH, message='GL_INVALID_OPERATION error generated. No active program.'
[18:00:54] [Render thread/INFO] (Minecraft) OpenGL debug message: id=1282, source=API, type=ERROR, severity=HIGH, message='GL_INVALID_OPERATION error generated. No active program.'
[18:00:54] [Render thread/INFO] (Minecraft) OpenGL debug message: id=1282, source=API, type=ERROR, severity=HIGH, message='GL_INVALID_OPERATION error generated. No active program.'
[18:00:54] [Render thread/INFO] (Minecraft) OpenGL debug message: id=1282, source=API, type=ERROR, severity=HIGH, message='GL_INVALID_OPERATION error generated. No active program.'
[18:00:54] [Render thread/INFO] (Minecraft) OpenGL debug message: id=1282, source=API, type=ERROR, severity=HIGH, message='GL_INVALID_OPERATION error generated. No active program.'
[18:00:54] [Render thread/INFO] (Minecraft) OpenGL debug message: id=1282, source=API, type=ERROR, severity=HIGH, message='GL_INVALID_OPERATION error generated. No active program.'
[18:00:54] [Render thread/INFO] (Minecraft) OpenGL debug message: id=1282, source=API, type=ERROR, severity=HIGH, message='GL_INVALID_OPERATION error generated. No active program.'
[18:00:54] [Render thread/INFO] (Minecraft) OpenGL debug message: id=1282, source=API, type=ERROR, severity=HIGH, message='GL_INVALID_OPERATION error generated. No active program.'
[18:00:55] [Render thread/INFO] (Minecraft) OpenGL debug message: id=1282, source=API, type=ERROR, severity=HIGH, message='GL_INVALID_OPERATION error generated. No active program.'
[18:00:55] [Render thread/INFO] (Minecraft) OpenGL debug message: id=1282, source=API, type=ERROR, severity=HIGH, message='GL_INVALID_OPERATION error generated. No active program.'
[18:00:55] [Render thread/INFO] (Minecraft) OpenGL debug message: id=1282, source=API, type=ERROR, severity=HIGH, message='GL_INVALID_OPERATION error generated. No active program.'
[18:00:55] [Render thread/INFO] (Minecraft) OpenGL debug message: id=1282, source=API, type=ERROR, severity=HIGH, message='GL_INVALID_OPERATION error generated. No active program.'
[18:00:55] [Render thread/INFO] (Minecraft) OpenGL debug message: id=1282, source=API, type=ERROR, severity=HIGH, message='GL_INVALID_OPERATION error generated. No active program.'
[18:00:55] [Render thread/INFO] (Minecraft) OpenGL debug message: id=1282, source=API, type=ERROR, severity=HIGH, message='GL_INVALID_OPERATION error generated. No active program.'
[18:00:55] [Render thread/INFO] (Minecraft) OpenGL debug message: id=1282, source=API, type=ERROR, severity=HIGH, message='GL_INVALID_OPERATION error generated. No active program.'
[18:00:55] [Render thread/INFO] (Minecraft) OpenGL debug message: id=1282, source=API, type=ERROR, severity=HIGH, message='GL_INVALID_OPERATION error generated. No active program.'
[18:00:55] [Render thread/INFO] (Minecraft) OpenGL debug message: id=1282, source=API, type=ERROR, severity=HIGH, message='GL_INVALID_OPERATION error generated. No active program.'
[18:00:55] [Render thread/INFO] (Minecraft) OpenGL debug message: id=1282, source=API, type=ERROR, severity=HIGH, message='GL_INVALID_OPERATION error generated. No active program.'
[18:00:56] [Render thread/INFO] (Minecraft) OpenGL debug message: id=1282, source=API, type=ERROR, severity=HIGH, message='GL_INVALID_OPERATION error generated. No active program.'
[18:00:56] [Render thread/INFO] (Minecraft) OpenGL debug message: id=1282, source=API, type=ERROR, severity=HIGH, message='GL_INVALID_OPERATION error generated. No active program.'
[18:00:56] [Render thread/INFO] (Minecraft) OpenGL debug message: id=1282, source=API, type=ERROR, severity=HIGH, message='GL_INVALID_OPERATION error generated. No active program.'
[18:00:56] [Render thread/INFO] (Minecraft) OpenGL debug message: id=1282, source=API, type=ERROR, severity=HIGH, message='GL_INVALID_OPERATION error generated. No active program.'
[18:00:56] [Render thread/INFO] (Minecraft) OpenGL debug message: id=1282, source=API, type=ERROR, severity=HIGH, message='GL_INVALID_OPERATION error generated. No active program.'
[18:00:56] [Render thread/INFO] (Minecraft) OpenGL debug message: id=1282, source=API, type=ERROR, severity=HIGH, message='GL_INVALID_OPERATION error generated. No active program.'
[18:00:56] [Render thread/INFO] (Minecraft) OpenGL debug message: id=1282, source=API, type=ERROR, severity=HIGH, message='GL_INVALID_OPERATION error generated. No active program.'
[18:00:56] [Render thread/INFO] (Minecraft) OpenGL debug message: id=1282, source=API, type=ERROR, severity=HIGH, message='GL_INVALID_OPERATION error generated. No active program.'
[18:00:56] [Render thread/INFO] (Minecraft) OpenGL debug message: id=1282, source=API, type=ERROR, severity=HIGH, message='GL_INVALID_OPERATION error generated. No active program.'
[18:00:56] [Render thread/INFO] (Minecraft) OpenGL debug message: id=1282, source=API, type=ERROR, severity=HIGH, message='GL_INVALID_OPERATION error generated. No active program.'
[18:00:57] [Render thread/INFO] (Minecraft) OpenGL debug message: id=1282, source=API, type=ERROR, severity=HIGH, message='GL_INVALID_OPERATION error generated. No active program.'
[18:00:57] [Render thread/INFO] (Minecraft) OpenGL debug message: id=1282, source=API, type=ERROR, severity=HIGH, message='GL_INVALID_OPERATION error generated. No active program.'
[18:00:57] [Render thread/INFO] (Minecraft) OpenGL debug message: id=1282, source=API, type=ERROR, severity=HIGH, message='GL_INVALID_OPERATION error generated. No active program.'
[18:00:57] [Render thread/INFO] (Minecraft) OpenGL debug message: id=1282, source=API, type=ERROR, severity=HIGH, message='GL_INVALID_OPERATION error generated. No active program.'
[18:00:57] [Render thread/INFO] (Minecraft) OpenGL debug message: id=1282, source=API, type=ERROR, severity=HIGH, message='GL_INVALID_OPERATION error generated. No active program.'
[18:00:57] [Render thread/INFO] (Minecraft) OpenGL debug message: id=1282, source=API, type=ERROR, severity=HIGH, message='GL_INVALID_OPERATION error generated. No active program.'
[18:00:57] [Render thread/INFO] (Minecraft) OpenGL debug message: id=1282, source=API, type=ERROR, severity=HIGH, message='GL_INVALID_OPERATION error generated. No active program.'
[18:00:57] [Render thread/INFO] (Minecraft) OpenGL debug message: id=1282, source=API, type=ERROR, severity=HIGH, message='GL_INVALID_OPERATION error generated. No active program.'
[18:00:57] [Render thread/INFO] (Minecraft) OpenGL debug message: id=1282, source=API, type=ERROR, severity=HIGH, message='GL_INVALID_OPERATION error generated. No active program.'
[18:00:57] [Render thread/INFO] (Minecraft) OpenGL debug message: id=1282, source=API, type=ERROR, severity=HIGH, message='GL_INVALID_OPERATION error generated. No active program.'
[18:00:58] [Render thread/INFO] (Minecraft) OpenGL debug message: id=1282, source=API, type=ERROR, severity=HIGH, message='GL_INVALID_OPERATION error generated. No active program.'
[18:00:58] [Render thread/INFO] (Minecraft) OpenGL debug message: id=1282, source=API, type=ERROR, severity=HIGH, message='GL_INVALID_OPERATION error generated. No active program.'
[18:00:58] [Render thread/INFO] (Minecraft) OpenGL debug message: id=1282, source=API, type=ERROR, severity=HIGH, message='GL_INVALID_OPERATION error generated. No active program.'
[18:00:58] [Render thread/INFO] (Minecraft) OpenGL debug message: id=1282, source=API, type=ERROR, severity=HIGH, message='GL_INVALID_OPERATION error generated. No active program.'
[18:00:58] [Render thread/INFO] (Minecraft) OpenGL debug message: id=1282, source=API, type=ERROR, severity=HIGH, message='GL_INVALID_OPERATION error generated. No active program.'
[18:00:58] [Render thread/INFO] (Minecraft) OpenGL debug message: id=1282, source=API, type=ERROR, severity=HIGH, message='GL_INVALID_OPERATION error generated. No active program.'
[18:00:58] [Render thread/INFO] (Minecraft) OpenGL debug message: id=1282, source=API, type=ERROR, severity=HIGH, message='GL_INVALID_OPERATION error generated. No active program.'
[18:00:58] [Render thread/INFO] (Minecraft) OpenGL debug message: id=1282, source=API, type=ERROR, severity=HIGH, message='GL_INVALID_OPERATION error generated. No active program.'
[18:00:58] [Render thread/INFO] (Minecraft) OpenGL debug message: id=1282, source=API, type=ERROR, severity=HIGH, message='GL_INVALID_OPERATION error generated. No active program.'
[18:00:58] [Render thread/INFO] (Minecraft) OpenGL debug message: id=1282, source=API, type=ERROR, severity=HIGH, message='GL_INVALID_OPERATION error generated. No active program.'
[18:00:59] [Render thread/INFO] (Minecraft) OpenGL debug message: id=1282, source=API, type=ERROR, severity=HIGH, message='GL_INVALID_OPERATION error generated. No active program.'
[18:00:59] [Render thread/INFO] (Minecraft) OpenGL debug message: id=1282, source=API, type=ERROR, severity=HIGH, message='GL_INVALID_OPERATION error generated. No active program.'
[18:00:59] [Render thread/INFO] (Minecraft) OpenGL debug message: id=1282, source=API, type=ERROR, severity=HIGH, message='GL_INVALID_OPERATION error generated. No active program.'
[18:00:59] [Render thread/INFO] (Minecraft) OpenGL debug message: id=1282, source=API, type=ERROR, severity=HIGH, message='GL_INVALID_OPERATION error generated. No active program.'
[18:00:59] [Render thread/INFO] (Minecraft) OpenGL debug message: id=1282, source=API, type=ERROR, severity=HIGH, message='GL_INVALID_OPERATION error generated. No active program.'
[18:00:59] [Render thread/INFO] (Minecraft) OpenGL debug message: id=1282, source=API, type=ERROR, severity=HIGH, message='GL_INVALID_OPERATION error generated. No active program.'
[18:00:59] [Render thread/INFO] (Minecraft) OpenGL debug message: id=1282, source=API, type=ERROR, severity=HIGH, message='GL_INVALID_OPERATION error generated. No active program.'
[18:00:59] [Render thread/INFO] (Minecraft) OpenGL debug message: id=1282, source=API, type=ERROR, severity=HIGH, message='GL_INVALID_OPERATION error generated. No active program.'
[18:00:59] [Render thread/INFO] (Minecraft) OpenGL debug message: id=1282, source=API, type=ERROR, severity=HIGH, message='GL_INVALID_OPERATION error generated. No active program.'
[18:00:59] [Render thread/INFO] (Minecraft) OpenGL debug message: id=1282, source=API, type=ERROR, severity=HIGH, message='GL_INVALID_OPERATION error generated. No active program.'
[18:01:00] [Render thread/INFO] (Minecraft) OpenGL debug message: id=1282, source=API, type=ERROR, severity=HIGH, message='GL_INVALID_OPERATION error generated. No active program.'
[18:01:00] [Render thread/INFO] (Minecraft) OpenGL debug message: id=1282, source=API, type=ERROR, severity=HIGH, message='GL_INVALID_OPERATION error generated. No active program.'
[18:01:00] [Render thread/INFO] (Minecraft) OpenGL debug message: id=1282, source=API, type=ERROR, severity=HIGH, message='GL_INVALID_OPERATION error generated. No active program.'
[18:01:00] [Render thread/INFO] (Minecraft) OpenGL debug message: id=1282, source=API, type=ERROR, severity=HIGH, message='GL_INVALID_OPERATION error generated. No active program.'
[18:01:00] [Render thread/INFO] (Minecraft) OpenGL debug message: id=1282, source=API, type=ERROR, severity=HIGH, message='GL_INVALID_OPERATION error generated. No active program.'
[18:01:00] [Render thread/INFO] (Minecraft) OpenGL debug message: id=1282, source=API, type=ERROR, severity=HIGH, message='GL_INVALID_OPERATION error generated. No active program.'
[18:01:00] [Render thread/INFO] (Minecraft) OpenGL debug message: id=1282, source=API, type=ERROR, severity=HIGH, message='GL_INVALID_OPERATION error generated. No active program.'
[18:01:00] [Render thread/INFO] (Minecraft) OpenGL debug message: id=1282, source=API, type=ERROR, severity=HIGH, message='GL_INVALID_OPERATION error generated. No active program.'
[18:01:00] [Render thread/INFO] (Minecraft) OpenGL debug message: id=1282, source=API, type=ERROR, severity=HIGH, message='GL_INVALID_OPERATION error generated. No active program.'
[18:01:00] [Render thread/INFO] (Minecraft) OpenGL debug message: id=1282, source=API, type=ERROR, severity=HIGH, message='GL_INVALID_OPERATION error generated. No active program.'
[18:01:01] [Render thread/INFO] (Minecraft) OpenGL debug message: id=1282, source=API, type=ERROR, severity=HIGH, message='GL_INVALID_OPERATION error generated. No active program.'
[18:01:01] [Render thread/INFO] (Minecraft) OpenGL debug message: id=1282, source=API, type=ERROR, severity=HIGH, message='GL_INVALID_OPERATION error generated. No active program.'
[18:01:01] [Render thread/INFO] (Minecraft) OpenGL debug message: id=1282, source=API, type=ERROR, severity=HIGH, message='GL_INVALID_OPERATION error generated. No active program.'
[18:01:01] [Render thread/INFO] (Minecraft) OpenGL debug message: id=1282, source=API, type=ERROR, severity=HIGH, message='GL_INVALID_OPERATION error generated. No active program.'
[18:01:01] [Render thread/INFO] (Minecraft) OpenGL debug message: id=1282, source=API, type=ERROR, severity=HIGH, message='GL_INVALID_OPERATION error generated. No active program.'
[18:01:01] [Render thread/INFO] (Minecraft) OpenGL debug message: id=1282, source=API, type=ERROR, severity=HIGH, message='GL_INVALID_OPERATION error generated. No active program.'
[18:01:01] [Render thread/INFO] (Minecraft) OpenGL debug message: id=1282, source=API, type=ERROR, severity=HIGH, message='GL_INVALID_OPERATION error generated. No active program.'
[18:01:01] [Render thread/INFO] (Minecraft) OpenGL debug message: id=1282, source=API, type=ERROR, severity=HIGH, message='GL_INVALID_OPERATION error generated. No active program.'
[18:01:01] [Render thread/INFO] (Minecraft) OpenGL debug message: id=1282, source=API, type=ERROR, severity=HIGH, message='GL_INVALID_OPERATION error generated. No active program.'
[18:01:01] [Render thread/INFO] (Minecraft) OpenGL debug message: id=1282, source=API, type=ERROR, severity=HIGH, message='GL_INVALID_OPERATION error generated. No active program.'
[18:01:02] [Render thread/INFO] (Minecraft) OpenGL debug message: id=1282, source=API, type=ERROR, severity=HIGH, message='GL_INVALID_OPERATION error generated. No active program.'
[18:01:02] [Render thread/INFO] (Minecraft) OpenGL debug message: id=1282, source=API, type=ERROR, severity=HIGH, message='GL_INVALID_OPERATION error generated. No active program.'
[18:01:02] [Render thread/INFO] (Minecraft) OpenGL debug message: id=1282, source=API, type=ERROR, severity=HIGH, message='GL_INVALID_OPERATION error generated. No active program.'
[18:01:02] [Render thread/INFO] (Minecraft) OpenGL debug message: id=1282, source=API, type=ERROR, severity=HIGH, message='GL_INVALID_OPERATION error generated. No active program.'
[18:01:02] [Render thread/INFO] (Minecraft) OpenGL debug message: id=1282, source=API, type=ERROR, severity=HIGH, message='GL_INVALID_OPERATION error generated. No active program.'
[18:01:02] [Render thread/INFO] (Minecraft) OpenGL debug message: id=1282, source=API, type=ERROR, severity=HIGH, message='GL_INVALID_OPERATION error generated. No active program.'
[18:01:02] [Render thread/INFO] (Minecraft) OpenGL debug message: id=1282, source=API, type=ERROR, severity=HIGH, message='GL_INVALID_OPERATION error generated. No active program.'
[18:01:02] [Render thread/INFO] (Minecraft) OpenGL debug message: id=1282, source=API, type=ERROR, severity=HIGH, message='GL_INVALID_OPERATION error generated. No active program.'
[18:01:02] [Render thread/INFO] (Minecraft) OpenGL debug message: id=1282, source=API, type=ERROR, severity=HIGH, message='GL_INVALID_OPERATION error generated. No active program.'
[18:01:02] [Render thread/INFO] (Minecraft) OpenGL debug message: id=1282, source=API, type=ERROR, severity=HIGH, message='GL_INVALID_OPERATION error generated. No active program.'
[18:01:03] [Render thread/INFO] (Minecraft) OpenGL debug message: id=1282, source=API, type=ERROR, severity=HIGH, message='GL_INVALID_OPERATION error generated. No active program.'
[18:01:03] [Render thread/INFO] (Minecraft) OpenGL debug message: id=1282, source=API, type=ERROR, severity=HIGH, message='GL_INVALID_OPERATION error generated. No active program.'
[18:01:03] [Render thread/INFO] (Minecraft) OpenGL debug message: id=1282, source=API, type=ERROR, severity=HIGH, message='GL_INVALID_OPERATION error generated. No active program.'
[18:01:03] [Render thread/INFO] (Minecraft) OpenGL debug message: id=1282, source=API, type=ERROR, severity=HIGH, message='GL_INVALID_OPERATION error generated. No active program.'
[18:01:03] [Render thread/INFO] (Minecraft) OpenGL debug message: id=1282, source=API, type=ERROR, severity=HIGH, message='GL_INVALID_OPERATION error generated. No active program.'
[18:01:03] [Render thread/INFO] (Minecraft) OpenGL debug message: id=1282, source=API, type=ERROR, severity=HIGH, message='GL_INVALID_OPERATION error generated. No active program.'
[18:01:03] [Render thread/INFO] (Minecraft) OpenGL debug message: id=1282, source=API, type=ERROR, severity=HIGH, message='GL_INVALID_OPERATION error generated. No active program.'
[18:01:03] [Render thread/INFO] (Minecraft) OpenGL debug message: id=1282, source=API, type=ERROR, severity=HIGH, message='GL_INVALID_OPERATION error generated. No active program.'
[18:01:03] [Render thread/INFO] (Minecraft) OpenGL debug message: id=1282, source=API, type=ERROR, severity=HIGH, message='GL_INVALID_OPERATION error generated. No active program.'
[18:01:03] [Render thread/INFO] (Minecraft) OpenGL debug message: id=1282, source=API, type=ERROR, severity=HIGH, message='GL_INVALID_OPERATION error generated. No active program.'
[18:01:04] [Render thread/INFO] (Minecraft) OpenGL debug message: id=1282, source=API, type=ERROR, severity=HIGH, message='GL_INVALID_OPERATION error generated. No active program.'
[18:01:04] [Render thread/INFO] (Minecraft) OpenGL debug message: id=1282, source=API, type=ERROR, severity=HIGH, message='GL_INVALID_OPERATION error generated. No active program.'
[18:01:04] [Render thread/INFO] (Minecraft) OpenGL debug message: id=1282, source=API, type=ERROR, severity=HIGH, message='GL_INVALID_OPERATION error generated. No active program.'
[18:01:04] [Render thread/INFO] (Minecraft) OpenGL debug message: id=1282, source=API, type=ERROR, severity=HIGH, message='GL_INVALID_OPERATION error generated. No active program.'
[18:01:04] [Render thread/INFO] (Minecraft) OpenGL debug message: id=1282, source=API, type=ERROR, severity=HIGH, message='GL_INVALID_OPERATION error generated. No active program.'
[18:01:04] [Render thread/INFO] (Minecraft) OpenGL debug message: id=1282, source=API, type=ERROR, severity=HIGH, message='GL_INVALID_OPERATION error generated. No active program.'
[18:01:04] [Render thread/INFO] (Minecraft) OpenGL debug message: id=1282, source=API, type=ERROR, severity=HIGH, message='GL_INVALID_OPERATION error generated. No active program.'
[18:01:04] [Render thread/INFO] (Minecraft) OpenGL debug message: id=1282, source=API, type=ERROR, severity=HIGH, message='GL_INVALID_OPERATION error generated. No active program.'
[18:01:04] [Render thread/INFO] (Minecraft) OpenGL debug message: id=1282, source=API, type=ERROR, severity=HIGH, message='GL_INVALID_OPERATION error generated. No active program.'
[18:01:04] [Render thread/INFO] (Minecraft) OpenGL debug message: id=1282, source=API, type=ERROR, severity=HIGH, message='GL_INVALID_OPERATION error generated. No active program.'
[18:01:05] [Render thread/INFO] (Minecraft) OpenGL debug message: id=1282, source=API, type=ERROR, severity=HIGH, message='GL_INVALID_OPERATION error generated. No active program.'
[18:01:05] [Render thread/INFO] (Minecraft) OpenGL debug message: id=1282, source=API, type=ERROR, severity=HIGH, message='GL_INVALID_OPERATION error generated. No active program.'
[18:01:05] [Render thread/INFO] (Minecraft) OpenGL debug message: id=1282, source=API, type=ERROR, severity=HIGH, message='GL_INVALID_OPERATION error generated. No active program.'
[18:01:05] [Render thread/INFO] (Minecraft) OpenGL debug message: id=1282, source=API, type=ERROR, severity=HIGH, message='GL_INVALID_OPERATION error generated. No active program.'
[18:01:05] [Render thread/INFO] (Minecraft) OpenGL debug message: id=1282, source=API, type=ERROR, severity=HIGH, message='GL_INVALID_OPERATION error generated. No active program.'
[18:01:05] [Render thread/INFO] (Minecraft) OpenGL debug message: id=1282, source=API, type=ERROR, severity=HIGH, message='GL_INVALID_OPERATION error generated. No active program.'
[18:01:05] [Render thread/INFO] (Minecraft) OpenGL debug message: id=1282, source=API, type=ERROR, severity=HIGH, message='GL_INVALID_OPERATION error generated. No active program.'
[18:01:05] [Render thread/INFO] (Minecraft) OpenGL debug message: id=1282, source=API, type=ERROR, severity=HIGH, message='GL_INVALID_OPERATION error generated. No active program.'
[18:01:05] [Render thread/INFO] (Minecraft) OpenGL debug message: id=1282, source=API, type=ERROR, severity=HIGH, message='GL_INVALID_OPERATION error generated. No active program.'
[18:01:05] [Render thread/INFO] (Minecraft) OpenGL debug message: id=1282, source=API, type=ERROR, severity=HIGH, message='GL_INVALID_OPERATION error generated. No active program.'
[18:01:06] [Render thread/INFO] (Minecraft) OpenGL debug message: id=1282, source=API, type=ERROR, severity=HIGH, message='GL_INVALID_OPERATION error generated. No active program.'
[18:01:06] [Render thread/INFO] (Minecraft) OpenGL debug message: id=1282, source=API, type=ERROR, severity=HIGH, message='GL_INVALID_OPERATION error generated. No active program.'
[18:01:06] [Render thread/INFO] (Minecraft) OpenGL debug message: id=1282, source=API, type=ERROR, severity=HIGH, message='GL_INVALID_OPERATION error generated. No active program.'
[18:01:06] [Render thread/INFO] (Minecraft) OpenGL debug message: id=1282, source=API, type=ERROR, severity=HIGH, message='GL_INVALID_OPERATION error generated. No active program.'
[18:01:06] [Render thread/INFO] (Minecraft) OpenGL debug message: id=1282, source=API, type=ERROR, severity=HIGH, message='GL_INVALID_OPERATION error generated. No active program.'
[18:01:06] [Render thread/INFO] (Minecraft) OpenGL debug message: id=1282, source=API, type=ERROR, severity=HIGH, message='GL_INVALID_OPERATION error generated. No active program.'
[18:01:06] [Render thread/INFO] (Minecraft) OpenGL debug message: id=1282, source=API, type=ERROR, severity=HIGH, message='GL_INVALID_OPERATION error generated. No active program.'
[18:01:06] [Render thread/INFO] (Minecraft) OpenGL debug message: id=1282, source=API, type=ERROR, severity=HIGH, message='GL_INVALID_OPERATION error generated. No active program.'
[18:01:06] [Render thread/INFO] (Minecraft) OpenGL debug message: id=1282, source=API, type=ERROR, severity=HIGH, message='GL_INVALID_OPERATION error generated. No active program.'
[18:01:06] [Render thread/INFO] (Minecraft) OpenGL debug message: id=1282, source=API, type=ERROR, severity=HIGH, message='GL_INVALID_OPERATION error generated. No active program.'
[18:01:07] [Render thread/INFO] (Minecraft) OpenGL debug message: id=1282, source=API, type=ERROR, severity=HIGH, message='GL_INVALID_OPERATION error generated. No active program.'
[18:01:07] [Render thread/INFO] (Minecraft) OpenGL debug message: id=1282, source=API, type=ERROR, severity=HIGH, message='GL_INVALID_OPERATION error generated. No active program.'
[18:01:07] [Render thread/INFO] (Minecraft) OpenGL debug message: id=1282, source=API, type=ERROR, severity=HIGH, message='GL_INVALID_OPERATION error generated. No active program.'
[18:01:07] [Render thread/INFO] (Minecraft) OpenGL debug message: id=1282, source=API, type=ERROR, severity=HIGH, message='GL_INVALID_OPERATION error generated. No active program.'
[18:01:07] [Render thread/INFO] (Minecraft) OpenGL debug message: id=1282, source=API, type=ERROR, severity=HIGH, message='GL_INVALID_OPERATION error generated. No active program.'
[18:01:07] [Render thread/INFO] (Minecraft) OpenGL debug message: id=1282, source=API, type=ERROR, severity=HIGH, message='GL_INVALID_OPERATION error generated. No active program.'
[18:01:07] [Render thread/INFO] (Minecraft) OpenGL debug message: id=1282, source=API, type=ERROR, severity=HIGH, message='GL_INVALID_OPERATION error generated. No active program.'
[18:01:07] [Render thread/INFO] (Minecraft) OpenGL debug message: id=1282, source=API, type=ERROR, severity=HIGH, message='GL_INVALID_OPERATION error generated. No active program.'
[18:01:07] [Render thread/INFO] (Minecraft) OpenGL debug message: id=1282, source=API, type=ERROR, severity=HIGH, message='GL_INVALID_OPERATION error generated. No active program.'
[18:01:07] [Render thread/INFO] (Minecraft) OpenGL debug message: id=1282, source=API, type=ERROR, severity=HIGH, message='GL_INVALID_OPERATION error generated. No active program.'
[18:01:08] [Render thread/INFO] (Minecraft) OpenGL debug message: id=1282, source=API, type=ERROR, severity=HIGH, message='GL_INVALID_OPERATION error generated. No active program.'
[18:01:08] [Render thread/INFO] (Minecraft) OpenGL debug message: id=1282, source=API, type=ERROR, severity=HIGH, message='GL_INVALID_OPERATION error generated. No active program.'
[18:01:08] [Render thread/INFO] (Minecraft) OpenGL debug message: id=1282, source=API, type=ERROR, severity=HIGH, message='GL_INVALID_OPERATION error generated. No active program.'
[18:01:08] [Render thread/INFO] (Minecraft) OpenGL debug message: id=1282, source=API, type=ERROR, severity=HIGH, message='GL_INVALID_OPERATION error generated. No active program.'
[18:01:08] [Render thread/INFO] (Minecraft) OpenGL debug message: id=1282, source=API, type=ERROR, severity=HIGH, message='GL_INVALID_OPERATION error generated. No active program.'
[18:01:08] [Render thread/INFO] (Minecraft) OpenGL debug message: id=1282, source=API, type=ERROR, severity=HIGH, message='GL_INVALID_OPERATION error generated. No active program.'
[18:01:08] [Render thread/INFO] (Minecraft) OpenGL debug message: id=1282, source=API, type=ERROR, severity=HIGH, message='GL_INVALID_OPERATION error generated. No active program.'
[18:01:08] [Render thread/INFO] (Minecraft) OpenGL debug message: id=1282, source=API, type=ERROR, severity=HIGH, message='GL_INVALID_OPERATION error generated. No active program.'
[18:01:08] [Render thread/INFO] (Minecraft) OpenGL debug message: id=1282, source=API, type=ERROR, severity=HIGH, message='GL_INVALID_OPERATION error generated. No active program.'
[18:01:08] [Render thread/INFO] (Minecraft) OpenGL debug message: id=1282, source=API, type=ERROR, severity=HIGH, message='GL_INVALID_OPERATION error generated. No active program.'
[18:01:09] [Render thread/INFO] (Minecraft) OpenGL debug message: id=1282, source=API, type=ERROR, severity=HIGH, message='GL_INVALID_OPERATION error generated. No active program.'
[18:01:09] [Render thread/INFO] (Minecraft) OpenGL debug message: id=1282, source=API, type=ERROR, severity=HIGH, message='GL_INVALID_OPERATION error generated. No active program.'
[18:01:09] [Render thread/INFO] (Minecraft) OpenGL debug message: id=1282, source=API, type=ERROR, severity=HIGH, message='GL_INVALID_OPERATION error generated. No active program.'
[18:01:09] [Render thread/INFO] (Minecraft) OpenGL debug message: id=1282, source=API, type=ERROR, severity=HIGH, message='GL_INVALID_OPERATION error generated. No active program.'
[18:01:09] [Render thread/INFO] (Minecraft) OpenGL debug message: id=1282, source=API, type=ERROR, severity=HIGH, message='GL_INVALID_OPERATION error generated. No active program.'
[18:01:09] [Render thread/INFO] (Minecraft) OpenGL debug message: id=1282, source=API, type=ERROR, severity=HIGH, message='GL_INVALID_OPERATION error generated. No active program.'
[18:01:09] [Render thread/INFO] (Minecraft) OpenGL debug message: id=1282, source=API, type=ERROR, severity=HIGH, message='GL_INVALID_OPERATION error generated. No active program.'
[18:01:09] [Render thread/INFO] (Minecraft) OpenGL debug message: id=1282, source=API, type=ERROR, severity=HIGH, message='GL_INVALID_OPERATION error generated. No active program.'
[18:01:09] [Render thread/INFO] (Minecraft) OpenGL debug message: id=1282, source=API, type=ERROR, severity=HIGH, message='GL_INVALID_OPERATION error generated. No active program.'
[18:01:09] [Render thread/INFO] (Minecraft) OpenGL debug message: id=1282, source=API, type=ERROR, severity=HIGH, message='GL_INVALID_OPERATION error generated. No active program.'
[18:01:10] [Render thread/INFO] (Minecraft) OpenGL debug message: id=1282, source=API, type=ERROR, severity=HIGH, message='GL_INVALID_OPERATION error generated. No active program.'
[18:01:10] [Render thread/INFO] (Minecraft) OpenGL debug message: id=1282, source=API, type=ERROR, severity=HIGH, message='GL_INVALID_OPERATION error generated. No active program.'
[18:01:10] [Render thread/INFO] (Minecraft) OpenGL debug message: id=1282, source=API, type=ERROR, severity=HIGH, message='GL_INVALID_OPERATION error generated. No active program.'
[18:01:10] [Render thread/INFO] (Minecraft) OpenGL debug message: id=1282, source=API, type=ERROR, severity=HIGH, message='GL_INVALID_OPERATION error generated. No active program.'
[18:01:10] [Render thread/INFO] (Minecraft) OpenGL debug message: id=1282, source=API, type=ERROR, severity=HIGH, message='GL_INVALID_OPERATION error generated. No active program.'
[18:01:10] [Render thread/INFO] (Minecraft) OpenGL debug message: id=1282, source=API, type=ERROR, severity=HIGH, message='GL_INVALID_OPERATION error generated. No active program.'
[18:01:10] [Render thread/INFO] (Minecraft) OpenGL debug message: id=1282, source=API, type=ERROR, severity=HIGH, message='GL_INVALID_OPERATION error generated. No active program.'
[18:01:10] [Render thread/INFO] (Minecraft) OpenGL debug message: id=1282, source=API, type=ERROR, severity=HIGH, message='GL_INVALID_OPERATION error generated. No active program.'
[18:01:10] [Render thread/INFO] (Minecraft) OpenGL debug message: id=1282, source=API, type=ERROR, severity=HIGH, message='GL_INVALID_OPERATION error generated. No active program.'
[18:01:10] [Render thread/INFO] (Minecraft) OpenGL debug message: id=1282, source=API, type=ERROR, severity=HIGH, message='GL_INVALID_OPERATION error generated. No active program.'
[18:01:11] [Render thread/INFO] (Minecraft) OpenGL debug message: id=1282, source=API, type=ERROR, severity=HIGH, message='GL_INVALID_OPERATION error generated. No active program.'
[18:01:11] [Render thread/INFO] (Minecraft) OpenGL debug message: id=1282, source=API, type=ERROR, severity=HIGH, message='GL_INVALID_OPERATION error generated. No active program.'
[18:01:11] [Render thread/INFO] (Minecraft) OpenGL debug message: id=1282, source=API, type=ERROR, severity=HIGH, message='GL_INVALID_OPERATION error generated. No active program.'
[18:01:11] [Render thread/INFO] (Minecraft) OpenGL debug message: id=1282, source=API, type=ERROR, severity=HIGH, message='GL_INVALID_OPERATION error generated. No active program.'
[18:01:11] [Render thread/INFO] (Minecraft) OpenGL debug message: id=1282, source=API, type=ERROR, severity=HIGH, message='GL_INVALID_OPERATION error generated. No active program.'
[18:01:11] [Render thread/INFO] (Minecraft) OpenGL debug message: id=1282, source=API, type=ERROR, severity=HIGH, message='GL_INVALID_OPERATION error generated. No active program.'
[18:01:11] [Render thread/INFO] (Minecraft) OpenGL debug message: id=1282, source=API, type=ERROR, severity=HIGH, message='GL_INVALID_OPERATION error generated. No active program.'
[18:01:11] [Render thread/INFO] (Minecraft) OpenGL debug message: id=1282, source=API, type=ERROR, severity=HIGH, message='GL_INVALID_OPERATION error generated. No active program.'
[18:01:11] [Render thread/INFO] (Minecraft) OpenGL debug message: id=1282, source=API, type=ERROR, severity=HIGH, message='GL_INVALID_OPERATION error generated. No active program.'
[18:01:11] [Render thread/INFO] (Minecraft) OpenGL debug message: id=1282, source=API, type=ERROR, severity=HIGH, message='GL_INVALID_OPERATION error generated. No active program.'
[18:01:12] [Render thread/INFO] (Minecraft) OpenGL debug message: id=1282, source=API, type=ERROR, severity=HIGH, message='GL_INVALID_OPERATION error generated. No active program.'
[18:01:12] [Render thread/INFO] (Minecraft) OpenGL debug message: id=1282, source=API, type=ERROR, severity=HIGH, message='GL_INVALID_OPERATION error generated. No active program.'
[18:01:12] [Render thread/INFO] (Minecraft) OpenGL debug message: id=1282, source=API, type=ERROR, severity=HIGH, message='GL_INVALID_OPERATION error generated. No active program.'
[18:01:12] [Render thread/INFO] (Minecraft) OpenGL debug message: id=1282, source=API, type=ERROR, severity=HIGH, message='GL_INVALID_OPERATION error generated. No active program.'
[18:01:12] [Render thread/INFO] (Minecraft) OpenGL debug message: id=1282, source=API, type=ERROR, severity=HIGH, message='GL_INVALID_OPERATION error generated. No active program.'
[18:01:12] [Render thread/INFO] (Minecraft) OpenGL debug message: id=1282, source=API, type=ERROR, severity=HIGH, message='GL_INVALID_OPERATION error generated. No active program.'
[18:01:12] [Render thread/INFO] (Minecraft) OpenGL debug message: id=1282, source=API, type=ERROR, severity=HIGH, message='GL_INVALID_OPERATION error generated. No active program.'
[18:01:12] [Render thread/INFO] (Minecraft) OpenGL debug message: id=1282, source=API, type=ERROR, severity=HIGH, message='GL_INVALID_OPERATION error generated. No active program.'
[18:01:12] [Render thread/INFO] (Minecraft) OpenGL debug message: id=1282, source=API, type=ERROR, severity=HIGH, message='GL_INVALID_OPERATION error generated. No active program.'
[18:01:12] [Render thread/INFO] (Minecraft) OpenGL debug message: id=1282, source=API, type=ERROR, severity=HIGH, message='GL_INVALID_OPERATION error generated. No active program.'
[18:01:13] [Render thread/INFO] (Minecraft) OpenGL debug message: id=1282, source=API, type=ERROR, severity=HIGH, message='GL_INVALID_OPERATION error generated. No active program.'
[18:01:13] [Render thread/INFO] (Minecraft) OpenGL debug message: id=1282, source=API, type=ERROR, severity=HIGH, message='GL_INVALID_OPERATION error generated. No active program.'
[18:01:13] [Render thread/INFO] (Minecraft) OpenGL debug message: id=1282, source=API, type=ERROR, severity=HIGH, message='GL_INVALID_OPERATION error generated. No active program.'
[18:01:13] [Render thread/INFO] (Minecraft) OpenGL debug message: id=1282, source=API, type=ERROR, severity=HIGH, message='GL_INVALID_OPERATION error generated. No active program.'
[18:01:13] [Render thread/INFO] (Minecraft) OpenGL debug message: id=1282, source=API, type=ERROR, severity=HIGH, message='GL_INVALID_OPERATION error generated. No active program.'
[18:01:13] [Render thread/INFO] (Minecraft) OpenGL debug message: id=1282, source=API, type=ERROR, severity=HIGH, message='GL_INVALID_OPERATION error generated. No active program.'
[18:01:13] [Render thread/INFO] (Minecraft) OpenGL debug message: id=1282, source=API, type=ERROR, severity=HIGH, message='GL_INVALID_OPERATION error generated. No active program.'
[18:01:13] [Render thread/INFO] (Minecraft) OpenGL debug message: id=1282, source=API, type=ERROR, severity=HIGH, message='GL_INVALID_OPERATION error generated. No active program.'
[18:01:13] [Render thread/INFO] (Minecraft) OpenGL debug message: id=1282, source=API, type=ERROR, severity=HIGH, message='GL_INVALID_OPERATION error generated. No active program.'
[18:01:13] [Render thread/INFO] (Minecraft) OpenGL debug message: id=1282, source=API, type=ERROR, severity=HIGH, message='GL_INVALID_OPERATION error generated. No active program.'
[18:01:14] [Render thread/INFO] (Minecraft) OpenGL debug message: id=1282, source=API, type=ERROR, severity=HIGH, message='GL_INVALID_OPERATION error generated. No active program.'
[18:01:14] [Render thread/INFO] (Minecraft) OpenGL debug message: id=1282, source=API, type=ERROR, severity=HIGH, message='GL_INVALID_OPERATION error generated. No active program.'
[18:01:14] [Render thread/INFO] (Minecraft) OpenGL debug message: id=1282, source=API, type=ERROR, severity=HIGH, message='GL_INVALID_OPERATION error generated. No active program.'
[18:01:14] [Render thread/INFO] (Minecraft) OpenGL debug message: id=1282, source=API, type=ERROR, severity=HIGH, message='GL_INVALID_OPERATION error generated. No active program.'
[18:01:14] [Render thread/INFO] (Minecraft) OpenGL debug message: id=1282, source=API, type=ERROR, severity=HIGH, message='GL_INVALID_OPERATION error generated. No active program.'
[18:01:14] [Render thread/INFO] (Minecraft) OpenGL debug message: id=1282, source=API, type=ERROR, severity=HIGH, message='GL_INVALID_OPERATION error generated. No active program.'
[18:01:14] [Render thread/INFO] (Minecraft) OpenGL debug message: id=1282, source=API, type=ERROR, severity=HIGH, message='GL_INVALID_OPERATION error generated. No active program.'
[18:01:14] [Render thread/INFO] (Minecraft) OpenGL debug message: id=1282, source=API, type=ERROR, severity=HIGH, message='GL_INVALID_OPERATION error generated. No active program.'
[18:01:14] [Render thread/INFO] (Minecraft) OpenGL debug message: id=1282, source=API, type=ERROR, severity=HIGH, message='GL_INVALID_OPERATION error generated. No active program.'
[18:01:14] [Render thread/INFO] (Minecraft) OpenGL debug message: id=1282, source=API, type=ERROR, severity=HIGH, message='GL_INVALID_OPERATION error generated. No active program.'
[18:01:15] [Render thread/INFO] (Minecraft) OpenGL debug message: id=1282, source=API, type=ERROR, severity=HIGH, message='GL_INVALID_OPERATION error generated. No active program.'
[18:01:15] [Render thread/INFO] (Minecraft) OpenGL debug message: id=1282, source=API, type=ERROR, severity=HIGH, message='GL_INVALID_OPERATION error generated. No active program.'
[18:01:15] [Render thread/INFO] (Minecraft) OpenGL debug message: id=1282, source=API, type=ERROR, severity=HIGH, message='GL_INVALID_OPERATION error generated. No active program.'
[18:01:15] [Render thread/INFO] (Minecraft) OpenGL debug message: id=1282, source=API, type=ERROR, severity=HIGH, message='GL_INVALID_OPERATION error generated. No active program.'
[18:01:15] [Render thread/INFO] (Minecraft) OpenGL debug message: id=1282, source=API, type=ERROR, severity=HIGH, message='GL_INVALID_OPERATION error generated. No active program.'
[18:01:15] [Render thread/INFO] (Minecraft) OpenGL debug message: id=1282, source=API, type=ERROR, severity=HIGH, message='GL_INVALID_OPERATION error generated. No active program.'
[18:01:15] [Render thread/INFO] (Minecraft) OpenGL debug message: id=1282, source=API, type=ERROR, severity=HIGH, message='GL_INVALID_OPERATION error generated. No active program.'
[18:01:15] [Render thread/INFO] (Minecraft) OpenGL debug message: id=1282, source=API, type=ERROR, severity=HIGH, message='GL_INVALID_OPERATION error generated. No active program.'
[18:01:15] [Render thread/INFO] (Minecraft) OpenGL debug message: id=1282, source=API, type=ERROR, severity=HIGH, message='GL_INVALID_OPERATION error generated. No active program.'
[18:01:15] [Render thread/INFO] (Minecraft) OpenGL debug message: id=1282, source=API, type=ERROR, severity=HIGH, message='GL_INVALID_OPERATION error generated. No active program.'
[18:01:16] [Render thread/INFO] (Minecraft) OpenGL debug message: id=1282, source=API, type=ERROR, severity=HIGH, message='GL_INVALID_OPERATION error generated. No active program.'
[18:01:16] [Render thread/INFO] (Minecraft) OpenGL debug message: id=1282, source=API, type=ERROR, severity=HIGH, message='GL_INVALID_OPERATION error generated. No active program.'
[18:01:16] [Render thread/INFO] (Minecraft) OpenGL debug message: id=1282, source=API, type=ERROR, severity=HIGH, message='GL_INVALID_OPERATION error generated. No active program.'
[18:01:16] [Render thread/INFO] (Minecraft) OpenGL debug message: id=1282, source=API, type=ERROR, severity=HIGH, message='GL_INVALID_OPERATION error generated. No active program.'
[18:01:16] [Render thread/INFO] (Minecraft) OpenGL debug message: id=1282, source=API, type=ERROR, severity=HIGH, message='GL_INVALID_OPERATION error generated. No active program.'
[18:01:16] [Render thread/INFO] (Minecraft) OpenGL debug message: id=1282, source=API, type=ERROR, severity=HIGH, message='GL_INVALID_OPERATION error generated. No active program.'
[18:01:16] [Render thread/INFO] (Minecraft) OpenGL debug message: id=1282, source=API, type=ERROR, severity=HIGH, message='GL_INVALID_OPERATION error generated. No active program.'
[18:01:16] [Render thread/INFO] (Minecraft) OpenGL debug message: id=1282, source=API, type=ERROR, severity=HIGH, message='GL_INVALID_OPERATION error generated. No active program.'
[18:01:16] [Render thread/INFO] (Minecraft) OpenGL debug message: id=1282, source=API, type=ERROR, severity=HIGH, message='GL_INVALID_OPERATION error generated. No active program.'
[18:01:16] [Render thread/INFO] (Minecraft) OpenGL debug message: id=1282, source=API, type=ERROR, severity=HIGH, message='GL_INVALID_OPERATION error generated. No active program.'
[18:01:17] [Render thread/INFO] (Minecraft) OpenGL debug message: id=1282, source=API, type=ERROR, severity=HIGH, message='GL_INVALID_OPERATION error generated. No active program.'
[18:01:17] [Render thread/INFO] (Minecraft) OpenGL debug message: id=1282, source=API, type=ERROR, severity=HIGH, message='GL_INVALID_OPERATION error generated. No active program.'
[18:01:17] [Render thread/INFO] (Minecraft) OpenGL debug message: id=1282, source=API, type=ERROR, severity=HIGH, message='GL_INVALID_OPERATION error generated. No active program.'
[18:01:17] [Render thread/INFO] (Minecraft) OpenGL debug message: id=1282, source=API, type=ERROR, severity=HIGH, message='GL_INVALID_OPERATION error generated. No active program.'
[18:01:17] [Render thread/INFO] (Minecraft) OpenGL debug message: id=1282, source=API, type=ERROR, severity=HIGH, message='GL_INVALID_OPERATION error generated. No active program.'
[18:01:17] [Render thread/INFO] (Minecraft) OpenGL debug message: id=1282, source=API, type=ERROR, severity=HIGH, message='GL_INVALID_OPERATION error generated. No active program.'
[18:01:17] [Render thread/INFO] (Minecraft) OpenGL debug message: id=1282, source=API, type=ERROR, severity=HIGH, message='GL_INVALID_OPERATION error generated. No active program.'
[18:01:17] [Render thread/INFO] (Minecraft) OpenGL debug message: id=1282, source=API, type=ERROR, severity=HIGH, message='GL_INVALID_OPERATION error generated. No active program.'
[18:01:17] [Render thread/INFO] (Minecraft) OpenGL debug message: id=1282, source=API, type=ERROR, severity=HIGH, message='GL_INVALID_OPERATION error generated. No active program.'
[18:01:17] [Render thread/INFO] (Minecraft) OpenGL debug message: id=1282, source=API, type=ERROR, severity=HIGH, message='GL_INVALID_OPERATION error generated. No active program.'
[18:01:18] [Render thread/INFO] (Minecraft) OpenGL debug message: id=1282, source=API, type=ERROR, severity=HIGH, message='GL_INVALID_OPERATION error generated. No active program.'
[18:01:18] [Render thread/INFO] (Minecraft) OpenGL debug message: id=1282, source=API, type=ERROR, severity=HIGH, message='GL_INVALID_OPERATION error generated. No active program.'
[18:01:18] [Render thread/INFO] (Minecraft) OpenGL debug message: id=1282, source=API, type=ERROR, severity=HIGH, message='GL_INVALID_OPERATION error generated. No active program.'
[18:01:18] [Render thread/INFO] (Minecraft) OpenGL debug message: id=1282, source=API, type=ERROR, severity=HIGH, message='GL_INVALID_OPERATION error generated. No active program.'
[18:01:18] [Render thread/INFO] (Minecraft) OpenGL debug message: id=1282, source=API, type=ERROR, severity=HIGH, message='GL_INVALID_OPERATION error generated. No active program.'
[18:01:18] [Render thread/INFO] (Minecraft) OpenGL debug message: id=1282, source=API, type=ERROR, severity=HIGH, message='GL_INVALID_OPERATION error generated. No active program.'
[18:01:18] [Render thread/INFO] (Minecraft) OpenGL debug message: id=1282, source=API, type=ERROR, severity=HIGH, message='GL_INVALID_OPERATION error generated. No active program.'
[18:01:18] [Render thread/INFO] (Minecraft) OpenGL debug message: id=1282, source=API, type=ERROR, severity=HIGH, message='GL_INVALID_OPERATION error generated. No active program.'
[18:01:18] [Render thread/INFO] (Minecraft) OpenGL debug message: id=1282, source=API, type=ERROR, severity=HIGH, message='GL_INVALID_OPERATION error generated. No active program.'
[18:01:18] [Render thread/INFO] (Minecraft) OpenGL debug message: id=1282, source=API, type=ERROR, severity=HIGH, message='GL_INVALID_OPERATION error generated. No active program.'
[18:01:19] [Render thread/INFO] (Minecraft) OpenGL debug message: id=1282, source=API, type=ERROR, severity=HIGH, message='GL_INVALID_OPERATION error generated. No active program.'
[18:01:19] [Render thread/INFO] (Minecraft) OpenGL debug message: id=1282, source=API, type=ERROR, severity=HIGH, message='GL_INVALID_OPERATION error generated. No active program.'
[18:01:19] [Render thread/INFO] (Minecraft) OpenGL debug message: id=1282, source=API, type=ERROR, severity=HIGH, message='GL_INVALID_OPERATION error generated. No active program.'
[18:01:19] [Render thread/INFO] (Minecraft) OpenGL debug message: id=1282, source=API, type=ERROR, severity=HIGH, message='GL_INVALID_OPERATION error generated. No active program.'
[18:01:19] [Render thread/INFO] (Minecraft) OpenGL debug message: id=1282, source=API, type=ERROR, severity=HIGH, message='GL_INVALID_OPERATION error generated. No active program.'
[18:01:19] [Render thread/INFO] (Minecraft) OpenGL debug message: id=1282, source=API, type=ERROR, severity=HIGH, message='GL_INVALID_OPERATION error generated. No active program.'
[18:01:19] [Render thread/INFO] (Minecraft) OpenGL debug message: id=1282, source=API, type=ERROR, severity=HIGH, message='GL_INVALID_OPERATION error generated. No active program.'
[18:01:19] [Render thread/INFO] (Minecraft) OpenGL debug message: id=1282, source=API, type=ERROR, severity=HIGH, message='GL_INVALID_OPERATION error generated. No active program.'
[18:01:19] [Render thread/INFO] (Minecraft) OpenGL debug message: id=1282, source=API, type=ERROR, severity=HIGH, message='GL_INVALID_OPERATION error generated. No active program.'
[18:01:19] [Render thread/INFO] (Minecraft) OpenGL debug message: id=1282, source=API, type=ERROR, severity=HIGH, message='GL_INVALID_OPERATION error generated. No active program.'
[18:01:20] [Render thread/INFO] (Minecraft) OpenGL debug message: id=1282, source=API, type=ERROR, severity=HIGH, message='GL_INVALID_OPERATION error generated. No active program.'
[18:01:20] [Render thread/INFO] (Minecraft) OpenGL debug message: id=1282, source=API, type=ERROR, severity=HIGH, message='GL_INVALID_OPERATION error generated. No active program.'
[18:01:20] [Render thread/INFO] (Minecraft) OpenGL debug message: id=1282, source=API, type=ERROR, severity=HIGH, message='GL_INVALID_OPERATION error generated. No active program.'
[18:01:20] [Render thread/INFO] (Minecraft) OpenGL debug message: id=1282, source=API, type=ERROR, severity=HIGH, message='GL_INVALID_OPERATION error generated. No active program.'
[18:01:20] [Render thread/INFO] (Minecraft) OpenGL debug message: id=1282, source=API, type=ERROR, severity=HIGH, message='GL_INVALID_OPERATION error generated. No active program.'
[18:01:20] [Render thread/INFO] (Minecraft) OpenGL debug message: id=1282, source=API, type=ERROR, severity=HIGH, message='GL_INVALID_OPERATION error generated. No active program.'
[18:01:20] [Render thread/INFO] (Minecraft) OpenGL debug message: id=1282, source=API, type=ERROR, severity=HIGH, message='GL_INVALID_OPERATION error generated. No active program.'
[18:01:20] [Render thread/INFO] (Minecraft) OpenGL debug message: id=1282, source=API, type=ERROR, severity=HIGH, message='GL_INVALID_OPERATION error generated. No active program.'
[18:01:20] [Render thread/INFO] (Minecraft) OpenGL debug message: id=1282, source=API, type=ERROR, severity=HIGH, message='GL_INVALID_OPERATION error generated. No active program.'
[18:01:20] [Render thread/INFO] (Minecraft) OpenGL debug message: id=1282, source=API, type=ERROR, severity=HIGH, message='GL_INVALID_OPERATION error generated. No active program.'
[18:01:21] [Render thread/INFO] (Minecraft) OpenGL debug message: id=1282, source=API, type=ERROR, severity=HIGH, message='GL_INVALID_OPERATION error generated. No active program.'
[18:01:21] [Render thread/INFO] (Minecraft) OpenGL debug message: id=1282, source=API, type=ERROR, severity=HIGH, message='GL_INVALID_OPERATION error generated. No active program.'
[18:01:21] [Render thread/INFO] (Minecraft) OpenGL debug message: id=1282, source=API, type=ERROR, severity=HIGH, message='GL_INVALID_OPERATION error generated. No active program.'
[18:01:21] [Render thread/INFO] (Minecraft) OpenGL debug message: id=1282, source=API, type=ERROR, severity=HIGH, message='GL_INVALID_OPERATION error generated. No active program.'
[18:01:21] [Render thread/INFO] (Minecraft) OpenGL debug message: id=1282, source=API, type=ERROR, severity=HIGH, message='GL_INVALID_OPERATION error generated. No active program.'
[18:01:21] [Render thread/INFO] (Minecraft) OpenGL debug message: id=1282, source=API, type=ERROR, severity=HIGH, message='GL_INVALID_OPERATION error generated. No active program.'
[18:01:21] [Render thread/INFO] (Minecraft) OpenGL debug message: id=1282, source=API, type=ERROR, severity=HIGH, message='GL_INVALID_OPERATION error generated. No active program.'
[18:01:21] [Render thread/INFO] (Minecraft) OpenGL debug message: id=1282, source=API, type=ERROR, severity=HIGH, message='GL_INVALID_OPERATION error generated. No active program.'
[18:01:21] [Render thread/INFO] (Minecraft) OpenGL debug message: id=1282, source=API, type=ERROR, severity=HIGH, message='GL_INVALID_OPERATION error generated. No active program.'
[18:01:21] [Render thread/INFO] (Minecraft) OpenGL debug message: id=1282, source=API, type=ERROR, severity=HIGH, message='GL_INVALID_OPERATION error generated. No active program.'
[18:01:22] [Render thread/INFO] (Minecraft) OpenGL debug message: id=1282, source=API, type=ERROR, severity=HIGH, message='GL_INVALID_OPERATION error generated. No active program.'
[18:01:22] [Render thread/INFO] (Minecraft) OpenGL debug message: id=1282, source=API, type=ERROR, severity=HIGH, message='GL_INVALID_OPERATION error generated. No active program.'
[18:01:22] [Render thread/INFO] (Minecraft) OpenGL debug message: id=1282, source=API, type=ERROR, severity=HIGH, message='GL_INVALID_OPERATION error generated. No active program.'
[18:01:22] [Render thread/INFO] (Minecraft) OpenGL debug message: id=1282, source=API, type=ERROR, severity=HIGH, message='GL_INVALID_OPERATION error generated. No active program.'
[18:01:22] [Render thread/INFO] (Minecraft) OpenGL debug message: id=1282, source=API, type=ERROR, severity=HIGH, message='GL_INVALID_OPERATION error generated. No active program.'
[18:01:22] [Render thread/INFO] (Minecraft) OpenGL debug message: id=1282, source=API, type=ERROR, severity=HIGH, message='GL_INVALID_OPERATION error generated. No active program.'
[18:01:22] [Render thread/INFO] (Minecraft) OpenGL debug message: id=1282, source=API, type=ERROR, severity=HIGH, message='GL_INVALID_OPERATION error generated. No active program.'
[18:01:22] [Render thread/INFO] (Minecraft) OpenGL debug message: id=1282, source=API, type=ERROR, severity=HIGH, message='GL_INVALID_OPERATION error generated. No active program.'
[18:01:22] [Render thread/INFO] (Minecraft) OpenGL debug message: id=1282, source=API, type=ERROR, severity=HIGH, message='GL_INVALID_OPERATION error generated. No active program.'
[18:01:22] [Render thread/INFO] (Minecraft) OpenGL debug message: id=1282, source=API, type=ERROR, severity=HIGH, message='GL_INVALID_OPERATION error generated. No active program.'
[18:01:23] [Render thread/INFO] (Minecraft) OpenGL debug message: id=1282, source=API, type=ERROR, severity=HIGH, message='GL_INVALID_OPERATION error generated. No active program.'
[18:01:23] [Render thread/INFO] (Minecraft) OpenGL debug message: id=1282, source=API, type=ERROR, severity=HIGH, message='GL_INVALID_OPERATION error generated. No active program.'
[18:01:23] [Render thread/INFO] (Minecraft) OpenGL debug message: id=1282, source=API, type=ERROR, severity=HIGH, message='GL_INVALID_OPERATION error generated. No active program.'
[18:01:23] [Render thread/INFO] (Minecraft) OpenGL debug message: id=1282, source=API, type=ERROR, severity=HIGH, message='GL_INVALID_OPERATION error generated. No active program.'
[18:01:23] [Render thread/INFO] (Minecraft) OpenGL debug message: id=1282, source=API, type=ERROR, severity=HIGH, message='GL_INVALID_OPERATION error generated. No active program.'
[18:01:23] [Render thread/INFO] (Minecraft) OpenGL debug message: id=1282, source=API, type=ERROR, severity=HIGH, message='GL_INVALID_OPERATION error generated. No active program.'
[18:01:23] [Render thread/INFO] (Minecraft) OpenGL debug message: id=1282, source=API, type=ERROR, severity=HIGH, message='GL_INVALID_OPERATION error generated. No active program.'
[18:01:23] [Render thread/INFO] (Minecraft) OpenGL debug message: id=1282, source=API, type=ERROR, severity=HIGH, message='GL_INVALID_OPERATION error generated. No active program.'
[18:01:23] [Render thread/INFO] (Minecraft) OpenGL debug message: id=1282, source=API, type=ERROR, severity=HIGH, message='GL_INVALID_OPERATION error generated. No active program.'
[18:01:23] [Render thread/INFO] (Minecraft) OpenGL debug message: id=1282, source=API, type=ERROR, severity=HIGH, message='GL_INVALID_OPERATION error generated. No active program.'
[18:01:24] [Render thread/INFO] (Minecraft) OpenGL debug message: id=1282, source=API, type=ERROR, severity=HIGH, message='GL_INVALID_OPERATION error generated. No active program.'
[18:01:24] [Render thread/INFO] (Minecraft) OpenGL debug message: id=1282, source=API, type=ERROR, severity=HIGH, message='GL_INVALID_OPERATION error generated. No active program.'
[18:01:24] [Render thread/INFO] (Minecraft) OpenGL debug message: id=1282, source=API, type=ERROR, severity=HIGH, message='GL_INVALID_OPERATION error generated. No active program.'
[18:01:24] [Render thread/INFO] (Minecraft) OpenGL debug message: id=1282, source=API, type=ERROR, severity=HIGH, message='GL_INVALID_OPERATION error generated. No active program.'
[18:01:24] [Render thread/INFO] (Minecraft) OpenGL debug message: id=1282, source=API, type=ERROR, severity=HIGH, message='GL_INVALID_OPERATION error generated. No active program.'
[18:01:24] [Render thread/INFO] (Minecraft) OpenGL debug message: id=1282, source=API, type=ERROR, severity=HIGH, message='GL_INVALID_OPERATION error generated. No active program.'
[18:01:24] [Render thread/INFO] (Minecraft) OpenGL debug message: id=1282, source=API, type=ERROR, severity=HIGH, message='GL_INVALID_OPERATION error generated. No active program.'
[18:01:24] [Render thread/INFO] (Minecraft) OpenGL debug message: id=1282, source=API, type=ERROR, severity=HIGH, message='GL_INVALID_OPERATION error generated. No active program.'
[18:01:24] [Render thread/INFO] (Minecraft) OpenGL debug message: id=1282, source=API, type=ERROR, severity=HIGH, message='GL_INVALID_OPERATION error generated. No active program.'
[18:01:24] [Render thread/INFO] (Minecraft) OpenGL debug message: id=1282, source=API, type=ERROR, severity=HIGH, message='GL_INVALID_OPERATION error generated. No active program.'
[18:01:25] [Render thread/INFO] (Minecraft) OpenGL debug message: id=1282, source=API, type=ERROR, severity=HIGH, message='GL_INVALID_OPERATION error generated. No active program.'
[18:01:25] [Render thread/INFO] (Minecraft) OpenGL debug message: id=1282, source=API, type=ERROR, severity=HIGH, message='GL_INVALID_OPERATION error generated. No active program.'
[18:01:25] [Render thread/INFO] (Minecraft) OpenGL debug message: id=1282, source=API, type=ERROR, severity=HIGH, message='GL_INVALID_OPERATION error generated. No active program.'
[18:01:25] [Render thread/INFO] (Minecraft) OpenGL debug message: id=1282, source=API, type=ERROR, severity=HIGH, message='GL_INVALID_OPERATION error generated. No active program.'
[18:01:25] [Render thread/INFO] (Minecraft) OpenGL debug message: id=1282, source=API, type=ERROR, severity=HIGH, message='GL_INVALID_OPERATION error generated. No active program.'
[18:01:25] [Render thread/INFO] (Minecraft) OpenGL debug message: id=1282, source=API, type=ERROR, severity=HIGH, message='GL_INVALID_OPERATION error generated. No active program.'
[18:01:25] [Render thread/INFO] (Minecraft) OpenGL debug message: id=1282, source=API, type=ERROR, severity=HIGH, message='GL_INVALID_OPERATION error generated. No active program.'
[18:01:25] [Render thread/INFO] (Minecraft) OpenGL debug message: id=1282, source=API, type=ERROR, severity=HIGH, message='GL_INVALID_OPERATION error generated. No active program.'
[18:01:25] [Render thread/INFO] (Minecraft) OpenGL debug message: id=1282, source=API, type=ERROR, severity=HIGH, message='GL_INVALID_OPERATION error generated. No active program.'
[18:01:25] [Render thread/INFO] (Minecraft) OpenGL debug message: id=1282, source=API, type=ERROR, severity=HIGH, message='GL_INVALID_OPERATION error generated. No active program.'
[18:01:26] [Render thread/INFO] (Minecraft) OpenGL debug message: id=1282, source=API, type=ERROR, severity=HIGH, message='GL_INVALID_OPERATION error generated. No active program.'
[18:01:26] [Render thread/INFO] (Minecraft) OpenGL debug message: id=1282, source=API, type=ERROR, severity=HIGH, message='GL_INVALID_OPERATION error generated. No active program.'
[18:01:26] [Render thread/INFO] (Minecraft) OpenGL debug message: id=1282, source=API, type=ERROR, severity=HIGH, message='GL_INVALID_OPERATION error generated. No active program.'
[18:01:26] [Render thread/INFO] (Minecraft) OpenGL debug message: id=1282, source=API, type=ERROR, severity=HIGH, message='GL_INVALID_OPERATION error generated. No active program.'
[18:01:26] [Render thread/INFO] (Minecraft) OpenGL debug message: id=1282, source=API, type=ERROR, severity=HIGH, message='GL_INVALID_OPERATION error generated. No active program.'
[18:01:26] [Render thread/INFO] (Minecraft) OpenGL debug message: id=1282, source=API, type=ERROR, severity=HIGH, message='GL_INVALID_OPERATION error generated. No active program.'
[18:01:26] [Render thread/INFO] (Minecraft) OpenGL debug message: id=1282, source=API, type=ERROR, severity=HIGH, message='GL_INVALID_OPERATION error generated. No active program.'
[18:01:26] [Render thread/INFO] (Minecraft) OpenGL debug message: id=1282, source=API, type=ERROR, severity=HIGH, message='GL_INVALID_OPERATION error generated. No active program.'
[18:01:26] [Render thread/INFO] (Minecraft) OpenGL debug message: id=1282, source=API, type=ERROR, severity=HIGH, message='GL_INVALID_OPERATION error generated. No active program.'
[18:01:26] [Render thread/INFO] (Minecraft) OpenGL debug message: id=1282, source=API, type=ERROR, severity=HIGH, message='GL_INVALID_OPERATION error generated. No active program.'
[18:01:27] [Render thread/INFO] (Minecraft) OpenGL debug message: id=1282, source=API, type=ERROR, severity=HIGH, message='GL_INVALID_OPERATION error generated. No active program.'
[18:01:27] [Render thread/INFO] (Minecraft) OpenGL debug message: id=1282, source=API, type=ERROR, severity=HIGH, message='GL_INVALID_OPERATION error generated. No active program.'
[18:01:27] [Render thread/INFO] (Minecraft) OpenGL debug message: id=1282, source=API, type=ERROR, severity=HIGH, message='GL_INVALID_OPERATION error generated. No active program.'
[18:01:27] [Render thread/INFO] (Minecraft) OpenGL debug message: id=1282, source=API, type=ERROR, severity=HIGH, message='GL_INVALID_OPERATION error generated. No active program.'
[18:01:27] [Render thread/INFO] (Minecraft) OpenGL debug message: id=1282, source=API, type=ERROR, severity=HIGH, message='GL_INVALID_OPERATION error generated. No active program.'
[18:01:27] [Render thread/INFO] (Minecraft) OpenGL debug message: id=1282, source=API, type=ERROR, severity=HIGH, message='GL_INVALID_OPERATION error generated. No active program.'
[18:01:27] [Render thread/INFO] (Minecraft) OpenGL debug message: id=1282, source=API, type=ERROR, severity=HIGH, message='GL_INVALID_OPERATION error generated. No active program.'
[18:01:27] [Render thread/INFO] (Minecraft) OpenGL debug message: id=1282, source=API, type=ERROR, severity=HIGH, message='GL_INVALID_OPERATION error generated. No active program.'
[18:01:27] [Render thread/INFO] (Minecraft) OpenGL debug message: id=1282, source=API, type=ERROR, severity=HIGH, message='GL_INVALID_OPERATION error generated. No active program.'
[18:01:27] [Render thread/INFO] (Minecraft) OpenGL debug message: id=1282, source=API, type=ERROR, severity=HIGH, message='GL_INVALID_OPERATION error generated. No active program.'
[18:01:28] [Render thread/INFO] (Minecraft) OpenGL debug message: id=1282, source=API, type=ERROR, severity=HIGH, message='GL_INVALID_OPERATION error generated. No active program.'
[18:01:28] [Render thread/INFO] (Minecraft) OpenGL debug message: id=1282, source=API, type=ERROR, severity=HIGH, message='GL_INVALID_OPERATION error generated. No active program.'
[18:01:28] [Render thread/INFO] (Minecraft) OpenGL debug message: id=1282, source=API, type=ERROR, severity=HIGH, message='GL_INVALID_OPERATION error generated. No active program.'
[18:01:28] [Render thread/INFO] (Minecraft) OpenGL debug message: id=1282, source=API, type=ERROR, severity=HIGH, message='GL_INVALID_OPERATION error generated. No active program.'
[18:01:28] [Render thread/INFO] (Minecraft) OpenGL debug message: id=1282, source=API, type=ERROR, severity=HIGH, message='GL_INVALID_OPERATION error generated. No active program.'
[18:01:28] [Render thread/INFO] (Minecraft) OpenGL debug message: id=1282, source=API, type=ERROR, severity=HIGH, message='GL_INVALID_OPERATION error generated. No active program.'
[18:01:28] [Render thread/INFO] (Minecraft) OpenGL debug message: id=1282, source=API, type=ERROR, severity=HIGH, message='GL_INVALID_OPERATION error generated. No active program.'
[18:01:28] [Render thread/INFO] (Minecraft) OpenGL debug message: id=1282, source=API, type=ERROR, severity=HIGH, message='GL_INVALID_OPERATION error generated. No active program.'
[18:01:28] [Render thread/INFO] (Minecraft) OpenGL debug message: id=1282, source=API, type=ERROR, severity=HIGH, message='GL_INVALID_OPERATION error generated. No active program.'
[18:01:28] [Render thread/INFO] (Minecraft) OpenGL debug message: id=1282, source=API, type=ERROR, severity=HIGH, message='GL_INVALID_OPERATION error generated. No active program.'
[18:01:29] [Render thread/INFO] (Minecraft) OpenGL debug message: id=1282, source=API, type=ERROR, severity=HIGH, message='GL_INVALID_OPERATION error generated. No active program.'
[18:01:29] [Render thread/INFO] (Minecraft) OpenGL debug message: id=1282, source=API, type=ERROR, severity=HIGH, message='GL_INVALID_OPERATION error generated. No active program.'
[18:01:29] [Render thread/INFO] (Minecraft) OpenGL debug message: id=1282, source=API, type=ERROR, severity=HIGH, message='GL_INVALID_OPERATION error generated. No active program.'
[18:01:29] [Render thread/INFO] (Minecraft) OpenGL debug message: id=1282, source=API, type=ERROR, severity=HIGH, message='GL_INVALID_OPERATION error generated. No active program.'
[18:01:29] [Render thread/INFO] (Minecraft) OpenGL debug message: id=1282, source=API, type=ERROR, severity=HIGH, message='GL_INVALID_OPERATION error generated. No active program.'
[18:01:29] [Render thread/INFO] (Minecraft) OpenGL debug message: id=1282, source=API, type=ERROR, severity=HIGH, message='GL_INVALID_OPERATION error generated. No active program.'
[18:01:29] [Render thread/INFO] (Minecraft) OpenGL debug message: id=1282, source=API, type=ERROR, severity=HIGH, message='GL_INVALID_OPERATION error generated. No active program.'
[18:01:29] [Render thread/INFO] (Minecraft) OpenGL debug message: id=1282, source=API, type=ERROR, severity=HIGH, message='GL_INVALID_OPERATION error generated. No active program.'
[18:01:29] [Render thread/INFO] (Minecraft) OpenGL debug message: id=1282, source=API, type=ERROR, severity=HIGH, message='GL_INVALID_OPERATION error generated. No active program.'
[18:01:29] [Render thread/INFO] (Minecraft) OpenGL debug message: id=1282, source=API, type=ERROR, severity=HIGH, message='GL_INVALID_OPERATION error generated. No active program.'
[18:01:30] [Render thread/INFO] (Minecraft) OpenGL debug message: id=1282, source=API, type=ERROR, severity=HIGH, message='GL_INVALID_OPERATION error generated. No active program.'
[18:01:30] [Render thread/INFO] (Minecraft) OpenGL debug message: id=1282, source=API, type=ERROR, severity=HIGH, message='GL_INVALID_OPERATION error generated. No active program.'
[18:01:30] [Render thread/INFO] (Minecraft) OpenGL debug message: id=1282, source=API, type=ERROR, severity=HIGH, message='GL_INVALID_OPERATION error generated. No active program.'
[18:01:30] [Render thread/INFO] (Minecraft) OpenGL debug message: id=1282, source=API, type=ERROR, severity=HIGH, message='GL_INVALID_OPERATION error generated. No active program.'
[18:01:30] [Render thread/INFO] (Minecraft) OpenGL debug message: id=1282, source=API, type=ERROR, severity=HIGH, message='GL_INVALID_OPERATION error generated. No active program.'
[18:01:30] [Render thread/INFO] (Minecraft) OpenGL debug message: id=1282, source=API, type=ERROR, severity=HIGH, message='GL_INVALID_OPERATION error generated. No active program.'
[18:01:30] [Render thread/INFO] (Minecraft) OpenGL debug message: id=1282, source=API, type=ERROR, severity=HIGH, message='GL_INVALID_OPERATION error generated. No active program.'
[18:01:30] [Render thread/INFO] (Minecraft) OpenGL debug message: id=1282, source=API, type=ERROR, severity=HIGH, message='GL_INVALID_OPERATION error generated. No active program.'
[18:01:30] [Render thread/INFO] (Minecraft) OpenGL debug message: id=1282, source=API, type=ERROR, severity=HIGH, message='GL_INVALID_OPERATION error generated. No active program.'
[18:01:30] [Render thread/INFO] (Minecraft) OpenGL debug message: id=1282, source=API, type=ERROR, severity=HIGH, message='GL_INVALID_OPERATION error generated. No active program.'
[18:01:31] [Render thread/INFO] (Minecraft) OpenGL debug message: id=1282, source=API, type=ERROR, severity=HIGH, message='GL_INVALID_OPERATION error generated. No active program.'
[18:01:31] [Render thread/INFO] (Minecraft) OpenGL debug message: id=1282, source=API, type=ERROR, severity=HIGH, message='GL_INVALID_OPERATION error generated. No active program.'
[18:01:31] [Render thread/INFO] (Minecraft) OpenGL debug message: id=1282, source=API, type=ERROR, severity=HIGH, message='GL_INVALID_OPERATION error generated. No active program.'
[18:01:31] [Render thread/INFO] (Minecraft) OpenGL debug message: id=1282, source=API, type=ERROR, severity=HIGH, message='GL_INVALID_OPERATION error generated. No active program.'
[18:01:31] [Render thread/INFO] (Minecraft) OpenGL debug message: id=1282, source=API, type=ERROR, severity=HIGH, message='GL_INVALID_OPERATION error generated. No active program.'
[18:01:31] [Render thread/INFO] (Minecraft) OpenGL debug message: id=1282, source=API, type=ERROR, severity=HIGH, message='GL_INVALID_OPERATION error generated. No active program.'
[18:01:31] [Render thread/INFO] (Minecraft) OpenGL debug message: id=1282, source=API, type=ERROR, severity=HIGH, message='GL_INVALID_OPERATION error generated. No active program.'
[18:01:31] [Render thread/INFO] (Minecraft) OpenGL debug message: id=1282, source=API, type=ERROR, severity=HIGH, message='GL_INVALID_OPERATION error generated. No active program.'
[18:01:31] [Render thread/INFO] (Minecraft) OpenGL debug message: id=1282, source=API, type=ERROR, severity=HIGH, message='GL_INVALID_OPERATION error generated. No active program.'
[18:01:31] [Render thread/INFO] (Minecraft) OpenGL debug message: id=1282, source=API, type=ERROR, severity=HIGH, message='GL_INVALID_OPERATION error generated. No active program.'
[18:01:32] [Render thread/INFO] (Minecraft) OpenGL debug message: id=1282, source=API, type=ERROR, severity=HIGH, message='GL_INVALID_OPERATION error generated. No active program.'
[18:01:32] [Render thread/INFO] (Minecraft) OpenGL debug message: id=1282, source=API, type=ERROR, severity=HIGH, message='GL_INVALID_OPERATION error generated. No active program.'
[18:01:32] [Render thread/INFO] (Minecraft) OpenGL debug message: id=1282, source=API, type=ERROR, severity=HIGH, message='GL_INVALID_OPERATION error generated. No active program.'
[18:01:32] [Render thread/INFO] (Minecraft) OpenGL debug message: id=1282, source=API, type=ERROR, severity=HIGH, message='GL_INVALID_OPERATION error generated. No active program.'
[18:01:32] [Render thread/INFO] (Minecraft) OpenGL debug message: id=1282, source=API, type=ERROR, severity=HIGH, message='GL_INVALID_OPERATION error generated. No active program.'
[18:01:32] [Render thread/INFO] (Minecraft) OpenGL debug message: id=1282, source=API, type=ERROR, severity=HIGH, message='GL_INVALID_OPERATION error generated. No active program.'
[18:01:32] [Render thread/INFO] (Minecraft) OpenGL debug message: id=1282, source=API, type=ERROR, severity=HIGH, message='GL_INVALID_OPERATION error generated. No active program.'
[18:01:32] [Render thread/INFO] (Minecraft) OpenGL debug message: id=1282, source=API, type=ERROR, severity=HIGH, message='GL_INVALID_OPERATION error generated. No active program.'
[18:01:32] [Render thread/INFO] (Minecraft) OpenGL debug message: id=1282, source=API, type=ERROR, severity=HIGH, message='GL_INVALID_OPERATION error generated. No active program.'
[18:01:32] [Render thread/INFO] (Minecraft) OpenGL debug message: id=1282, source=API, type=ERROR, severity=HIGH, message='GL_INVALID_OPERATION error generated. No active program.'
[18:01:33] [Render thread/INFO] (Minecraft) OpenGL debug message: id=1282, source=API, type=ERROR, severity=HIGH, message='GL_INVALID_OPERATION error generated. No active program.'
[18:01:33] [Render thread/INFO] (Minecraft) OpenGL debug message: id=1282, source=API, type=ERROR, severity=HIGH, message='GL_INVALID_OPERATION error generated. No active program.'
[18:01:33] [Render thread/INFO] (Minecraft) OpenGL debug message: id=1282, source=API, type=ERROR, severity=HIGH, message='GL_INVALID_OPERATION error generated. No active program.'
[18:01:33] [Render thread/INFO] (Minecraft) OpenGL debug message: id=1282, source=API, type=ERROR, severity=HIGH, message='GL_INVALID_OPERATION error generated. No active program.'
[18:01:33] [Render thread/INFO] (Minecraft) OpenGL debug message: id=1282, source=API, type=ERROR, severity=HIGH, message='GL_INVALID_OPERATION error generated. No active program.'
[18:01:33] [Render thread/INFO] (Minecraft) OpenGL debug message: id=1282, source=API, type=ERROR, severity=HIGH, message='GL_INVALID_OPERATION error generated. No active program.'
[18:01:33] [Render thread/INFO] (Minecraft) OpenGL debug message: id=1282, source=API, type=ERROR, severity=HIGH, message='GL_INVALID_OPERATION error generated. No active program.'
[18:01:33] [Render thread/INFO] (Minecraft) OpenGL debug message: id=1282, source=API, type=ERROR, severity=HIGH, message='GL_INVALID_OPERATION error generated. No active program.'
[18:01:33] [Render thread/INFO] (Minecraft) OpenGL debug message: id=1282, source=API, type=ERROR, severity=HIGH, message='GL_INVALID_OPERATION error generated. No active program.'
[18:01:33] [Render thread/INFO] (Minecraft) OpenGL debug message: id=1282, source=API, type=ERROR, severity=HIGH, message='GL_INVALID_OPERATION error generated. No active program.'
[18:01:34] [Render thread/INFO] (Minecraft) OpenGL debug message: id=1282, source=API, type=ERROR, severity=HIGH, message='GL_INVALID_OPERATION error generated. No active program.'
[18:01:34] [Render thread/INFO] (Minecraft) OpenGL debug message: id=1282, source=API, type=ERROR, severity=HIGH, message='GL_INVALID_OPERATION error generated. No active program.'
[18:01:34] [Render thread/INFO] (Minecraft) OpenGL debug message: id=1282, source=API, type=ERROR, severity=HIGH, message='GL_INVALID_OPERATION error generated. No active program.'
[18:01:34] [Render thread/INFO] (Minecraft) OpenGL debug message: id=1282, source=API, type=ERROR, severity=HIGH, message='GL_INVALID_OPERATION error generated. No active program.'
[18:01:34] [Render thread/INFO] (Minecraft) OpenGL debug message: id=1282, source=API, type=ERROR, severity=HIGH, message='GL_INVALID_OPERATION error generated. No active program.'
[18:01:34] [Render thread/INFO] (Minecraft) OpenGL debug message: id=1282, source=API, type=ERROR, severity=HIGH, message='GL_INVALID_OPERATION error generated. No active program.'
[18:01:34] [Render thread/INFO] (Minecraft) OpenGL debug message: id=1282, source=API, type=ERROR, severity=HIGH, message='GL_INVALID_OPERATION error generated. No active program.'
[18:01:34] [Render thread/INFO] (Minecraft) OpenGL debug message: id=1282, source=API, type=ERROR, severity=HIGH, message='GL_INVALID_OPERATION error generated. No active program.'
[18:01:34] [Render thread/INFO] (Minecraft) OpenGL debug message: id=1282, source=API, type=ERROR, severity=HIGH, message='GL_INVALID_OPERATION error generated. No active program.'
[18:01:34] [Render thread/INFO] (Minecraft) OpenGL debug message: id=1282, source=API, type=ERROR, severity=HIGH, message='GL_INVALID_OPERATION error generated. No active program.'
[18:01:35] [Render thread/INFO] (Minecraft) OpenGL debug message: id=1282, source=API, type=ERROR, severity=HIGH, message='GL_INVALID_OPERATION error generated. No active program.'
[18:01:35] [Render thread/INFO] (Minecraft) OpenGL debug message: id=1282, source=API, type=ERROR, severity=HIGH, message='GL_INVALID_OPERATION error generated. No active program.'
[18:01:35] [Render thread/INFO] (Minecraft) OpenGL debug message: id=1282, source=API, type=ERROR, severity=HIGH, message='GL_INVALID_OPERATION error generated. No active program.'
[18:01:35] [Render thread/INFO] (Minecraft) OpenGL debug message: id=1282, source=API, type=ERROR, severity=HIGH, message='GL_INVALID_OPERATION error generated. No active program.'
[18:01:35] [Render thread/INFO] (Minecraft) OpenGL debug message: id=1282, source=API, type=ERROR, severity=HIGH, message='GL_INVALID_OPERATION error generated. No active program.'
[18:01:35] [Render thread/INFO] (Minecraft) OpenGL debug message: id=1282, source=API, type=ERROR, severity=HIGH, message='GL_INVALID_OPERATION error generated. No active program.'
[18:01:35] [Render thread/INFO] (Minecraft) OpenGL debug message: id=1282, source=API, type=ERROR, severity=HIGH, message='GL_INVALID_OPERATION error generated. No active program.'
[18:01:35] [Render thread/INFO] (Minecraft) OpenGL debug message: id=1282, source=API, type=ERROR, severity=HIGH, message='GL_INVALID_OPERATION error generated. No active program.'
[18:01:35] [Render thread/INFO] (Minecraft) OpenGL debug message: id=1282, source=API, type=ERROR, severity=HIGH, message='GL_INVALID_OPERATION error generated. No active program.'
[18:01:35] [Render thread/INFO] (Minecraft) OpenGL debug message: id=1282, source=API, type=ERROR, severity=HIGH, message='GL_INVALID_OPERATION error generated. No active program.'
[18:01:36] [Render thread/INFO] (Minecraft) OpenGL debug message: id=1282, source=API, type=ERROR, severity=HIGH, message='GL_INVALID_OPERATION error generated. No active program.'
[18:01:36] [Render thread/INFO] (Minecraft) OpenGL debug message: id=1282, source=API, type=ERROR, severity=HIGH, message='GL_INVALID_OPERATION error generated. No active program.'
[18:01:36] [Render thread/INFO] (Minecraft) OpenGL debug message: id=1282, source=API, type=ERROR, severity=HIGH, message='GL_INVALID_OPERATION error generated. No active program.'
[18:01:36] [Render thread/INFO] (Minecraft) OpenGL debug message: id=1282, source=API, type=ERROR, severity=HIGH, message='GL_INVALID_OPERATION error generated. No active program.'
[18:01:36] [Render thread/INFO] (Minecraft) OpenGL debug message: id=1282, source=API, type=ERROR, severity=HIGH, message='GL_INVALID_OPERATION error generated. No active program.'
[18:01:36] [Render thread/INFO] (Minecraft) OpenGL debug message: id=1282, source=API, type=ERROR, severity=HIGH, message='GL_INVALID_OPERATION error generated. No active program.'
[18:01:36] [Render thread/INFO] (Minecraft) OpenGL debug message: id=1282, source=API, type=ERROR, severity=HIGH, message='GL_INVALID_OPERATION error generated. No active program.'
[18:01:36] [Render thread/INFO] (Minecraft) OpenGL debug message: id=1282, source=API, type=ERROR, severity=HIGH, message='GL_INVALID_OPERATION error generated. No active program.'
[18:01:36] [Render thread/INFO] (Minecraft) OpenGL debug message: id=1282, source=API, type=ERROR, severity=HIGH, message='GL_INVALID_OPERATION error generated. No active program.'
[18:01:37] [Render thread/INFO] (Minecraft) OpenGL debug message: id=1282, source=API, type=ERROR, severity=HIGH, message='GL_INVALID_OPERATION error generated. No active program.'
[18:01:37] [Render thread/INFO] (Minecraft) OpenGL debug message: id=1282, source=API, type=ERROR, severity=HIGH, message='GL_INVALID_OPERATION error generated. No active program.'
[18:01:37] [Render thread/INFO] (Minecraft) OpenGL debug message: id=1282, source=API, type=ERROR, severity=HIGH, message='GL_INVALID_OPERATION error generated. No active program.'
[18:01:37] [Render thread/INFO] (Minecraft) OpenGL debug message: id=1282, source=API, type=ERROR, severity=HIGH, message='GL_INVALID_OPERATION error generated. No active program.'
[18:01:37] [Render thread/INFO] (Minecraft) OpenGL debug message: id=1282, source=API, type=ERROR, severity=HIGH, message='GL_INVALID_OPERATION error generated. No active program.'
[18:01:37] [Render thread/INFO] (Minecraft) OpenGL debug message: id=1282, source=API, type=ERROR, severity=HIGH, message='GL_INVALID_OPERATION error generated. No active program.'
[18:01:37] [Render thread/INFO] (Minecraft) OpenGL debug message: id=1282, source=API, type=ERROR, severity=HIGH, message='GL_INVALID_OPERATION error generated. No active program.'
[18:01:37] [Render thread/INFO] (Minecraft) OpenGL debug message: id=1282, source=API, type=ERROR, severity=HIGH, message='GL_INVALID_OPERATION error generated. No active program.'
[18:01:37] [Render thread/INFO] (Minecraft) OpenGL debug message: id=1282, source=API, type=ERROR, severity=HIGH, message='GL_INVALID_OPERATION error generated. No active program.'
[18:01:37] [Render thread/INFO] (Minecraft) OpenGL debug message: id=1282, source=API, type=ERROR, severity=HIGH, message='GL_INVALID_OPERATION error generated. No active program.'
[18:01:38] [Render thread/INFO] (Minecraft) OpenGL debug message: id=1282, source=API, type=ERROR, severity=HIGH, message='GL_INVALID_OPERATION error generated. No active program.'
[18:01:38] [Render thread/INFO] (Minecraft) OpenGL debug message: id=1282, source=API, type=ERROR, severity=HIGH, message='GL_INVALID_OPERATION error generated. No active program.'
[18:01:38] [Render thread/INFO] (Minecraft) OpenGL debug message: id=1282, source=API, type=ERROR, severity=HIGH, message='GL_INVALID_OPERATION error generated. No active program.'
[18:01:38] [Render thread/INFO] (Minecraft) OpenGL debug message: id=1282, source=API, type=ERROR, severity=HIGH, message='GL_INVALID_OPERATION error generated. No active program.'
[18:01:38] [Render thread/INFO] (Minecraft) OpenGL debug message: id=1282, source=API, type=ERROR, severity=HIGH, message='GL_INVALID_OPERATION error generated. No active program.'
[18:01:38] [Render thread/INFO] (Minecraft) OpenGL debug message: id=1282, source=API, type=ERROR, severity=HIGH, message='GL_INVALID_OPERATION error generated. No active program.'
[18:01:38] [Render thread/INFO] (Minecraft) OpenGL debug message: id=1282, source=API, type=ERROR, severity=HIGH, message='GL_INVALID_OPERATION error generated. No active program.'
[18:01:38] [Render thread/INFO] (Minecraft) OpenGL debug message: id=1282, source=API, type=ERROR, severity=HIGH, message='GL_INVALID_OPERATION error generated. No active program.'
[18:01:38] [Render thread/INFO] (Minecraft) OpenGL debug message: id=1282, source=API, type=ERROR, severity=HIGH, message='GL_INVALID_OPERATION error generated. No active program.'
[18:01:38] [Render thread/INFO] (Minecraft) OpenGL debug message: id=1282, source=API, type=ERROR, severity=HIGH, message='GL_INVALID_OPERATION error generated. No active program.'
[18:01:38] [Render thread/INFO] (Minecraft) OpenGL debug message: id=1282, source=API, type=ERROR, severity=HIGH, message='GL_INVALID_OPERATION error generated. No active program.'
[18:01:39] [Render thread/INFO] (Minecraft) OpenGL debug message: id=1282, source=API, type=ERROR, severity=HIGH, message='GL_INVALID_OPERATION error generated. No active program.'
[18:01:39] [Render thread/INFO] (Minecraft) OpenGL debug message: id=1282, source=API, type=ERROR, severity=HIGH, message='GL_INVALID_OPERATION error generated. No active program.'
[18:01:39] [Render thread/INFO] (Minecraft) OpenGL debug message: id=1282, source=API, type=ERROR, severity=HIGH, message='GL_INVALID_OPERATION error generated. No active program.'
[18:01:39] [Render thread/INFO] (Minecraft) OpenGL debug message: id=1282, source=API, type=ERROR, severity=HIGH, message='GL_INVALID_OPERATION error generated. No active program.'
[18:01:39] [Render thread/INFO] (Minecraft) OpenGL debug message: id=1282, source=API, type=ERROR, severity=HIGH, message='GL_INVALID_OPERATION error generated. No active program.'
[18:01:39] [Render thread/INFO] (Minecraft) OpenGL debug message: id=1282, source=API, type=ERROR, severity=HIGH, message='GL_INVALID_OPERATION error generated. No active program.'
[18:01:39] [Render thread/INFO] (Minecraft) OpenGL debug message: id=1282, source=API, type=ERROR, severity=HIGH, message='GL_INVALID_OPERATION error generated. No active program.'
[18:01:39] [Render thread/INFO] (Minecraft) OpenGL debug message: id=1282, source=API, type=ERROR, severity=HIGH, message='GL_INVALID_OPERATION error generated. No active program.'
[18:01:39] [Render thread/INFO] (Minecraft) OpenGL debug message: id=1282, source=API, type=ERROR, severity=HIGH, message='GL_INVALID_OPERATION error generated. No active program.'
[18:01:39] [Render thread/INFO] (Minecraft) OpenGL debug message: id=1282, source=API, type=ERROR, severity=HIGH, message='GL_INVALID_OPERATION error generated. No active program.'
[18:01:40] [Render thread/INFO] (Minecraft) OpenGL debug message: id=1282, source=API, type=ERROR, severity=HIGH, message='GL_INVALID_OPERATION error generated. No active program.'
[18:01:40] [Render thread/INFO] (Minecraft) OpenGL debug message: id=1282, source=API, type=ERROR, severity=HIGH, message='GL_INVALID_OPERATION error generated. No active program.'
[18:01:40] [Render thread/INFO] (Minecraft) OpenGL debug message: id=1282, source=API, type=ERROR, severity=HIGH, message='GL_INVALID_OPERATION error generated. No active program.'
[18:01:40] [Render thread/INFO] (Minecraft) OpenGL debug message: id=1282, source=API, type=ERROR, severity=HIGH, message='GL_INVALID_OPERATION error generated. No active program.'
[18:01:40] [Render thread/INFO] (Minecraft) OpenGL debug message: id=1282, source=API, type=ERROR, severity=HIGH, message='GL_INVALID_OPERATION error generated. No active program.'
[18:01:40] [Render thread/INFO] (Minecraft) OpenGL debug message: id=1282, source=API, type=ERROR, severity=HIGH, message='GL_INVALID_OPERATION error generated. No active program.'
[18:01:40] [Render thread/INFO] (Minecraft) OpenGL debug message: id=1282, source=API, type=ERROR, severity=HIGH, message='GL_INVALID_OPERATION error generated. No active program.'
[18:01:40] [Render thread/INFO] (Minecraft) OpenGL debug message: id=1282, source=API, type=ERROR, severity=HIGH, message='GL_INVALID_OPERATION error generated. No active program.'
[18:01:40] [Render thread/INFO] (Minecraft) OpenGL debug message: id=1282, source=API, type=ERROR, severity=HIGH, message='GL_INVALID_OPERATION error generated. No active program.'
[18:01:41] [Render thread/INFO] (Minecraft) OpenGL debug message: id=1282, source=API, type=ERROR, severity=HIGH, message='GL_INVALID_OPERATION error generated. No active program.'
[18:01:41] [Render thread/INFO] (Minecraft) OpenGL debug message: id=1282, source=API, type=ERROR, severity=HIGH, message='GL_INVALID_OPERATION error generated. No active program.'
[18:01:41] [Render thread/INFO] (Minecraft) OpenGL debug message: id=1282, source=API, type=ERROR, severity=HIGH, message='GL_INVALID_OPERATION error generated. No active program.'
[18:01:41] [Render thread/INFO] (Minecraft) OpenGL debug message: id=1282, source=API, type=ERROR, severity=HIGH, message='GL_INVALID_OPERATION error generated. No active program.'
[18:01:41] [Render thread/INFO] (Minecraft) OpenGL debug message: id=1282, source=API, type=ERROR, severity=HIGH, message='GL_INVALID_OPERATION error generated. No active program.'
[18:01:41] [Render thread/INFO] (Minecraft) OpenGL debug message: id=1282, source=API, type=ERROR, severity=HIGH, message='GL_INVALID_OPERATION error generated. No active program.'
[18:01:41] [Render thread/INFO] (Minecraft) OpenGL debug message: id=1282, source=API, type=ERROR, severity=HIGH, message='GL_INVALID_OPERATION error generated. No active program.'
[18:01:41] [Render thread/INFO] (Minecraft) OpenGL debug message: id=1282, source=API, type=ERROR, severity=HIGH, message='GL_INVALID_OPERATION error generated. No active program.'
[18:01:41] [Render thread/INFO] (Minecraft) OpenGL debug message: id=1282, source=API, type=ERROR, severity=HIGH, message='GL_INVALID_OPERATION error generated. No active program.'
[18:01:41] [Render thread/INFO] (Minecraft) OpenGL debug message: id=1282, source=API, type=ERROR, severity=HIGH, message='GL_INVALID_OPERATION error generated. No active program.'
[18:01:42] [Render thread/INFO] (Minecraft) OpenGL debug message: id=1282, source=API, type=ERROR, severity=HIGH, message='GL_INVALID_OPERATION error generated. No active program.'
[18:01:42] [Render thread/INFO] (Minecraft) OpenGL debug message: id=1282, source=API, type=ERROR, severity=HIGH, message='GL_INVALID_OPERATION error generated. No active program.'
[18:01:42] [Render thread/INFO] (Minecraft) OpenGL debug message: id=1282, source=API, type=ERROR, severity=HIGH, message='GL_INVALID_OPERATION error generated. No active program.'
[18:01:42] [Render thread/INFO] (Minecraft) OpenGL debug message: id=1282, source=API, type=ERROR, severity=HIGH, message='GL_INVALID_OPERATION error generated. No active program.'
[18:01:42] [Render thread/INFO] (Minecraft) OpenGL debug message: id=1282, source=API, type=ERROR, severity=HIGH, message='GL_INVALID_OPERATION error generated. No active program.'
[18:01:42] [Render thread/INFO] (Minecraft) OpenGL debug message: id=1282, source=API, type=ERROR, severity=HIGH, message='GL_INVALID_OPERATION error generated. No active program.'
[18:01:42] [Render thread/INFO] (Minecraft) OpenGL debug message: id=1282, source=API, type=ERROR, severity=HIGH, message='GL_INVALID_OPERATION error generated. No active program.'
[18:01:42] [Render thread/INFO] (Minecraft) OpenGL debug message: id=1282, source=API, type=ERROR, severity=HIGH, message='GL_INVALID_OPERATION error generated. No active program.'
[18:01:42] [Render thread/INFO] (Minecraft) OpenGL debug message: id=1282, source=API, type=ERROR, severity=HIGH, message='GL_INVALID_OPERATION error generated. No active program.'
[18:01:42] [Render thread/INFO] (Minecraft) OpenGL debug message: id=1282, source=API, type=ERROR, severity=HIGH, message='GL_INVALID_OPERATION error generated. No active program.'
[18:01:43] [Render thread/INFO] (Minecraft) OpenGL debug message: id=1282, source=API, type=ERROR, severity=HIGH, message='GL_INVALID_OPERATION error generated. No active program.'
[18:01:43] [Render thread/INFO] (Minecraft) OpenGL debug message: id=1282, source=API, type=ERROR, severity=HIGH, message='GL_INVALID_OPERATION error generated. No active program.'
[18:01:43] [Render thread/INFO] (Minecraft) OpenGL debug message: id=1282, source=API, type=ERROR, severity=HIGH, message='GL_INVALID_OPERATION error generated. No active program.'
[18:01:43] [Render thread/INFO] (Minecraft) OpenGL debug message: id=1282, source=API, type=ERROR, severity=HIGH, message='GL_INVALID_OPERATION error generated. No active program.'
[18:01:43] [Render thread/INFO] (Minecraft) OpenGL debug message: id=1282, source=API, type=ERROR, severity=HIGH, message='GL_INVALID_OPERATION error generated. No active program.'
[18:01:43] [Render thread/INFO] (Minecraft) OpenGL debug message: id=1282, source=API, type=ERROR, severity=HIGH, message='GL_INVALID_OPERATION error generated. No active program.'
[18:01:43] [Render thread/INFO] (Minecraft) OpenGL debug message: id=1282, source=API, type=ERROR, severity=HIGH, message='GL_INVALID_OPERATION error generated. No active program.'
[18:01:43] [Render thread/INFO] (Minecraft) OpenGL debug message: id=1282, source=API, type=ERROR, severity=HIGH, message='GL_INVALID_OPERATION error generated. No active program.'
[18:01:43] [Render thread/INFO] (Minecraft) OpenGL debug message: id=1282, source=API, type=ERROR, severity=HIGH, message='GL_INVALID_OPERATION error generated. No active program.'
[18:01:43] [Render thread/INFO] (Minecraft) OpenGL debug message: id=1282, source=API, type=ERROR, severity=HIGH, message='GL_INVALID_OPERATION error generated. No active program.'
[18:01:43] [Render thread/INFO] (Minecraft) OpenGL debug message: id=1282, source=API, type=ERROR, severity=HIGH, message='GL_INVALID_OPERATION error generated. No active program.'
[18:01:44] [Render thread/INFO] (Minecraft) OpenGL debug message: id=1282, source=API, type=ERROR, severity=HIGH, message='GL_INVALID_OPERATION error generated. No active program.'
[18:01:44] [Render thread/INFO] (Minecraft) OpenGL debug message: id=1282, source=API, type=ERROR, severity=HIGH, message='GL_INVALID_OPERATION error generated. No active program.'
[18:01:44] [Render thread/INFO] (Minecraft) OpenGL debug message: id=1282, source=API, type=ERROR, severity=HIGH, message='GL_INVALID_OPERATION error generated. No active program.'
[18:01:44] [Render thread/INFO] (Minecraft) OpenGL debug message: id=1282, source=API, type=ERROR, severity=HIGH, message='GL_INVALID_OPERATION error generated. No active program.'
[18:01:44] [Render thread/INFO] (Minecraft) OpenGL debug message: id=1282, source=API, type=ERROR, severity=HIGH, message='GL_INVALID_OPERATION error generated. No active program.'
[18:01:44] [Render thread/INFO] (Minecraft) OpenGL debug message: id=1282, source=API, type=ERROR, severity=HIGH, message='GL_INVALID_OPERATION error generated. No active program.'
[18:01:44] [Render thread/INFO] (Minecraft) OpenGL debug message: id=1282, source=API, type=ERROR, severity=HIGH, message='GL_INVALID_OPERATION error generated. No active program.'
[18:01:44] [Render thread/INFO] (Minecraft) OpenGL debug message: id=1282, source=API, type=ERROR, severity=HIGH, message='GL_INVALID_OPERATION error generated. No active program.'
[18:01:44] [Render thread/INFO] (Minecraft) OpenGL debug message: id=1282, source=API, type=ERROR, severity=HIGH, message='GL_INVALID_OPERATION error generated. No active program.'
[18:01:45] [Render thread/INFO] (Minecraft) OpenGL debug message: id=1282, source=API, type=ERROR, severity=HIGH, message='GL_INVALID_OPERATION error generated. No active program.'
[18:01:45] [Render thread/INFO] (Minecraft) OpenGL debug message: id=1282, source=API, type=ERROR, severity=HIGH, message='GL_INVALID_OPERATION error generated. No active program.'
[18:01:45] [Render thread/INFO] (Minecraft) OpenGL debug message: id=1282, source=API, type=ERROR, severity=HIGH, message='GL_INVALID_OPERATION error generated. No active program.'
[18:01:45] [Render thread/INFO] (Minecraft) OpenGL debug message: id=1282, source=API, type=ERROR, severity=HIGH, message='GL_INVALID_OPERATION error generated. No active program.'
[18:01:45] [Render thread/INFO] (Minecraft) OpenGL debug message: id=1282, source=API, type=ERROR, severity=HIGH, message='GL_INVALID_OPERATION error generated. No active program.'
[18:01:45] [Render thread/INFO] (Minecraft) OpenGL debug message: id=1282, source=API, type=ERROR, severity=HIGH, message='GL_INVALID_OPERATION error generated. No active program.'
[18:01:45] [Render thread/INFO] (Minecraft) OpenGL debug message: id=1282, source=API, type=ERROR, severity=HIGH, message='GL_INVALID_OPERATION error generated. No active program.'
[18:01:45] [Render thread/INFO] (Minecraft) OpenGL debug message: id=1282, source=API, type=ERROR, severity=HIGH, message='GL_INVALID_OPERATION error generated. No active program.'
[18:01:45] [Render thread/INFO] (Minecraft) OpenGL debug message: id=1282, source=API, type=ERROR, severity=HIGH, message='GL_INVALID_OPERATION error generated. No active program.'
[18:01:45] [Render thread/INFO] (Minecraft) OpenGL debug message: id=1282, source=API, type=ERROR, severity=HIGH, message='GL_INVALID_OPERATION error generated. No active program.'
[18:01:46] [Render thread/INFO] (Minecraft) OpenGL debug message: id=1282, source=API, type=ERROR, severity=HIGH, message='GL_INVALID_OPERATION error generated. No active program.'
[18:01:46] [Render thread/INFO] (Minecraft) OpenGL debug message: id=1282, source=API, type=ERROR, severity=HIGH, message='GL_INVALID_OPERATION error generated. No active program.'
[18:01:46] [Render thread/INFO] (Minecraft) OpenGL debug message: id=1282, source=API, type=ERROR, severity=HIGH, message='GL_INVALID_OPERATION error generated. No active program.'
[18:01:46] [Render thread/INFO] (Minecraft) OpenGL debug message: id=1282, source=API, type=ERROR, severity=HIGH, message='GL_INVALID_OPERATION error generated. No active program.'
[18:01:46] [Render thread/INFO] (Minecraft) OpenGL debug message: id=1282, source=API, type=ERROR, severity=HIGH, message='GL_INVALID_OPERATION error generated. No active program.'
[18:01:46] [Render thread/INFO] (Minecraft) OpenGL debug message: id=1282, source=API, type=ERROR, severity=HIGH, message='GL_INVALID_OPERATION error generated. No active program.'
[18:01:46] [Render thread/INFO] (Minecraft) OpenGL debug message: id=1282, source=API, type=ERROR, severity=HIGH, message='GL_INVALID_OPERATION error generated. No active program.'
[18:01:46] [Render thread/INFO] (Minecraft) OpenGL debug message: id=1282, source=API, type=ERROR, severity=HIGH, message='GL_INVALID_OPERATION error generated. No active program.'
[18:01:46] [Render thread/INFO] (Minecraft) OpenGL debug message: id=1282, source=API, type=ERROR, severity=HIGH, message='GL_INVALID_OPERATION error generated. No active program.'
[18:01:46] [Render thread/INFO] (Minecraft) OpenGL debug message: id=1282, source=API, type=ERROR, severity=HIGH, message='GL_INVALID_OPERATION error generated. No active program.'
[18:01:46] [Render thread/INFO] (Minecraft) OpenGL debug message: id=1282, source=API, type=ERROR, severity=HIGH, message='GL_INVALID_OPERATION error generated. No active program.'
[18:01:47] [Render thread/INFO] (Minecraft) OpenGL debug message: id=1282, source=API, type=ERROR, severity=HIGH, message='GL_INVALID_OPERATION error generated. No active program.'
[18:01:47] [Render thread/INFO] (Minecraft) OpenGL debug message: id=1282, source=API, type=ERROR, severity=HIGH, message='GL_INVALID_OPERATION error generated. No active program.'
[18:01:47] [Render thread/INFO] (Minecraft) OpenGL debug message: id=1282, source=API, type=ERROR, severity=HIGH, message='GL_INVALID_OPERATION error generated. No active program.'
[18:01:47] [Render thread/INFO] (Minecraft) OpenGL debug message: id=1282, source=API, type=ERROR, severity=HIGH, message='GL_INVALID_OPERATION error generated. No active program.'
[18:01:47] [Render thread/INFO] (Minecraft) OpenGL debug message: id=1282, source=API, type=ERROR, severity=HIGH, message='GL_INVALID_OPERATION error generated. No active program.'
[18:01:47] [Render thread/INFO] (Minecraft) OpenGL debug message: id=1282, source=API, type=ERROR, severity=HIGH, message='GL_INVALID_OPERATION error generated. No active program.'
[18:01:47] [Render thread/INFO] (Minecraft) OpenGL debug message: id=1282, source=API, type=ERROR, severity=HIGH, message='GL_INVALID_OPERATION error generated. No active program.'
[18:01:47] [Render thread/INFO] (Minecraft) OpenGL debug message: id=1282, source=API, type=ERROR, severity=HIGH, message='GL_INVALID_OPERATION error generated. No active program.'
[18:01:47] [Render thread/INFO] (Minecraft) OpenGL debug message: id=1282, source=API, type=ERROR, severity=HIGH, message='GL_INVALID_OPERATION error generated. No active program.'
[18:01:47] [Render thread/INFO] (Minecraft) OpenGL debug message: id=1282, source=API, type=ERROR, severity=HIGH, message='GL_INVALID_OPERATION error generated. No active program.'
[18:01:48] [Render thread/INFO] (Minecraft) OpenGL debug message: id=1282, source=API, type=ERROR, severity=HIGH, message='GL_INVALID_OPERATION error generated. No active program.'
[18:01:48] [Render thread/INFO] (Minecraft) OpenGL debug message: id=1282, source=API, type=ERROR, severity=HIGH, message='GL_INVALID_OPERATION error generated. No active program.'
[18:01:48] [Render thread/INFO] (Minecraft) OpenGL debug message: id=1282, source=API, type=ERROR, severity=HIGH, message='GL_INVALID_OPERATION error generated. No active program.'
[18:01:48] [Render thread/INFO] (Minecraft) OpenGL debug message: id=1282, source=API, type=ERROR, severity=HIGH, message='GL_INVALID_OPERATION error generated. No active program.'
[18:01:48] [Render thread/INFO] (Minecraft) OpenGL debug message: id=1282, source=API, type=ERROR, severity=HIGH, message='GL_INVALID_OPERATION error generated. No active program.'
[18:01:48] [Render thread/INFO] (Minecraft) OpenGL debug message: id=1282, source=API, type=ERROR, severity=HIGH, message='GL_INVALID_OPERATION error generated. No active program.'
[18:01:48] [Render thread/INFO] (Minecraft) OpenGL debug message: id=1282, source=API, type=ERROR, severity=HIGH, message='GL_INVALID_OPERATION error generated. No active program.'
[18:01:48] [Render thread/INFO] (Minecraft) OpenGL debug message: id=1282, source=API, type=ERROR, severity=HIGH, message='GL_INVALID_OPERATION error generated. No active program.'
[18:01:48] [Render thread/INFO] (Minecraft) OpenGL debug message: id=1282, source=API, type=ERROR, severity=HIGH, message='GL_INVALID_OPERATION error generated. No active program.'
[18:01:49] [Render thread/INFO] (Minecraft) OpenGL debug message: id=1282, source=API, type=ERROR, severity=HIGH, message='GL_INVALID_OPERATION error generated. No active program.'
[18:01:49] [Render thread/INFO] (Minecraft) OpenGL debug message: id=1282, source=API, type=ERROR, severity=HIGH, message='GL_INVALID_OPERATION error generated. No active program.'
[18:01:49] [Render thread/INFO] (Minecraft) OpenGL debug message: id=1282, source=API, type=ERROR, severity=HIGH, message='GL_INVALID_OPERATION error generated. No active program.'
[18:01:49] [Render thread/INFO] (Minecraft) OpenGL debug message: id=1282, source=API, type=ERROR, severity=HIGH, message='GL_INVALID_OPERATION error generated. No active program.'
[18:01:49] [Render thread/INFO] (Minecraft) OpenGL debug message: id=1282, source=API, type=ERROR, severity=HIGH, message='GL_INVALID_OPERATION error generated. No active program.'
[18:01:49] [Render thread/INFO] (Minecraft) OpenGL debug message: id=1282, source=API, type=ERROR, severity=HIGH, message='GL_INVALID_OPERATION error generated. No active program.'
[18:01:49] [Render thread/INFO] (Minecraft) OpenGL debug message: id=1282, source=API, type=ERROR, severity=HIGH, message='GL_INVALID_OPERATION error generated. No active program.'
[18:01:49] [Render thread/INFO] (Minecraft) OpenGL debug message: id=1282, source=API, type=ERROR, severity=HIGH, message='GL_INVALID_OPERATION error generated. No active program.'
[18:01:49] [Render thread/INFO] (Minecraft) OpenGL debug message: id=1282, source=API, type=ERROR, severity=HIGH, message='GL_INVALID_OPERATION error generated. No active program.'
[18:01:49] [Render thread/INFO] (Minecraft) OpenGL debug message: id=1282, source=API, type=ERROR, severity=HIGH, message='GL_INVALID_OPERATION error generated. No active program.'
[18:01:50] [Render thread/INFO] (Minecraft) OpenGL debug message: id=1282, source=API, type=ERROR, severity=HIGH, message='GL_INVALID_OPERATION error generated. No active program.'
[18:01:50] [Render thread/INFO] (Minecraft) OpenGL debug message: id=1282, source=API, type=ERROR, severity=HIGH, message='GL_INVALID_OPERATION error generated. No active program.'
[18:01:50] [Render thread/INFO] (Minecraft) OpenGL debug message: id=1282, source=API, type=ERROR, severity=HIGH, message='GL_INVALID_OPERATION error generated. No active program.'
[18:01:50] [Render thread/INFO] (Minecraft) OpenGL debug message: id=1282, source=API, type=ERROR, severity=HIGH, message='GL_INVALID_OPERATION error generated. No active program.'
[18:01:50] [Render thread/INFO] (Minecraft) OpenGL debug message: id=1282, source=API, type=ERROR, severity=HIGH, message='GL_INVALID_OPERATION error generated. No active program.'
[18:01:50] [Render thread/INFO] (Minecraft) OpenGL debug message: id=1282, source=API, type=ERROR, severity=HIGH, message='GL_INVALID_OPERATION error generated. No active program.'
[18:01:50] [Render thread/INFO] (Minecraft) OpenGL debug message: id=1282, source=API, type=ERROR, severity=HIGH, message='GL_INVALID_OPERATION error generated. No active program.'
[18:01:50] [Render thread/INFO] (Minecraft) OpenGL debug message: id=1282, source=API, type=ERROR, severity=HIGH, message='GL_INVALID_OPERATION error generated. No active program.'
[18:01:50] [Render thread/INFO] (Minecraft) OpenGL debug message: id=1282, source=API, type=ERROR, severity=HIGH, message='GL_INVALID_OPERATION error generated. No active program.'
[18:01:50] [Render thread/INFO] (Minecraft) OpenGL debug message: id=1282, source=API, type=ERROR, severity=HIGH, message='GL_INVALID_OPERATION error generated. No active program.'
[18:01:50] [Render thread/INFO] (Minecraft) OpenGL debug message: id=1282, source=API, type=ERROR, severity=HIGH, message='GL_INVALID_OPERATION error generated. No active program.'
[18:01:51] [Render thread/INFO] (Minecraft) OpenGL debug message: id=1282, source=API, type=ERROR, severity=HIGH, message='GL_INVALID_OPERATION error generated. No active program.'
[18:01:51] [Render thread/INFO] (Minecraft) OpenGL debug message: id=1282, source=API, type=ERROR, severity=HIGH, message='GL_INVALID_OPERATION error generated. No active program.'
[18:01:51] [Render thread/INFO] (Minecraft) OpenGL debug message: id=1282, source=API, type=ERROR, severity=HIGH, message='GL_INVALID_OPERATION error generated. No active program.'
[18:01:51] [Render thread/INFO] (Minecraft) OpenGL debug message: id=1282, source=API, type=ERROR, severity=HIGH, message='GL_INVALID_OPERATION error generated. No active program.'
[18:01:51] [Render thread/INFO] (Minecraft) OpenGL debug message: id=1282, source=API, type=ERROR, severity=HIGH, message='GL_INVALID_OPERATION error generated. No active program.'
[18:01:51] [Render thread/INFO] (Minecraft) OpenGL debug message: id=1282, source=API, type=ERROR, severity=HIGH, message='GL_INVALID_OPERATION error generated. No active program.'
[18:01:51] [Render thread/INFO] (Minecraft) OpenGL debug message: id=1282, source=API, type=ERROR, severity=HIGH, message='GL_INVALID_OPERATION error generated. No active program.'
[18:01:51] [Render thread/INFO] (Minecraft) OpenGL debug message: id=1282, source=API, type=ERROR, severity=HIGH, message='GL_INVALID_OPERATION error generated. No active program.'
[18:01:51] [Render thread/INFO] (Minecraft) OpenGL debug message: id=1282, source=API, type=ERROR, severity=HIGH, message='GL_INVALID_OPERATION error generated. No active program.'
[18:01:51] [Render thread/INFO] (Minecraft) OpenGL debug message: id=1282, source=API, type=ERROR, severity=HIGH, message='GL_INVALID_OPERATION error generated. No active program.'
[18:01:52] [Render thread/INFO] (Minecraft) OpenGL debug message: id=1282, source=API, type=ERROR, severity=HIGH, message='GL_INVALID_OPERATION error generated. No active program.'
[18:01:52] [Render thread/INFO] (Minecraft) OpenGL debug message: id=1282, source=API, type=ERROR, severity=HIGH, message='GL_INVALID_OPERATION error generated. No active program.'
[18:01:52] [Render thread/INFO] (Minecraft) OpenGL debug message: id=1282, source=API, type=ERROR, severity=HIGH, message='GL_INVALID_OPERATION error generated. No active program.'
[18:01:52] [Render thread/INFO] (Minecraft) OpenGL debug message: id=1282, source=API, type=ERROR, severity=HIGH, message='GL_INVALID_OPERATION error generated. No active program.'
[18:01:52] [Render thread/INFO] (Minecraft) OpenGL debug message: id=1282, source=API, type=ERROR, severity=HIGH, message='GL_INVALID_OPERATION error generated. No active program.'
[18:01:52] [Render thread/INFO] (Minecraft) OpenGL debug message: id=1282, source=API, type=ERROR, severity=HIGH, message='GL_INVALID_OPERATION error generated. No active program.'
[18:01:52] [Render thread/INFO] (Minecraft) OpenGL debug message: id=1282, source=API, type=ERROR, severity=HIGH, message='GL_INVALID_OPERATION error generated. No active program.'
[18:01:52] [Render thread/INFO] (Minecraft) OpenGL debug message: id=1282, source=API, type=ERROR, severity=HIGH, message='GL_INVALID_OPERATION error generated. No active program.'
[18:01:52] [Render thread/INFO] (Minecraft) OpenGL debug message: id=1282, source=API, type=ERROR, severity=HIGH, message='GL_INVALID_OPERATION error generated. No active program.'
[18:01:53] [Render thread/INFO] (Minecraft) OpenGL debug message: id=1282, source=API, type=ERROR, severity=HIGH, message='GL_INVALID_OPERATION error generated. No active program.'
[18:01:53] [Render thread/INFO] (Minecraft) OpenGL debug message: id=1282, source=API, type=ERROR, severity=HIGH, message='GL_INVALID_OPERATION error generated. No active program.'
[18:01:53] [Render thread/INFO] (Minecraft) OpenGL debug message: id=1282, source=API, type=ERROR, severity=HIGH, message='GL_INVALID_OPERATION error generated. No active program.'
[18:01:53] [Render thread/INFO] (Minecraft) OpenGL debug message: id=1282, source=API, type=ERROR, severity=HIGH, message='GL_INVALID_OPERATION error generated. No active program.'
[18:01:53] [Render thread/INFO] (Minecraft) OpenGL debug message: id=1282, source=API, type=ERROR, severity=HIGH, message='GL_INVALID_OPERATION error generated. No active program.'
[18:01:53] [Render thread/INFO] (Minecraft) OpenGL debug message: id=1282, source=API, type=ERROR, severity=HIGH, message='GL_INVALID_OPERATION error generated. No active program.'
[18:01:53] [Render thread/INFO] (Minecraft) OpenGL debug message: id=1282, source=API, type=ERROR, severity=HIGH, message='GL_INVALID_OPERATION error generated. No active program.'
[18:01:53] [Render thread/INFO] (Minecraft) OpenGL debug message: id=1282, source=API, type=ERROR, severity=HIGH, message='GL_INVALID_OPERATION error generated. No active program.'
[18:01:53] [Render thread/INFO] (Minecraft) OpenGL debug message: id=1282, source=API, type=ERROR, severity=HIGH, message='GL_INVALID_OPERATION error generated. No active program.'
[18:01:53] [Render thread/INFO] (Minecraft) OpenGL debug message: id=1282, source=API, type=ERROR, severity=HIGH, message='GL_INVALID_OPERATION error generated. No active program.'
[18:01:53] [Render thread/INFO] (Minecraft) OpenGL debug message: id=1282, source=API, type=ERROR, severity=HIGH, message='GL_INVALID_OPERATION error generated. No active program.'
[18:01:54] [Render thread/INFO] (Minecraft) OpenGL debug message: id=1282, source=API, type=ERROR, severity=HIGH, message='GL_INVALID_OPERATION error generated. No active program.'
[18:01:54] [Render thread/INFO] (Minecraft) OpenGL debug message: id=1282, source=API, type=ERROR, severity=HIGH, message='GL_INVALID_OPERATION error generated. No active program.'
[18:01:54] [Render thread/INFO] (Minecraft) OpenGL debug message: id=1282, source=API, type=ERROR, severity=HIGH, message='GL_INVALID_OPERATION error generated. No active program.'
[18:01:54] [Render thread/INFO] (Minecraft) OpenGL debug message: id=1282, source=API, type=ERROR, severity=HIGH, message='GL_INVALID_OPERATION error generated. No active program.'
[18:01:54] [Render thread/INFO] (Minecraft) OpenGL debug message: id=1282, source=API, type=ERROR, severity=HIGH, message='GL_INVALID_OPERATION error generated. No active program.'
[18:01:54] [Render thread/INFO] (Minecraft) OpenGL debug message: id=1282, source=API, type=ERROR, severity=HIGH, message='GL_INVALID_OPERATION error generated. No active program.'
[18:01:54] [Render thread/INFO] (Minecraft) OpenGL debug message: id=1282, source=API, type=ERROR, severity=HIGH, message='GL_INVALID_OPERATION error generated. No active program.'
[18:01:54] [Render thread/INFO] (Minecraft) OpenGL debug message: id=1282, source=API, type=ERROR, severity=HIGH, message='GL_INVALID_OPERATION error generated. No active program.'
[18:01:54] [Render thread/INFO] (Minecraft) OpenGL debug message: id=1282, source=API, type=ERROR, severity=HIGH, message='GL_INVALID_OPERATION error generated. No active program.'
[18:01:54] [Render thread/INFO] (Minecraft) OpenGL debug message: id=1282, source=API, type=ERROR, severity=HIGH, message='GL_INVALID_OPERATION error generated. No active program.'
[18:01:55] [Render thread/INFO] (Minecraft) OpenGL debug message: id=1282, source=API, type=ERROR, severity=HIGH, message='GL_INVALID_OPERATION error generated. No active program.'
[18:01:55] [Render thread/INFO] (Minecraft) OpenGL debug message: id=1282, source=API, type=ERROR, severity=HIGH, message='GL_INVALID_OPERATION error generated. No active program.'
[18:01:55] [Render thread/INFO] (Minecraft) OpenGL debug message: id=1282, source=API, type=ERROR, severity=HIGH, message='GL_INVALID_OPERATION error generated. No active program.'
[18:01:55] [Render thread/INFO] (Minecraft) OpenGL debug message: id=1282, source=API, type=ERROR, severity=HIGH, message='GL_INVALID_OPERATION error generated. No active program.'
[18:01:55] [Render thread/INFO] (Minecraft) OpenGL debug message: id=1282, source=API, type=ERROR, severity=HIGH, message='GL_INVALID_OPERATION error generated. No active program.'
[18:01:55] [Render thread/INFO] (Minecraft) OpenGL debug message: id=1282, source=API, type=ERROR, severity=HIGH, message='GL_INVALID_OPERATION error generated. No active program.'
[18:01:55] [Render thread/INFO] (Minecraft) OpenGL debug message: id=1282, source=API, type=ERROR, severity=HIGH, message='GL_INVALID_OPERATION error generated. No active program.'
[18:01:55] [Render thread/INFO] (Minecraft) OpenGL debug message: id=1282, source=API, type=ERROR, severity=HIGH, message='GL_INVALID_OPERATION error generated. No active program.'
[18:01:55] [Render thread/INFO] (Minecraft) OpenGL debug message: id=1282, source=API, type=ERROR, severity=HIGH, message='GL_INVALID_OPERATION error generated. No active program.'
[18:01:56] [Render thread/INFO] (Minecraft) OpenGL debug message: id=1282, source=API, type=ERROR, severity=HIGH, message='GL_INVALID_OPERATION error generated. No active program.'
[18:01:56] [Render thread/INFO] (Minecraft) OpenGL debug message: id=1282, source=API, type=ERROR, severity=HIGH, message='GL_INVALID_OPERATION error generated. No active program.'
[18:01:56] [Render thread/INFO] (Minecraft) OpenGL debug message: id=1282, source=API, type=ERROR, severity=HIGH, message='GL_INVALID_OPERATION error generated. No active program.'
[18:01:56] [Render thread/INFO] (Minecraft) OpenGL debug message: id=1282, source=API, type=ERROR, severity=HIGH, message='GL_INVALID_OPERATION error generated. No active program.'
[18:01:56] [Render thread/INFO] (Minecraft) OpenGL debug message: id=1282, source=API, type=ERROR, severity=HIGH, message='GL_INVALID_OPERATION error generated. No active program.'
[18:01:56] [Render thread/INFO] (Minecraft) OpenGL debug message: id=1282, source=API, type=ERROR, severity=HIGH, message='GL_INVALID_OPERATION error generated. No active program.'
[18:01:56] [Render thread/INFO] (Minecraft) OpenGL debug message: id=1282, source=API, type=ERROR, severity=HIGH, message='GL_INVALID_OPERATION error generated. No active program.'
[18:01:56] [Render thread/INFO] (Minecraft) OpenGL debug message: id=1282, source=API, type=ERROR, severity=HIGH, message='GL_INVALID_OPERATION error generated. No active program.'
[18:01:56] [Render thread/INFO] (Minecraft) OpenGL debug message: id=1282, source=API, type=ERROR, severity=HIGH, message='GL_INVALID_OPERATION error generated. No active program.'
[18:01:56] [Render thread/INFO] (Minecraft) OpenGL debug message: id=1282, source=API, type=ERROR, severity=HIGH, message='GL_INVALID_OPERATION error generated. No active program.'
[18:01:57] [Render thread/INFO] (Minecraft) OpenGL debug message: id=1282, source=API, type=ERROR, severity=HIGH, message='GL_INVALID_OPERATION error generated. No active program.'
[18:01:57] [Render thread/INFO] (Minecraft) OpenGL debug message: id=1282, source=API, type=ERROR, severity=HIGH, message='GL_INVALID_OPERATION error generated. No active program.'
[18:01:57] [Render thread/INFO] (Minecraft) OpenGL debug message: id=1282, source=API, type=ERROR, severity=HIGH, message='GL_INVALID_OPERATION error generated. No active program.'
[18:01:57] [Render thread/INFO] (Minecraft) OpenGL debug message: id=1282, source=API, type=ERROR, severity=HIGH, message='GL_INVALID_OPERATION error generated. No active program.'
[18:01:57] [Render thread/INFO] (Minecraft) OpenGL debug message: id=1282, source=API, type=ERROR, severity=HIGH, message='GL_INVALID_OPERATION error generated. No active program.'
[18:01:57] [Render thread/INFO] (Minecraft) OpenGL debug message: id=1282, source=API, type=ERROR, severity=HIGH, message='GL_INVALID_OPERATION error generated. No active program.'
[18:01:57] [Render thread/INFO] (Minecraft) OpenGL debug message: id=1282, source=API, type=ERROR, severity=HIGH, message='GL_INVALID_OPERATION error generated. No active program.'
[18:01:57] [Render thread/INFO] (Minecraft) OpenGL debug message: id=1282, source=API, type=ERROR, severity=HIGH, message='GL_INVALID_OPERATION error generated. No active program.'
[18:01:57] [Render thread/INFO] (Minecraft) OpenGL debug message: id=1282, source=API, type=ERROR, severity=HIGH, message='GL_INVALID_OPERATION error generated. No active program.'
[18:01:57] [Render thread/INFO] (Minecraft) OpenGL debug message: id=1282, source=API, type=ERROR, severity=HIGH, message='GL_INVALID_OPERATION error generated. No active program.'
[18:01:58] [Render thread/INFO] (Minecraft) OpenGL debug message: id=1282, source=API, type=ERROR, severity=HIGH, message='GL_INVALID_OPERATION error generated. No active program.'
[18:01:58] [Render thread/INFO] (Minecraft) OpenGL debug message: id=1282, source=API, type=ERROR, severity=HIGH, message='GL_INVALID_OPERATION error generated. No active program.'
[18:01:58] [Render thread/INFO] (Minecraft) OpenGL debug message: id=1282, source=API, type=ERROR, severity=HIGH, message='GL_INVALID_OPERATION error generated. No active program.'
[18:01:58] [Render thread/INFO] (Minecraft) OpenGL debug message: id=1282, source=API, type=ERROR, severity=HIGH, message='GL_INVALID_OPERATION error generated. No active program.'
[18:01:58] [Render thread/INFO] (Minecraft) OpenGL debug message: id=1282, source=API, type=ERROR, severity=HIGH, message='GL_INVALID_OPERATION error generated. No active program.'
[18:01:58] [Render thread/INFO] (Minecraft) OpenGL debug message: id=1282, source=API, type=ERROR, severity=HIGH, message='GL_INVALID_OPERATION error generated. No active program.'
[18:01:58] [Render thread/INFO] (Minecraft) OpenGL debug message: id=1282, source=API, type=ERROR, severity=HIGH, message='GL_INVALID_OPERATION error generated. No active program.'
[18:01:58] [Render thread/INFO] (Minecraft) OpenGL debug message: id=1282, source=API, type=ERROR, severity=HIGH, message='GL_INVALID_OPERATION error generated. No active program.'
[18:01:58] [Render thread/INFO] (Minecraft) OpenGL debug message: id=1282, source=API, type=ERROR, severity=HIGH, message='GL_INVALID_OPERATION error generated. No active program.'
[18:01:58] [Render thread/INFO] (Minecraft) OpenGL debug message: id=1282, source=API, type=ERROR, severity=HIGH, message='GL_INVALID_OPERATION error generated. No active program.'
[18:01:58] [Render thread/INFO] (Minecraft) OpenGL debug message: id=1282, source=API, type=ERROR, severity=HIGH, message='GL_INVALID_OPERATION error generated. No active program.'
[18:01:59] [Render thread/INFO] (Minecraft) OpenGL debug message: id=1282, source=API, type=ERROR, severity=HIGH, message='GL_INVALID_OPERATION error generated. No active program.'
[18:01:59] [Render thread/INFO] (Minecraft) OpenGL debug message: id=1282, source=API, type=ERROR, severity=HIGH, message='GL_INVALID_OPERATION error generated. No active program.'
[18:01:59] [Render thread/INFO] (Minecraft) OpenGL debug message: id=1282, source=API, type=ERROR, severity=HIGH, message='GL_INVALID_OPERATION error generated. No active program.'
[18:01:59] [Render thread/INFO] (Minecraft) OpenGL debug message: id=1282, source=API, type=ERROR, severity=HIGH, message='GL_INVALID_OPERATION error generated. No active program.'
[18:01:59] [Render thread/INFO] (Minecraft) OpenGL debug message: id=1282, source=API, type=ERROR, severity=HIGH, message='GL_INVALID_OPERATION error generated. No active program.'
[18:01:59] [Render thread/INFO] (Minecraft) OpenGL debug message: id=1282, source=API, type=ERROR, severity=HIGH, message='GL_INVALID_OPERATION error generated. No active program.'
[18:01:59] [Render thread/INFO] (Minecraft) OpenGL debug message: id=1282, source=API, type=ERROR, severity=HIGH, message='GL_INVALID_OPERATION error generated. No active program.'
[18:01:59] [Render thread/INFO] (Minecraft) OpenGL debug message: id=1282, source=API, type=ERROR, severity=HIGH, message='GL_INVALID_OPERATION error generated. No active program.'
[18:01:59] [Render thread/INFO] (Minecraft) OpenGL debug message: id=1282, source=API, type=ERROR, severity=HIGH, message='GL_INVALID_OPERATION error generated. No active program.'
[18:01:59] [Render thread/INFO] (Minecraft) OpenGL debug message: id=1282, source=API, type=ERROR, severity=HIGH, message='GL_INVALID_OPERATION error generated. No active program.'
[18:02:00] [Render thread/INFO] (Minecraft) OpenGL debug message: id=1282, source=API, type=ERROR, severity=HIGH, message='GL_INVALID_OPERATION error generated. No active program.'
[18:02:00] [Render thread/INFO] (Minecraft) OpenGL debug message: id=1282, source=API, type=ERROR, severity=HIGH, message='GL_INVALID_OPERATION error generated. No active program.'
[18:02:00] [Render thread/INFO] (Minecraft) OpenGL debug message: id=1282, source=API, type=ERROR, severity=HIGH, message='GL_INVALID_OPERATION error generated. No active program.'
[18:02:00] [Render thread/INFO] (Minecraft) OpenGL debug message: id=1282, source=API, type=ERROR, severity=HIGH, message='GL_INVALID_OPERATION error generated. No active program.'
[18:02:00] [Render thread/INFO] (Minecraft) OpenGL debug message: id=1282, source=API, type=ERROR, severity=HIGH, message='GL_INVALID_OPERATION error generated. No active program.'
[18:02:00] [Render thread/INFO] (Minecraft) OpenGL debug message: id=1282, source=API, type=ERROR, severity=HIGH, message='GL_INVALID_OPERATION error generated. No active program.'
[18:02:00] [Render thread/INFO] (Minecraft) OpenGL debug message: id=1282, source=API, type=ERROR, severity=HIGH, message='GL_INVALID_OPERATION error generated. No active program.'
[18:02:00] [Render thread/INFO] (Minecraft) OpenGL debug message: id=1282, source=API, type=ERROR, severity=HIGH, message='GL_INVALID_OPERATION error generated. No active program.'
[18:02:00] [Render thread/INFO] (Minecraft) OpenGL debug message: id=1282, source=API, type=ERROR, severity=HIGH, message='GL_INVALID_OPERATION error generated. No active program.'
[18:02:00] [Render thread/INFO] (Minecraft) OpenGL debug message: id=1282, source=API, type=ERROR, severity=HIGH, message='GL_INVALID_OPERATION error generated. No active program.'
[18:02:01] [Render thread/INFO] (Minecraft) OpenGL debug message: id=1282, source=API, type=ERROR, severity=HIGH, message='GL_INVALID_OPERATION error generated. No active program.'
[18:02:01] [Render thread/INFO] (Minecraft) OpenGL debug message: id=1282, source=API, type=ERROR, severity=HIGH, message='GL_INVALID_OPERATION error generated. No active program.'
[18:02:01] [Render thread/INFO] (Minecraft) OpenGL debug message: id=1282, source=API, type=ERROR, severity=HIGH, message='GL_INVALID_OPERATION error generated. No active program.'
[18:02:01] [Render thread/INFO] (Minecraft) OpenGL debug message: id=1282, source=API, type=ERROR, severity=HIGH, message='GL_INVALID_OPERATION error generated. No active program.'
[18:02:01] [Render thread/INFO] (Minecraft) OpenGL debug message: id=1282, source=API, type=ERROR, severity=HIGH, message='GL_INVALID_OPERATION error generated. No active program.'
[18:02:01] [Render thread/INFO] (Minecraft) OpenGL debug message: id=1282, source=API, type=ERROR, severity=HIGH, message='GL_INVALID_OPERATION error generated. No active program.'
[18:02:01] [Render thread/INFO] (Minecraft) OpenGL debug message: id=1282, source=API, type=ERROR, severity=HIGH, message='GL_INVALID_OPERATION error generated. No active program.'
[18:02:01] [Render thread/INFO] (Minecraft) OpenGL debug message: id=1282, source=API, type=ERROR, severity=HIGH, message='GL_INVALID_OPERATION error generated. No active program.'
[18:02:01] [Render thread/INFO] (Minecraft) OpenGL debug message: id=1282, source=API, type=ERROR, severity=HIGH, message='GL_INVALID_OPERATION error generated. No active program.'
[18:02:02] [Render thread/INFO] (Minecraft) OpenGL debug message: id=1282, source=API, type=ERROR, severity=HIGH, message='GL_INVALID_OPERATION error generated. No active program.'
[18:02:02] [Render thread/INFO] (Minecraft) OpenGL debug message: id=1282, source=API, type=ERROR, severity=HIGH, message='GL_INVALID_OPERATION error generated. No active program.'
[18:02:02] [Render thread/INFO] (Minecraft) OpenGL debug message: id=1282, source=API, type=ERROR, severity=HIGH, message='GL_INVALID_OPERATION error generated. No active program.'
[18:02:02] [Render thread/INFO] (Minecraft) OpenGL debug message: id=1282, source=API, type=ERROR, severity=HIGH, message='GL_INVALID_OPERATION error generated. No active program.'
[18:02:02] [Render thread/INFO] (Minecraft) OpenGL debug message: id=1282, source=API, type=ERROR, severity=HIGH, message='GL_INVALID_OPERATION error generated. No active program.'
[18:02:02] [Render thread/INFO] (Minecraft) OpenGL debug message: id=1282, source=API, type=ERROR, severity=HIGH, message='GL_INVALID_OPERATION error generated. No active program.'
[18:02:02] [Render thread/INFO] (Minecraft) OpenGL debug message: id=1282, source=API, type=ERROR, severity=HIGH, message='GL_INVALID_OPERATION error generated. No active program.'
[18:02:02] [Render thread/INFO] (Minecraft) OpenGL debug message: id=1282, source=API, type=ERROR, severity=HIGH, message='GL_INVALID_OPERATION error generated. No active program.'
[18:02:02] [Render thread/INFO] (Minecraft) OpenGL debug message: id=1282, source=API, type=ERROR, severity=HIGH, message='GL_INVALID_OPERATION error generated. No active program.'
[18:02:02] [Render thread/INFO] (Minecraft) OpenGL debug message: id=1282, source=API, type=ERROR, severity=HIGH, message='GL_INVALID_OPERATION error generated. No active program.'
[18:02:03] [Render thread/INFO] (Minecraft) OpenGL debug message: id=1282, source=API, type=ERROR, severity=HIGH, message='GL_INVALID_OPERATION error generated. No active program.'
[18:02:03] [Render thread/INFO] (Minecraft) OpenGL debug message: id=1282, source=API, type=ERROR, severity=HIGH, message='GL_INVALID_OPERATION error generated. No active program.'
[18:02:03] [Render thread/INFO] (Minecraft) OpenGL debug message: id=1282, source=API, type=ERROR, severity=HIGH, message='GL_INVALID_OPERATION error generated. No active program.'
[18:02:03] [Render thread/INFO] (Minecraft) OpenGL debug message: id=1282, source=API, type=ERROR, severity=HIGH, message='GL_INVALID_OPERATION error generated. No active program.'
[18:02:03] [Render thread/INFO] (Minecraft) OpenGL debug message: id=1282, source=API, type=ERROR, severity=HIGH, message='GL_INVALID_OPERATION error generated. No active program.'
[18:02:03] [Render thread/INFO] (Minecraft) OpenGL debug message: id=1282, source=API, type=ERROR, severity=HIGH, message='GL_INVALID_OPERATION error generated. No active program.'
[18:02:03] [Render thread/INFO] (Minecraft) OpenGL debug message: id=1282, source=API, type=ERROR, severity=HIGH, message='GL_INVALID_OPERATION error generated. No active program.'
[18:02:03] [Render thread/INFO] (Minecraft) OpenGL debug message: id=1282, source=API, type=ERROR, severity=HIGH, message='GL_INVALID_OPERATION error generated. No active program.'
[18:02:03] [Render thread/INFO] (Minecraft) OpenGL debug message: id=1282, source=API, type=ERROR, severity=HIGH, message='GL_INVALID_OPERATION error generated. No active program.'
[18:02:03] [Render thread/INFO] (Minecraft) OpenGL debug message: id=1282, source=API, type=ERROR, severity=HIGH, message='GL_INVALID_OPERATION error generated. No active program.'
[18:02:03] [Render thread/INFO] (Minecraft) OpenGL debug message: id=1282, source=API, type=ERROR, severity=HIGH, message='GL_INVALID_OPERATION error generated. No active program.'
[18:02:04] [Render thread/INFO] (Minecraft) OpenGL debug message: id=1282, source=API, type=ERROR, severity=HIGH, message='GL_INVALID_OPERATION error generated. No active program.'
[18:02:04] [Render thread/INFO] (Minecraft) OpenGL debug message: id=1282, source=API, type=ERROR, severity=HIGH, message='GL_INVALID_OPERATION error generated. No active program.'
[18:02:04] [Render thread/INFO] (Minecraft) OpenGL debug message: id=1282, source=API, type=ERROR, severity=HIGH, message='GL_INVALID_OPERATION error generated. No active program.'
[18:02:04] [Render thread/INFO] (Minecraft) OpenGL debug message: id=1282, source=API, type=ERROR, severity=HIGH, message='GL_INVALID_OPERATION error generated. No active program.'
[18:02:04] [Render thread/INFO] (Minecraft) OpenGL debug message: id=1282, source=API, type=ERROR, severity=HIGH, message='GL_INVALID_OPERATION error generated. No active program.'
[18:02:04] [Render thread/INFO] (Minecraft) OpenGL debug message: id=1282, source=API, type=ERROR, severity=HIGH, message='GL_INVALID_OPERATION error generated. No active program.'
[18:02:04] [Render thread/INFO] (Minecraft) OpenGL debug message: id=1282, source=API, type=ERROR, severity=HIGH, message='GL_INVALID_OPERATION error generated. No active program.'
[18:02:04] [Render thread/INFO] (Minecraft) OpenGL debug message: id=1282, source=API, type=ERROR, severity=HIGH, message='GL_INVALID_OPERATION error generated. No active program.'
[18:02:04] [Render thread/INFO] (Minecraft) OpenGL debug message: id=1282, source=API, type=ERROR, severity=HIGH, message='GL_INVALID_OPERATION error generated. No active program.'
[18:02:04] [Render thread/INFO] (Minecraft) OpenGL debug message: id=1282, source=API, type=ERROR, severity=HIGH, message='GL_INVALID_OPERATION error generated. No active program.'
[18:02:05] [Render thread/INFO] (Minecraft) OpenGL debug message: id=1282, source=API, type=ERROR, severity=HIGH, message='GL_INVALID_OPERATION error generated. No active program.'
[18:02:05] [Render thread/INFO] (Minecraft) OpenGL debug message: id=1282, source=API, type=ERROR, severity=HIGH, message='GL_INVALID_OPERATION error generated. No active program.'
[18:02:05] [Render thread/INFO] (Minecraft) OpenGL debug message: id=1282, source=API, type=ERROR, severity=HIGH, message='GL_INVALID_OPERATION error generated. No active program.'
[18:02:05] [Render thread/INFO] (Minecraft) OpenGL debug message: id=1282, source=API, type=ERROR, severity=HIGH, message='GL_INVALID_OPERATION error generated. No active program.'
[18:02:05] [Render thread/INFO] (Minecraft) OpenGL debug message: id=1282, source=API, type=ERROR, severity=HIGH, message='GL_INVALID_OPERATION error generated. No active program.'
[18:02:05] [Render thread/INFO] (Minecraft) OpenGL debug message: id=1282, source=API, type=ERROR, severity=HIGH, message='GL_INVALID_OPERATION error generated. No active program.'
[18:02:05] [Render thread/INFO] (Minecraft) OpenGL debug message: id=1282, source=API, type=ERROR, severity=HIGH, message='GL_INVALID_OPERATION error generated. No active program.'
[18:02:05] [Render thread/INFO] (Minecraft) OpenGL debug message: id=1282, source=API, type=ERROR, severity=HIGH, message='GL_INVALID_OPERATION error generated. No active program.'
[18:02:05] [Render thread/INFO] (Minecraft) OpenGL debug message: id=1282, source=API, type=ERROR, severity=HIGH, message='GL_INVALID_OPERATION error generated. No active program.'
[18:02:05] [Render thread/INFO] (Minecraft) OpenGL debug message: id=1282, source=API, type=ERROR, severity=HIGH, message='GL_INVALID_OPERATION error generated. No active program.'
[18:02:06] [Render thread/INFO] (Minecraft) OpenGL debug message: id=1282, source=API, type=ERROR, severity=HIGH, message='GL_INVALID_OPERATION error generated. No active program.'
[18:02:06] [Render thread/INFO] (Minecraft) OpenGL debug message: id=1282, source=API, type=ERROR, severity=HIGH, message='GL_INVALID_OPERATION error generated. No active program.'
[18:02:06] [Render thread/INFO] (Minecraft) OpenGL debug message: id=1282, source=API, type=ERROR, severity=HIGH, message='GL_INVALID_OPERATION error generated. No active program.'
[18:02:06] [Render thread/INFO] (Minecraft) OpenGL debug message: id=1282, source=API, type=ERROR, severity=HIGH, message='GL_INVALID_OPERATION error generated. No active program.'
[18:02:06] [Render thread/INFO] (Minecraft) OpenGL debug message: id=1282, source=API, type=ERROR, severity=HIGH, message='GL_INVALID_OPERATION error generated. No active program.'
[18:02:06] [Render thread/INFO] (Minecraft) OpenGL debug message: id=1282, source=API, type=ERROR, severity=HIGH, message='GL_INVALID_OPERATION error generated. No active program.'
[18:02:06] [Render thread/INFO] (Minecraft) OpenGL debug message: id=1282, source=API, type=ERROR, severity=HIGH, message='GL_INVALID_OPERATION error generated. No active program.'
[18:02:06] [Render thread/INFO] (Minecraft) OpenGL debug message: id=1282, source=API, type=ERROR, severity=HIGH, message='GL_INVALID_OPERATION error generated. No active program.'
[18:02:06] [Render thread/INFO] (Minecraft) OpenGL debug message: id=1282, source=API, type=ERROR, severity=HIGH, message='GL_INVALID_OPERATION error generated. No active program.'
[18:02:06] [Render thread/INFO] (Minecraft) OpenGL debug message: id=1282, source=API, type=ERROR, severity=HIGH, message='GL_INVALID_OPERATION error generated. No active program.'
[18:02:07] [Render thread/INFO] (Minecraft) OpenGL debug message: id=1282, source=API, type=ERROR, severity=HIGH, message='GL_INVALID_OPERATION error generated. No active program.'
[18:02:07] [Render thread/INFO] (Minecraft) OpenGL debug message: id=1282, source=API, type=ERROR, severity=HIGH, message='GL_INVALID_OPERATION error generated. No active program.'
[18:02:07] [Render thread/INFO] (Minecraft) OpenGL debug message: id=1282, source=API, type=ERROR, severity=HIGH, message='GL_INVALID_OPERATION error generated. No active program.'
[18:02:07] [Render thread/INFO] (Minecraft) OpenGL debug message: id=1282, source=API, type=ERROR, severity=HIGH, message='GL_INVALID_OPERATION error generated. No active program.'
[18:02:07] [Render thread/INFO] (Minecraft) OpenGL debug message: id=1282, source=API, type=ERROR, severity=HIGH, message='GL_INVALID_OPERATION error generated. No active program.'
[18:02:07] [Render thread/INFO] (Minecraft) OpenGL debug message: id=1282, source=API, type=ERROR, severity=HIGH, message='GL_INVALID_OPERATION error generated. No active program.'
[18:02:07] [Render thread/INFO] (Minecraft) OpenGL debug message: id=1282, source=API, type=ERROR, severity=HIGH, message='GL_INVALID_OPERATION error generated. No active program.'
[18:02:07] [Render thread/INFO] (Minecraft) OpenGL debug message: id=1282, source=API, type=ERROR, severity=HIGH, message='GL_INVALID_OPERATION error generated. No active program.'
[18:02:07] [Render thread/INFO] (Minecraft) OpenGL debug message: id=1282, source=API, type=ERROR, severity=HIGH, message='GL_INVALID_OPERATION error generated. No active program.'
[18:02:07] [Render thread/INFO] (Minecraft) OpenGL debug message: id=1282, source=API, type=ERROR, severity=HIGH, message='GL_INVALID_OPERATION error generated. No active program.'
[18:02:08] [Render thread/INFO] (Minecraft) OpenGL debug message: id=1282, source=API, type=ERROR, severity=HIGH, message='GL_INVALID_OPERATION error generated. No active program.'
[18:02:08] [Render thread/INFO] (Minecraft) OpenGL debug message: id=1282, source=API, type=ERROR, severity=HIGH, message='GL_INVALID_OPERATION error generated. No active program.'
[18:02:08] [Render thread/INFO] (Minecraft) OpenGL debug message: id=1282, source=API, type=ERROR, severity=HIGH, message='GL_INVALID_OPERATION error generated. No active program.'
[18:02:08] [Render thread/INFO] (Minecraft) OpenGL debug message: id=1282, source=API, type=ERROR, severity=HIGH, message='GL_INVALID_OPERATION error generated. No active program.'
[18:02:08] [Render thread/INFO] (Minecraft) OpenGL debug message: id=1282, source=API, type=ERROR, severity=HIGH, message='GL_INVALID_OPERATION error generated. No active program.'
[18:02:08] [Render thread/INFO] (Minecraft) OpenGL debug message: id=1282, source=API, type=ERROR, severity=HIGH, message='GL_INVALID_OPERATION error generated. No active program.'
[18:02:08] [Render thread/INFO] (Minecraft) OpenGL debug message: id=1282, source=API, type=ERROR, severity=HIGH, message='GL_INVALID_OPERATION error generated. No active program.'
[18:02:08] [Render thread/INFO] (Minecraft) OpenGL debug message: id=1282, source=API, type=ERROR, severity=HIGH, message='GL_INVALID_OPERATION error generated. No active program.'
[18:02:08] [Render thread/INFO] (Minecraft) OpenGL debug message: id=1282, source=API, type=ERROR, severity=HIGH, message='GL_INVALID_OPERATION error generated. No active program.'
[18:02:09] [Render thread/INFO] (Minecraft) OpenGL debug message: id=1282, source=API, type=ERROR, severity=HIGH, message='GL_INVALID_OPERATION error generated. No active program.'
[18:02:09] [Render thread/INFO] (Minecraft) OpenGL debug message: id=1282, source=API, type=ERROR, severity=HIGH, message='GL_INVALID_OPERATION error generated. No active program.'
[18:02:09] [Render thread/INFO] (Minecraft) OpenGL debug message: id=1282, source=API, type=ERROR, severity=HIGH, message='GL_INVALID_OPERATION error generated. No active program.'
[18:02:09] [Render thread/INFO] (Minecraft) OpenGL debug message: id=1282, source=API, type=ERROR, severity=HIGH, message='GL_INVALID_OPERATION error generated. No active program.'
[18:02:09] [Render thread/INFO] (Minecraft) OpenGL debug message: id=1282, source=API, type=ERROR, severity=HIGH, message='GL_INVALID_OPERATION error generated. No active program.'
[18:02:09] [Render thread/INFO] (Minecraft) OpenGL debug message: id=1282, source=API, type=ERROR, severity=HIGH, message='GL_INVALID_OPERATION error generated. No active program.'
[18:02:09] [Render thread/INFO] (Minecraft) OpenGL debug message: id=1282, source=API, type=ERROR, severity=HIGH, message='GL_INVALID_OPERATION error generated. No active program.'
[18:02:09] [Render thread/INFO] (Minecraft) OpenGL debug message: id=1282, source=API, type=ERROR, severity=HIGH, message='GL_INVALID_OPERATION error generated. No active program.'
[18:02:09] [Render thread/INFO] (Minecraft) OpenGL debug message: id=1282, source=API, type=ERROR, severity=HIGH, message='GL_INVALID_OPERATION error generated. No active program.'
[18:02:09] [Render thread/INFO] (Minecraft) OpenGL debug message: id=1282, source=API, type=ERROR, severity=HIGH, message='GL_INVALID_OPERATION error generated. No active program.'
[18:02:10] [Render thread/INFO] (Minecraft) OpenGL debug message: id=1282, source=API, type=ERROR, severity=HIGH, message='GL_INVALID_OPERATION error generated. No active program.'
[18:02:10] [Render thread/INFO] (Minecraft) OpenGL debug message: id=1282, source=API, type=ERROR, severity=HIGH, message='GL_INVALID_OPERATION error generated. No active program.'
[18:02:10] [Render thread/INFO] (Minecraft) OpenGL debug message: id=1282, source=API, type=ERROR, severity=HIGH, message='GL_INVALID_OPERATION error generated. No active program.'
[18:02:10] [Render thread/INFO] (Minecraft) OpenGL debug message: id=1282, source=API, type=ERROR, severity=HIGH, message='GL_INVALID_OPERATION error generated. No active program.'
[18:02:10] [Render thread/INFO] (Minecraft) OpenGL debug message: id=1282, source=API, type=ERROR, severity=HIGH, message='GL_INVALID_OPERATION error generated. No active program.'
[18:02:10] [Render thread/INFO] (Minecraft) OpenGL debug message: id=1282, source=API, type=ERROR, severity=HIGH, message='GL_INVALID_OPERATION error generated. No active program.'
[18:02:10] [Render thread/INFO] (Minecraft) OpenGL debug message: id=1282, source=API, type=ERROR, severity=HIGH, message='GL_INVALID_OPERATION error generated. No active program.'
[18:02:10] [Render thread/INFO] (Minecraft) OpenGL debug message: id=1282, source=API, type=ERROR, severity=HIGH, message='GL_INVALID_OPERATION error generated. No active program.'
[18:02:10] [Render thread/INFO] (Minecraft) OpenGL debug message: id=1282, source=API, type=ERROR, severity=HIGH, message='GL_INVALID_OPERATION error generated. No active program.'
[18:02:10] [Render thread/INFO] (Minecraft) OpenGL debug message: id=1282, source=API, type=ERROR, severity=HIGH, message='GL_INVALID_OPERATION error generated. No active program.'
[18:02:11] [Render thread/INFO] (Minecraft) OpenGL debug message: id=1282, source=API, type=ERROR, severity=HIGH, message='GL_INVALID_OPERATION error generated. No active program.'
[18:02:11] [Render thread/INFO] (Minecraft) OpenGL debug message: id=1282, source=API, type=ERROR, severity=HIGH, message='GL_INVALID_OPERATION error generated. No active program.'
[18:02:11] [Render thread/INFO] (Minecraft) OpenGL debug message: id=1282, source=API, type=ERROR, severity=HIGH, message='GL_INVALID_OPERATION error generated. No active program.'
[18:02:11] [Render thread/INFO] (Minecraft) OpenGL debug message: id=1282, source=API, type=ERROR, severity=HIGH, message='GL_INVALID_OPERATION error generated. No active program.'
[18:02:11] [Render thread/INFO] (Minecraft) OpenGL debug message: id=1282, source=API, type=ERROR, severity=HIGH, message='GL_INVALID_OPERATION error generated. No active program.'
[18:02:11] [Render thread/INFO] (Minecraft) OpenGL debug message: id=1282, source=API, type=ERROR, severity=HIGH, message='GL_INVALID_OPERATION error generated. No active program.'
[18:02:11] [Render thread/INFO] (Minecraft) OpenGL debug message: id=1282, source=API, type=ERROR, severity=HIGH, message='GL_INVALID_OPERATION error generated. No active program.'
[18:02:11] [Render thread/INFO] (Minecraft) OpenGL debug message: id=1282, source=API, type=ERROR, severity=HIGH, message='GL_INVALID_OPERATION error generated. No active program.'
[18:02:11] [Render thread/INFO] (Minecraft) OpenGL debug message: id=1282, source=API, type=ERROR, severity=HIGH, message='GL_INVALID_OPERATION error generated. No active program.'
[18:02:11] [Render thread/INFO] (Minecraft) OpenGL debug message: id=1282, source=API, type=ERROR, severity=HIGH, message='GL_INVALID_OPERATION error generated. No active program.'
[18:02:11] [Render thread/INFO] (Minecraft) OpenGL debug message: id=1282, source=API, type=ERROR, severity=HIGH, message='GL_INVALID_OPERATION error generated. No active program.'
[18:02:12] [Render thread/INFO] (Minecraft) OpenGL debug message: id=1282, source=API, type=ERROR, severity=HIGH, message='GL_INVALID_OPERATION error generated. No active program.'
[18:02:12] [Render thread/INFO] (Minecraft) OpenGL debug message: id=1282, source=API, type=ERROR, severity=HIGH, message='GL_INVALID_OPERATION error generated. No active program.'
[18:02:12] [Render thread/INFO] (Minecraft) OpenGL debug message: id=1282, source=API, type=ERROR, severity=HIGH, message='GL_INVALID_OPERATION error generated. No active program.'
[18:02:12] [Render thread/INFO] (Minecraft) OpenGL debug message: id=1282, source=API, type=ERROR, severity=HIGH, message='GL_INVALID_OPERATION error generated. No active program.'
[18:02:12] [Render thread/INFO] (Minecraft) OpenGL debug message: id=1282, source=API, type=ERROR, severity=HIGH, message='GL_INVALID_OPERATION error generated. No active program.'
[18:02:12] [Render thread/INFO] (Minecraft) OpenGL debug message: id=1282, source=API, type=ERROR, severity=HIGH, message='GL_INVALID_OPERATION error generated. No active program.'
[18:02:12] [Render thread/INFO] (Minecraft) OpenGL debug message: id=1282, source=API, type=ERROR, severity=HIGH, message='GL_INVALID_OPERATION error generated. No active program.'
[18:02:12] [Render thread/INFO] (Minecraft) OpenGL debug message: id=1282, source=API, type=ERROR, severity=HIGH, message='GL_INVALID_OPERATION error generated. No active program.'
[18:02:12] [Render thread/INFO] (Minecraft) OpenGL debug message: id=1282, source=API, type=ERROR, severity=HIGH, message='GL_INVALID_OPERATION error generated. No active program.'
[18:02:12] [Render thread/INFO] (Minecraft) OpenGL debug message: id=1282, source=API, type=ERROR, severity=HIGH, message='GL_INVALID_OPERATION error generated. No active program.'
[18:02:13] [Render thread/INFO] (Minecraft) OpenGL debug message: id=1282, source=API, type=ERROR, severity=HIGH, message='GL_INVALID_OPERATION error generated. No active program.'
[18:02:13] [Render thread/INFO] (Minecraft) OpenGL debug message: id=1282, source=API, type=ERROR, severity=HIGH, message='GL_INVALID_OPERATION error generated. No active program.'
[18:02:13] [Render thread/INFO] (Minecraft) OpenGL debug message: id=1282, source=API, type=ERROR, severity=HIGH, message='GL_INVALID_OPERATION error generated. No active program.'
[18:02:13] [Render thread/INFO] (Minecraft) OpenGL debug message: id=1282, source=API, type=ERROR, severity=HIGH, message='GL_INVALID_OPERATION error generated. No active program.'
[18:02:13] [Render thread/INFO] (Minecraft) OpenGL debug message: id=1282, source=API, type=ERROR, severity=HIGH, message='GL_INVALID_OPERATION error generated. No active program.'
[18:02:13] [Render thread/INFO] (Minecraft) OpenGL debug message: id=1282, source=API, type=ERROR, severity=HIGH, message='GL_INVALID_OPERATION error generated. No active program.'
[18:02:13] [Render thread/INFO] (Minecraft) OpenGL debug message: id=1282, source=API, type=ERROR, severity=HIGH, message='GL_INVALID_OPERATION error generated. No active program.'
[18:02:13] [Render thread/INFO] (Minecraft) OpenGL debug message: id=1282, source=API, type=ERROR, severity=HIGH, message='GL_INVALID_OPERATION error generated. No active program.'
[18:02:13] [Render thread/INFO] (Minecraft) OpenGL debug message: id=1282, source=API, type=ERROR, severity=HIGH, message='GL_INVALID_OPERATION error generated. No active program.'
[18:02:13] [Render thread/INFO] (Minecraft) OpenGL debug message: id=1282, source=API, type=ERROR, severity=HIGH, message='GL_INVALID_OPERATION error generated. No active program.'
[18:02:14] [Render thread/INFO] (Minecraft) OpenGL debug message: id=1282, source=API, type=ERROR, severity=HIGH, message='GL_INVALID_OPERATION error generated. No active program.'
[18:02:14] [Render thread/INFO] (Minecraft) OpenGL debug message: id=1282, source=API, type=ERROR, severity=HIGH, message='GL_INVALID_OPERATION error generated. No active program.'
[18:02:14] [Render thread/INFO] (Minecraft) OpenGL debug message: id=1282, source=API, type=ERROR, severity=HIGH, message='GL_INVALID_OPERATION error generated. No active program.'
[18:02:14] [Render thread/INFO] (Minecraft) OpenGL debug message: id=1282, source=API, type=ERROR, severity=HIGH, message='GL_INVALID_OPERATION error generated. No active program.'
[18:02:14] [Render thread/INFO] (Minecraft) OpenGL debug message: id=1282, source=API, type=ERROR, severity=HIGH, message='GL_INVALID_OPERATION error generated. No active program.'
[18:02:14] [Render thread/INFO] (Minecraft) OpenGL debug message: id=1282, source=API, type=ERROR, severity=HIGH, message='GL_INVALID_OPERATION error generated. No active program.'
[18:02:14] [Render thread/INFO] (Minecraft) OpenGL debug message: id=1282, source=API, type=ERROR, severity=HIGH, message='GL_INVALID_OPERATION error generated. No active program.'
[18:02:14] [Render thread/INFO] (Minecraft) OpenGL debug message: id=1282, source=API, type=ERROR, severity=HIGH, message='GL_INVALID_OPERATION error generated. No active program.'
[18:02:14] [Render thread/INFO] (Minecraft) OpenGL debug message: id=1282, source=API, type=ERROR, severity=HIGH, message='GL_INVALID_OPERATION error generated. No active program.'
[18:02:15] [Render thread/INFO] (Minecraft) OpenGL debug message: id=1282, source=API, type=ERROR, severity=HIGH, message='GL_INVALID_OPERATION error generated. No active program.'
[18:02:15] [Render thread/INFO] (Minecraft) OpenGL debug message: id=1282, source=API, type=ERROR, severity=HIGH, message='GL_INVALID_OPERATION error generated. No active program.'
[18:02:15] [Render thread/INFO] (Minecraft) OpenGL debug message: id=1282, source=API, type=ERROR, severity=HIGH, message='GL_INVALID_OPERATION error generated. No active program.'
[18:02:15] [Render thread/INFO] (Minecraft) OpenGL debug message: id=1282, source=API, type=ERROR, severity=HIGH, message='GL_INVALID_OPERATION error generated. No active program.'
[18:02:15] [Render thread/INFO] (Minecraft) OpenGL debug message: id=1282, source=API, type=ERROR, severity=HIGH, message='GL_INVALID_OPERATION error generated. No active program.'
[18:02:15] [Render thread/INFO] (Minecraft) OpenGL debug message: id=1282, source=API, type=ERROR, severity=HIGH, message='GL_INVALID_OPERATION error generated. No active program.'
[18:02:15] [Render thread/INFO] (Minecraft) OpenGL debug message: id=1282, source=API, type=ERROR, severity=HIGH, message='GL_INVALID_OPERATION error generated. No active program.'
[18:02:15] [Render thread/INFO] (Minecraft) OpenGL debug message: id=1282, source=API, type=ERROR, severity=HIGH, message='GL_INVALID_OPERATION error generated. No active program.'
[18:02:15] [Render thread/INFO] (Minecraft) OpenGL debug message: id=1282, source=API, type=ERROR, severity=HIGH, message='GL_INVALID_OPERATION error generated. No active program.'
[18:02:15] [Render thread/INFO] (Minecraft) OpenGL debug message: id=1282, source=API, type=ERROR, severity=HIGH, message='GL_INVALID_OPERATION error generated. No active program.'
[18:02:16] [Render thread/INFO] (Minecraft) OpenGL debug message: id=1282, source=API, type=ERROR, severity=HIGH, message='GL_INVALID_OPERATION error generated. No active program.'
[18:02:16] [Render thread/INFO] (Minecraft) OpenGL debug message: id=1282, source=API, type=ERROR, severity=HIGH, message='GL_INVALID_OPERATION error generated. No active program.'
[18:02:16] [Render thread/INFO] (Minecraft) OpenGL debug message: id=1282, source=API, type=ERROR, severity=HIGH, message='GL_INVALID_OPERATION error generated. No active program.'
[18:02:16] [Render thread/INFO] (Minecraft) OpenGL debug message: id=1282, source=API, type=ERROR, severity=HIGH, message='GL_INVALID_OPERATION error generated. No active program.'
[18:02:16] [Render thread/INFO] (Minecraft) OpenGL debug message: id=1282, source=API, type=ERROR, severity=HIGH, message='GL_INVALID_OPERATION error generated. No active program.'
[18:02:16] [Render thread/INFO] (Minecraft) OpenGL debug message: id=1282, source=API, type=ERROR, severity=HIGH, message='GL_INVALID_OPERATION error generated. No active program.'
[18:02:16] [Render thread/INFO] (Minecraft) OpenGL debug message: id=1282, source=API, type=ERROR, severity=HIGH, message='GL_INVALID_OPERATION error generated. No active program.'
[18:02:16] [Render thread/INFO] (Minecraft) OpenGL debug message: id=1282, source=API, type=ERROR, severity=HIGH, message='GL_INVALID_OPERATION error generated. No active program.'
[18:02:16] [Render thread/INFO] (Minecraft) OpenGL debug message: id=1282, source=API, type=ERROR, severity=HIGH, message='GL_INVALID_OPERATION error generated. No active program.'
[18:02:16] [Render thread/INFO] (Minecraft) OpenGL debug message: id=1282, source=API, type=ERROR, severity=HIGH, message='GL_INVALID_OPERATION error generated. No active program.'
[18:02:17] [Render thread/INFO] (Minecraft) OpenGL debug message: id=1282, source=API, type=ERROR, severity=HIGH, message='GL_INVALID_OPERATION error generated. No active program.'
[18:02:17] [Render thread/INFO] (Minecraft) OpenGL debug message: id=1282, source=API, type=ERROR, severity=HIGH, message='GL_INVALID_OPERATION error generated. No active program.'
[18:02:17] [Render thread/INFO] (Minecraft) OpenGL debug message: id=1282, source=API, type=ERROR, severity=HIGH, message='GL_INVALID_OPERATION error generated. No active program.'
[18:02:17] [Render thread/INFO] (Minecraft) OpenGL debug message: id=1282, source=API, type=ERROR, severity=HIGH, message='GL_INVALID_OPERATION error generated. No active program.'
[18:02:17] [Render thread/INFO] (Minecraft) OpenGL debug message: id=1282, source=API, type=ERROR, severity=HIGH, message='GL_INVALID_OPERATION error generated. No active program.'
[18:02:17] [Render thread/INFO] (Minecraft) OpenGL debug message: id=1282, source=API, type=ERROR, severity=HIGH, message='GL_INVALID_OPERATION error generated. No active program.'
[18:02:17] [Render thread/INFO] (Minecraft) OpenGL debug message: id=1282, source=API, type=ERROR, severity=HIGH, message='GL_INVALID_OPERATION error generated. No active program.'
[18:02:17] [Render thread/INFO] (Minecraft) OpenGL debug message: id=1282, source=API, type=ERROR, severity=HIGH, message='GL_INVALID_OPERATION error generated. No active program.'
[18:02:17] [Render thread/INFO] (Minecraft) OpenGL debug message: id=1282, source=API, type=ERROR, severity=HIGH, message='GL_INVALID_OPERATION error generated. No active program.'
[18:02:17] [Render thread/INFO] (Minecraft) OpenGL debug message: id=1282, source=API, type=ERROR, severity=HIGH, message='GL_INVALID_OPERATION error generated. No active program.'
[18:02:17] [Render thread/INFO] (Minecraft) OpenGL debug message: id=1282, source=API, type=ERROR, severity=HIGH, message='GL_INVALID_OPERATION error generated. No active program.'
[18:02:18] [Render thread/INFO] (Minecraft) OpenGL debug message: id=1282, source=API, type=ERROR, severity=HIGH, message='GL_INVALID_OPERATION error generated. No active program.'
[18:02:18] [Render thread/INFO] (Minecraft) OpenGL debug message: id=1282, source=API, type=ERROR, severity=HIGH, message='GL_INVALID_OPERATION error generated. No active program.'
[18:02:18] [Render thread/INFO] (Minecraft) OpenGL debug message: id=1282, source=API, type=ERROR, severity=HIGH, message='GL_INVALID_OPERATION error generated. No active program.'
[18:02:18] [Render thread/INFO] (Minecraft) OpenGL debug message: id=1282, source=API, type=ERROR, severity=HIGH, message='GL_INVALID_OPERATION error generated. No active program.'
[18:02:18] [Render thread/INFO] (Minecraft) OpenGL debug message: id=1282, source=API, type=ERROR, severity=HIGH, message='GL_INVALID_OPERATION error generated. No active program.'
[18:02:18] [Render thread/INFO] (Minecraft) OpenGL debug message: id=1282, source=API, type=ERROR, severity=HIGH, message='GL_INVALID_OPERATION error generated. No active program.'
[18:02:18] [Render thread/INFO] (Minecraft) OpenGL debug message: id=1282, source=API, type=ERROR, severity=HIGH, message='GL_INVALID_OPERATION error generated. No active program.'
[18:02:18] [Render thread/INFO] (Minecraft) OpenGL debug message: id=1282, source=API, type=ERROR, severity=HIGH, message='GL_INVALID_OPERATION error generated. No active program.'
[18:02:18] [Render thread/INFO] (Minecraft) OpenGL debug message: id=1282, source=API, type=ERROR, severity=HIGH, message='GL_INVALID_OPERATION error generated. No active program.'
[18:02:18] [Render thread/INFO] (Minecraft) OpenGL debug message: id=1282, source=API, type=ERROR, severity=HIGH, message='GL_INVALID_OPERATION error generated. No active program.'
[18:02:19] [Render thread/INFO] (Minecraft) OpenGL debug message: id=1282, source=API, type=ERROR, severity=HIGH, message='GL_INVALID_OPERATION error generated. No active program.'
[18:02:19] [Render thread/INFO] (Minecraft) OpenGL debug message: id=1282, source=API, type=ERROR, severity=HIGH, message='GL_INVALID_OPERATION error generated. No active program.'
[18:02:19] [Render thread/INFO] (Minecraft) OpenGL debug message: id=1282, source=API, type=ERROR, severity=HIGH, message='GL_INVALID_OPERATION error generated. No active program.'
[18:02:19] [Render thread/INFO] (Minecraft) OpenGL debug message: id=1282, source=API, type=ERROR, severity=HIGH, message='GL_INVALID_OPERATION error generated. No active program.'
[18:02:19] [Render thread/INFO] (Minecraft) OpenGL debug message: id=1282, source=API, type=ERROR, severity=HIGH, message='GL_INVALID_OPERATION error generated. No active program.'
[18:02:19] [Render thread/INFO] (Minecraft) OpenGL debug message: id=1282, source=API, type=ERROR, severity=HIGH, message='GL_INVALID_OPERATION error generated. No active program.'
[18:02:19] [Render thread/INFO] (Minecraft) OpenGL debug message: id=1282, source=API, type=ERROR, severity=HIGH, message='GL_INVALID_OPERATION error generated. No active program.'
[18:02:19] [Render thread/INFO] (Minecraft) OpenGL debug message: id=1282, source=API, type=ERROR, severity=HIGH, message='GL_INVALID_OPERATION error generated. No active program.'
[18:02:19] [Render thread/INFO] (Minecraft) OpenGL debug message: id=1282, source=API, type=ERROR, severity=HIGH, message='GL_INVALID_OPERATION error generated. No active program.'
[18:02:19] [Render thread/INFO] (Minecraft) OpenGL debug message: id=1282, source=API, type=ERROR, severity=HIGH, message='GL_INVALID_OPERATION error generated. No active program.'
[18:02:20] [Render thread/INFO] (Minecraft) OpenGL debug message: id=1282, source=API, type=ERROR, severity=HIGH, message='GL_INVALID_OPERATION error generated. No active program.'
[18:02:20] [Render thread/INFO] (Minecraft) OpenGL debug message: id=1282, source=API, type=ERROR, severity=HIGH, message='GL_INVALID_OPERATION error generated. No active program.'
[18:02:20] [Render thread/INFO] (Minecraft) OpenGL debug message: id=1282, source=API, type=ERROR, severity=HIGH, message='GL_INVALID_OPERATION error generated. No active program.'
[18:02:20] [Render thread/INFO] (Minecraft) OpenGL debug message: id=1282, source=API, type=ERROR, severity=HIGH, message='GL_INVALID_OPERATION error generated. No active program.'
[18:02:20] [Render thread/INFO] (Minecraft) OpenGL debug message: id=1282, source=API, type=ERROR, severity=HIGH, message='GL_INVALID_OPERATION error generated. No active program.'
[18:02:20] [Render thread/INFO] (Minecraft) OpenGL debug message: id=1282, source=API, type=ERROR, severity=HIGH, message='GL_INVALID_OPERATION error generated. No active program.'
[18:02:20] [Render thread/INFO] (Minecraft) OpenGL debug message: id=1282, source=API, type=ERROR, severity=HIGH, message='GL_INVALID_OPERATION error generated. No active program.'
[18:02:20] [Render thread/INFO] (Minecraft) OpenGL debug message: id=1282, source=API, type=ERROR, severity=HIGH, message='GL_INVALID_OPERATION error generated. No active program.'
[18:02:20] [Render thread/INFO] (Minecraft) OpenGL debug message: id=1282, source=API, type=ERROR, severity=HIGH, message='GL_INVALID_OPERATION error generated. No active program.'
[18:02:20] [Render thread/INFO] (Minecraft) OpenGL debug message: id=1282, source=API, type=ERROR, severity=HIGH, message='GL_INVALID_OPERATION error generated. No active program.'
[18:02:21] [Render thread/INFO] (Minecraft) OpenGL debug message: id=1282, source=API, type=ERROR, severity=HIGH, message='GL_INVALID_OPERATION error generated. No active program.'
[18:02:21] [Render thread/INFO] (Minecraft) OpenGL debug message: id=1282, source=API, type=ERROR, severity=HIGH, message='GL_INVALID_OPERATION error generated. No active program.'
[18:02:21] [Render thread/INFO] (Minecraft) OpenGL debug message: id=1282, source=API, type=ERROR, severity=HIGH, message='GL_INVALID_OPERATION error generated. No active program.'
[18:02:21] [Render thread/INFO] (Minecraft) OpenGL debug message: id=1282, source=API, type=ERROR, severity=HIGH, message='GL_INVALID_OPERATION error generated. No active program.'
[18:02:21] [Render thread/INFO] (Minecraft) OpenGL debug message: id=1282, source=API, type=ERROR, severity=HIGH, message='GL_INVALID_OPERATION error generated. No active program.'
[18:02:21] [Render thread/INFO] (Minecraft) OpenGL debug message: id=1282, source=API, type=ERROR, severity=HIGH, message='GL_INVALID_OPERATION error generated. No active program.'
[18:02:21] [Render thread/INFO] (Minecraft) OpenGL debug message: id=1282, source=API, type=ERROR, severity=HIGH, message='GL_INVALID_OPERATION error generated. No active program.'
[18:02:21] [Render thread/INFO] (Minecraft) OpenGL debug message: id=1282, source=API, type=ERROR, severity=HIGH, message='GL_INVALID_OPERATION error generated. No active program.'
[18:02:21] [Render thread/INFO] (Minecraft) OpenGL debug message: id=1282, source=API, type=ERROR, severity=HIGH, message='GL_INVALID_OPERATION error generated. No active program.'
[18:02:22] [Render thread/INFO] (Minecraft) OpenGL debug message: id=1282, source=API, type=ERROR, severity=HIGH, message='GL_INVALID_OPERATION error generated. No active program.'
[18:02:22] [Render thread/INFO] (Minecraft) OpenGL debug message: id=1282, source=API, type=ERROR, severity=HIGH, message='GL_INVALID_OPERATION error generated. No active program.'
[18:02:22] [Render thread/INFO] (Minecraft) OpenGL debug message: id=1282, source=API, type=ERROR, severity=HIGH, message='GL_INVALID_OPERATION error generated. No active program.'
[18:02:22] [Render thread/INFO] (Minecraft) OpenGL debug message: id=1282, source=API, type=ERROR, severity=HIGH, message='GL_INVALID_OPERATION error generated. No active program.'
[18:02:22] [Render thread/INFO] (Minecraft) OpenGL debug message: id=1282, source=API, type=ERROR, severity=HIGH, message='GL_INVALID_OPERATION error generated. No active program.'
[18:02:22] [Render thread/INFO] (Minecraft) OpenGL debug message: id=1282, source=API, type=ERROR, severity=HIGH, message='GL_INVALID_OPERATION error generated. No active program.'
[18:02:22] [Render thread/INFO] (Minecraft) OpenGL debug message: id=1282, source=API, type=ERROR, severity=HIGH, message='GL_INVALID_OPERATION error generated. No active program.'
[18:02:22] [Render thread/INFO] (Minecraft) OpenGL debug message: id=1282, source=API, type=ERROR, severity=HIGH, message='GL_INVALID_OPERATION error generated. No active program.'
[18:02:22] [Render thread/INFO] (Minecraft) OpenGL debug message: id=1282, source=API, type=ERROR, severity=HIGH, message='GL_INVALID_OPERATION error generated. No active program.'
[18:02:22] [Render thread/INFO] (Minecraft) OpenGL debug message: id=1282, source=API, type=ERROR, severity=HIGH, message='GL_INVALID_OPERATION error generated. No active program.'
[18:02:22] [Render thread/INFO] (Minecraft) OpenGL debug message: id=1282, source=API, type=ERROR, severity=HIGH, message='GL_INVALID_OPERATION error generated. No active program.'
[18:02:23] [Render thread/INFO] (Minecraft) OpenGL debug message: id=1282, source=API, type=ERROR, severity=HIGH, message='GL_INVALID_OPERATION error generated. No active program.'
[18:02:23] [Render thread/INFO] (Minecraft) OpenGL debug message: id=1282, source=API, type=ERROR, severity=HIGH, message='GL_INVALID_OPERATION error generated. No active program.'
[18:02:23] [Render thread/INFO] (Minecraft) OpenGL debug message: id=1282, source=API, type=ERROR, severity=HIGH, message='GL_INVALID_OPERATION error generated. No active program.'
[18:02:23] [Render thread/INFO] (Minecraft) OpenGL debug message: id=1282, source=API, type=ERROR, severity=HIGH, message='GL_INVALID_OPERATION error generated. No active program.'
[18:02:23] [Render thread/INFO] (Minecraft) OpenGL debug message: id=1282, source=API, type=ERROR, severity=HIGH, message='GL_INVALID_OPERATION error generated. No active program.'
[18:02:23] [Render thread/INFO] (Minecraft) OpenGL debug message: id=1282, source=API, type=ERROR, severity=HIGH, message='GL_INVALID_OPERATION error generated. No active program.'
[18:02:23] [Render thread/INFO] (Minecraft) OpenGL debug message: id=1282, source=API, type=ERROR, severity=HIGH, message='GL_INVALID_OPERATION error generated. No active program.'
[18:02:23] [Render thread/INFO] (Minecraft) OpenGL debug message: id=1282, source=API, type=ERROR, severity=HIGH, message='GL_INVALID_OPERATION error generated. No active program.'
[18:02:23] [Render thread/INFO] (Minecraft) OpenGL debug message: id=1282, source=API, type=ERROR, severity=HIGH, message='GL_INVALID_OPERATION error generated. No active program.'
[18:02:23] [Render thread/INFO] (Minecraft) OpenGL debug message: id=1282, source=API, type=ERROR, severity=HIGH, message='GL_INVALID_OPERATION error generated. No active program.'
[18:02:24] [Render thread/INFO] (Minecraft) OpenGL debug message: id=1282, source=API, type=ERROR, severity=HIGH, message='GL_INVALID_OPERATION error generated. No active program.'
[18:02:24] [Render thread/INFO] (Minecraft) OpenGL debug message: id=1282, source=API, type=ERROR, severity=HIGH, message='GL_INVALID_OPERATION error generated. No active program.'
[18:02:24] [Render thread/INFO] (Minecraft) OpenGL debug message: id=1282, source=API, type=ERROR, severity=HIGH, message='GL_INVALID_OPERATION error generated. No active program.'
[18:02:24] [Render thread/INFO] (Minecraft) OpenGL debug message: id=1282, source=API, type=ERROR, severity=HIGH, message='GL_INVALID_OPERATION error generated. No active program.'
[18:02:24] [Render thread/INFO] (Minecraft) OpenGL debug message: id=1282, source=API, type=ERROR, severity=HIGH, message='GL_INVALID_OPERATION error generated. No active program.'
[18:02:24] [Render thread/INFO] (Minecraft) OpenGL debug message: id=1282, source=API, type=ERROR, severity=HIGH, message='GL_INVALID_OPERATION error generated. No active program.'
[18:02:24] [Render thread/INFO] (Minecraft) OpenGL debug message: id=1282, source=API, type=ERROR, severity=HIGH, message='GL_INVALID_OPERATION error generated. No active program.'
[18:02:24] [Render thread/INFO] (Minecraft) OpenGL debug message: id=1282, source=API, type=ERROR, severity=HIGH, message='GL_INVALID_OPERATION error generated. No active program.'
[18:02:24] [Render thread/INFO] (Minecraft) OpenGL debug message: id=1282, source=API, type=ERROR, severity=HIGH, message='GL_INVALID_OPERATION error generated. No active program.'
[18:02:25] [Render thread/INFO] (Minecraft) OpenGL debug message: id=1282, source=API, type=ERROR, severity=HIGH, message='GL_INVALID_OPERATION error generated. No active program.'
[18:02:25] [Render thread/INFO] (Minecraft) OpenGL debug message: id=1282, source=API, type=ERROR, severity=HIGH, message='GL_INVALID_OPERATION error generated. No active program.'
[18:02:25] [Render thread/INFO] (Minecraft) OpenGL debug message: id=1282, source=API, type=ERROR, severity=HIGH, message='GL_INVALID_OPERATION error generated. No active program.'
[18:02:25] [Render thread/INFO] (Minecraft) OpenGL debug message: id=1282, source=API, type=ERROR, severity=HIGH, message='GL_INVALID_OPERATION error generated. No active program.'
[18:02:25] [Render thread/INFO] (Minecraft) OpenGL debug message: id=1282, source=API, type=ERROR, severity=HIGH, message='GL_INVALID_OPERATION error generated. No active program.'
[18:02:25] [Render thread/INFO] (Minecraft) OpenGL debug message: id=1282, source=API, type=ERROR, severity=HIGH, message='GL_INVALID_OPERATION error generated. No active program.'
[18:02:25] [Render thread/INFO] (Minecraft) OpenGL debug message: id=1282, source=API, type=ERROR, severity=HIGH, message='GL_INVALID_OPERATION error generated. No active program.'
[18:02:25] [Render thread/INFO] (Minecraft) OpenGL debug message: id=1282, source=API, type=ERROR, severity=HIGH, message='GL_INVALID_OPERATION error generated. No active program.'
[18:02:25] [Render thread/INFO] (Minecraft) OpenGL debug message: id=1282, source=API, type=ERROR, severity=HIGH, message='GL_INVALID_OPERATION error generated. No active program.'
[18:02:25] [Render thread/INFO] (Minecraft) OpenGL debug message: id=1282, source=API, type=ERROR, severity=HIGH, message='GL_INVALID_OPERATION error generated. No active program.'
[18:02:26] [Render thread/INFO] (Minecraft) OpenGL debug message: id=1282, source=API, type=ERROR, severity=HIGH, message='GL_INVALID_OPERATION error generated. No active program.'
[18:02:26] [Render thread/INFO] (Minecraft) OpenGL debug message: id=1282, source=API, type=ERROR, severity=HIGH, message='GL_INVALID_OPERATION error generated. No active program.'
[18:02:26] [Render thread/INFO] (Minecraft) OpenGL debug message: id=1282, source=API, type=ERROR, severity=HIGH, message='GL_INVALID_OPERATION error generated. No active program.'
[18:02:26] [Render thread/INFO] (Minecraft) OpenGL debug message: id=1282, source=API, type=ERROR, severity=HIGH, message='GL_INVALID_OPERATION error generated. No active program.'
[18:02:26] [Render thread/INFO] (Minecraft) OpenGL debug message: id=1282, source=API, type=ERROR, severity=HIGH, message='GL_INVALID_OPERATION error generated. No active program.'
[18:02:26] [Render thread/INFO] (Minecraft) OpenGL debug message: id=1282, source=API, type=ERROR, severity=HIGH, message='GL_INVALID_OPERATION error generated. No active program.'
[18:02:26] [Render thread/INFO] (Minecraft) OpenGL debug message: id=1282, source=API, type=ERROR, severity=HIGH, message='GL_INVALID_OPERATION error generated. No active program.'
[18:02:26] [Render thread/INFO] (Minecraft) OpenGL debug message: id=1282, source=API, type=ERROR, severity=HIGH, message='GL_INVALID_OPERATION error generated. No active program.'
[18:02:26] [Render thread/INFO] (Minecraft) OpenGL debug message: id=1282, source=API, type=ERROR, severity=HIGH, message='GL_INVALID_OPERATION error generated. No active program.'
[18:02:26] [Render thread/INFO] (Minecraft) OpenGL debug message: id=1282, source=API, type=ERROR, severity=HIGH, message='GL_INVALID_OPERATION error generated. No active program.'
[18:02:26] [Render thread/INFO] (Minecraft) OpenGL debug message: id=1282, source=API, type=ERROR, severity=HIGH, message='GL_INVALID_OPERATION error generated. No active program.'
[18:02:27] [Render thread/INFO] (Minecraft) OpenGL debug message: id=1282, source=API, type=ERROR, severity=HIGH, message='GL_INVALID_OPERATION error generated. No active program.'
[18:02:27] [Render thread/INFO] (Minecraft) OpenGL debug message: id=1282, source=API, type=ERROR, severity=HIGH, message='GL_INVALID_OPERATION error generated. No active program.'
[18:02:27] [Render thread/INFO] (Minecraft) OpenGL debug message: id=1282, source=API, type=ERROR, severity=HIGH, message='GL_INVALID_OPERATION error generated. No active program.'
[18:02:27] [Render thread/INFO] (Minecraft) OpenGL debug message: id=1282, source=API, type=ERROR, severity=HIGH, message='GL_INVALID_OPERATION error generated. No active program.'
[18:02:27] [Render thread/INFO] (Minecraft) OpenGL debug message: id=1282, source=API, type=ERROR, severity=HIGH, message='GL_INVALID_OPERATION error generated. No active program.'
[18:02:27] [Render thread/INFO] (Minecraft) OpenGL debug message: id=1282, source=API, type=ERROR, severity=HIGH, message='GL_INVALID_OPERATION error generated. No active program.'
[18:02:27] [Render thread/INFO] (Minecraft) OpenGL debug message: id=1282, source=API, type=ERROR, severity=HIGH, message='GL_INVALID_OPERATION error generated. No active program.'
[18:02:27] [Render thread/INFO] (Minecraft) OpenGL debug message: id=1282, source=API, type=ERROR, severity=HIGH, message='GL_INVALID_OPERATION error generated. No active program.'
[18:02:27] [Render thread/INFO] (Minecraft) OpenGL debug message: id=1282, source=API, type=ERROR, severity=HIGH, message='GL_INVALID_OPERATION error generated. No active program.'
[18:02:27] [Render thread/INFO] (Minecraft) OpenGL debug message: id=1282, source=API, type=ERROR, severity=HIGH, message='GL_INVALID_OPERATION error generated. No active program.'
[18:02:28] [Render thread/INFO] (Minecraft) OpenGL debug message: id=1282, source=API, type=ERROR, severity=HIGH, message='GL_INVALID_OPERATION error generated. No active program.'
[18:02:28] [Render thread/INFO] (Minecraft) OpenGL debug message: id=1282, source=API, type=ERROR, severity=HIGH, message='GL_INVALID_OPERATION error generated. No active program.'
[18:02:28] [Render thread/INFO] (Minecraft) OpenGL debug message: id=1282, source=API, type=ERROR, severity=HIGH, message='GL_INVALID_OPERATION error generated. No active program.'
[18:02:28] [Render thread/INFO] (Minecraft) OpenGL debug message: id=1282, source=API, type=ERROR, severity=HIGH, message='GL_INVALID_OPERATION error generated. No active program.'
[18:02:28] [Render thread/INFO] (Minecraft) OpenGL debug message: id=1282, source=API, type=ERROR, severity=HIGH, message='GL_INVALID_OPERATION error generated. No active program.'
[18:02:28] [Render thread/INFO] (Minecraft) OpenGL debug message: id=1282, source=API, type=ERROR, severity=HIGH, message='GL_INVALID_OPERATION error generated. No active program.'
[18:02:28] [Render thread/INFO] (Minecraft) OpenGL debug message: id=1282, source=API, type=ERROR, severity=HIGH, message='GL_INVALID_OPERATION error generated. No active program.'
[18:02:28] [Render thread/INFO] (Minecraft) OpenGL debug message: id=1282, source=API, type=ERROR, severity=HIGH, message='GL_INVALID_OPERATION error generated. No active program.'
[18:02:28] [Render thread/INFO] (Minecraft) OpenGL debug message: id=1282, source=API, type=ERROR, severity=HIGH, message='GL_INVALID_OPERATION error generated. No active program.'
[18:02:29] [Render thread/INFO] (Minecraft) OpenGL debug message: id=1282, source=API, type=ERROR, severity=HIGH, message='GL_INVALID_OPERATION error generated. No active program.'
[18:02:29] [Render thread/INFO] (Minecraft) OpenGL debug message: id=1282, source=API, type=ERROR, severity=HIGH, message='GL_INVALID_OPERATION error generated. No active program.'
[18:02:29] [Render thread/INFO] (Minecraft) OpenGL debug message: id=1282, source=API, type=ERROR, severity=HIGH, message='GL_INVALID_OPERATION error generated. No active program.'
[18:02:29] [Render thread/INFO] (Minecraft) OpenGL debug message: id=1282, source=API, type=ERROR, severity=HIGH, message='GL_INVALID_OPERATION error generated. No active program.'
[18:02:29] [Render thread/INFO] (Minecraft) OpenGL debug message: id=1282, source=API, type=ERROR, severity=HIGH, message='GL_INVALID_OPERATION error generated. No active program.'
[18:02:29] [Render thread/INFO] (Minecraft) OpenGL debug message: id=1282, source=API, type=ERROR, severity=HIGH, message='GL_INVALID_OPERATION error generated. No active program.'
[18:02:29] [Render thread/INFO] (Minecraft) OpenGL debug message: id=1282, source=API, type=ERROR, severity=HIGH, message='GL_INVALID_OPERATION error generated. No active program.'
[18:02:29] [Render thread/INFO] (Minecraft) OpenGL debug message: id=1282, source=API, type=ERROR, severity=HIGH, message='GL_INVALID_OPERATION error generated. No active program.'
[18:02:29] [Render thread/INFO] (Minecraft) OpenGL debug message: id=1282, source=API, type=ERROR, severity=HIGH, message='GL_INVALID_OPERATION error generated. No active program.'
[18:02:29] [Render thread/INFO] (Minecraft) OpenGL debug message: id=1282, source=API, type=ERROR, severity=HIGH, message='GL_INVALID_OPERATION error generated. No active program.'
[18:02:30] [Render thread/INFO] (Minecraft) OpenGL debug message: id=1282, source=API, type=ERROR, severity=HIGH, message='GL_INVALID_OPERATION error generated. No active program.'
[18:02:30] [Render thread/INFO] (Minecraft) OpenGL debug message: id=1282, source=API, type=ERROR, severity=HIGH, message='GL_INVALID_OPERATION error generated. No active program.'
[18:02:30] [Render thread/INFO] (Minecraft) OpenGL debug message: id=1282, source=API, type=ERROR, severity=HIGH, message='GL_INVALID_OPERATION error generated. No active program.'
[18:02:30] [Render thread/INFO] (Minecraft) OpenGL debug message: id=1282, source=API, type=ERROR, severity=HIGH, message='GL_INVALID_OPERATION error generated. No active program.'
[18:02:30] [Render thread/INFO] (Minecraft) OpenGL debug message: id=1282, source=API, type=ERROR, severity=HIGH, message='GL_INVALID_OPERATION error generated. No active program.'
[18:02:30] [Render thread/INFO] (Minecraft) OpenGL debug message: id=1282, source=API, type=ERROR, severity=HIGH, message='GL_INVALID_OPERATION error generated. No active program.'
[18:02:30] [Render thread/INFO] (Minecraft) OpenGL debug message: id=1282, source=API, type=ERROR, severity=HIGH, message='GL_INVALID_OPERATION error generated. No active program.'
[18:02:30] [Render thread/INFO] (Minecraft) OpenGL debug message: id=1282, source=API, type=ERROR, severity=HIGH, message='GL_INVALID_OPERATION error generated. No active program.'
[18:02:30] [Render thread/INFO] (Minecraft) OpenGL debug message: id=1282, source=API, type=ERROR, severity=HIGH, message='GL_INVALID_OPERATION error generated. No active program.'
[18:02:30] [Render thread/INFO] (Minecraft) OpenGL debug message: id=1282, source=API, type=ERROR, severity=HIGH, message='GL_INVALID_OPERATION error generated. No active program.'
[18:02:30] [Render thread/INFO] (Minecraft) OpenGL debug message: id=1282, source=API, type=ERROR, severity=HIGH, message='GL_INVALID_OPERATION error generated. No active program.'
[18:02:31] [Render thread/INFO] (Minecraft) OpenGL debug message: id=1282, source=API, type=ERROR, severity=HIGH, message='GL_INVALID_OPERATION error generated. No active program.'
[18:02:31] [Render thread/INFO] (Minecraft) OpenGL debug message: id=1282, source=API, type=ERROR, severity=HIGH, message='GL_INVALID_OPERATION error generated. No active program.'
[18:02:31] [Render thread/INFO] (Minecraft) OpenGL debug message: id=1282, source=API, type=ERROR, severity=HIGH, message='GL_INVALID_OPERATION error generated. No active program.'
[18:02:31] [Render thread/INFO] (Minecraft) OpenGL debug message: id=1282, source=API, type=ERROR, severity=HIGH, message='GL_INVALID_OPERATION error generated. No active program.'
[18:02:31] [Render thread/INFO] (Minecraft) OpenGL debug message: id=1282, source=API, type=ERROR, severity=HIGH, message='GL_INVALID_OPERATION error generated. No active program.'
[18:02:31] [Render thread/INFO] (Minecraft) OpenGL debug message: id=1282, source=API, type=ERROR, severity=HIGH, message='GL_INVALID_OPERATION error generated. No active program.'
[18:02:31] [Render thread/INFO] (Minecraft) OpenGL debug message: id=1282, source=API, type=ERROR, severity=HIGH, message='GL_INVALID_OPERATION error generated. No active program.'
[18:02:31] [Render thread/INFO] (Minecraft) OpenGL debug message: id=1282, source=API, type=ERROR, severity=HIGH, message='GL_INVALID_OPERATION error generated. No active program.'
[18:02:31] [Render thread/INFO] (Minecraft) OpenGL debug message: id=1282, source=API, type=ERROR, severity=HIGH, message='GL_INVALID_OPERATION error generated. No active program.'
[18:02:31] [Render thread/INFO] (Minecraft) OpenGL debug message: id=1282, source=API, type=ERROR, severity=HIGH, message='GL_INVALID_OPERATION error generated. No active program.'
[18:02:32] [Render thread/INFO] (Minecraft) OpenGL debug message: id=1282, source=API, type=ERROR, severity=HIGH, message='GL_INVALID_OPERATION error generated. No active program.'
[18:02:32] [Render thread/INFO] (Minecraft) OpenGL debug message: id=1282, source=API, type=ERROR, severity=HIGH, message='GL_INVALID_OPERATION error generated. No active program.'
[18:02:32] [Render thread/INFO] (Minecraft) OpenGL debug message: id=1282, source=API, type=ERROR, severity=HIGH, message='GL_INVALID_OPERATION error generated. No active program.'
[18:02:32] [Render thread/INFO] (Minecraft) OpenGL debug message: id=1282, source=API, type=ERROR, severity=HIGH, message='GL_INVALID_OPERATION error generated. No active program.'
[18:02:32] [Render thread/INFO] (Minecraft) OpenGL debug message: id=1282, source=API, type=ERROR, severity=HIGH, message='GL_INVALID_OPERATION error generated. No active program.'
[18:02:32] [Render thread/INFO] (Minecraft) OpenGL debug message: id=1282, source=API, type=ERROR, severity=HIGH, message='GL_INVALID_OPERATION error generated. No active program.'
[18:02:32] [Render thread/INFO] (Minecraft) OpenGL debug message: id=1282, source=API, type=ERROR, severity=HIGH, message='GL_INVALID_OPERATION error generated. No active program.'
[18:02:32] [Render thread/INFO] (Minecraft) OpenGL debug message: id=1282, source=API, type=ERROR, severity=HIGH, message='GL_INVALID_OPERATION error generated. No active program.'
[18:02:32] [Render thread/INFO] (Minecraft) OpenGL debug message: id=1282, source=API, type=ERROR, severity=HIGH, message='GL_INVALID_OPERATION error generated. No active program.'
[18:02:32] [Render thread/INFO] (Minecraft) OpenGL debug message: id=1282, source=API, type=ERROR, severity=HIGH, message='GL_INVALID_OPERATION error generated. No active program.'
[18:02:33] [Render thread/INFO] (Minecraft) OpenGL debug message: id=1282, source=API, type=ERROR, severity=HIGH, message='GL_INVALID_OPERATION error generated. No active program.'
[18:02:33] [Render thread/INFO] (Minecraft) OpenGL debug message: id=1282, source=API, type=ERROR, severity=HIGH, message='GL_INVALID_OPERATION error generated. No active program.'
[18:02:33] [Render thread/INFO] (Minecraft) OpenGL debug message: id=1282, source=API, type=ERROR, severity=HIGH, message='GL_INVALID_OPERATION error generated. No active program.'
[18:02:33] [Render thread/INFO] (Minecraft) OpenGL debug message: id=1282, source=API, type=ERROR, severity=HIGH, message='GL_INVALID_OPERATION error generated. No active program.'
[18:02:33] [Render thread/INFO] (Minecraft) OpenGL debug message: id=1282, source=API, type=ERROR, severity=HIGH, message='GL_INVALID_OPERATION error generated. No active program.'
[18:02:33] [Render thread/INFO] (Minecraft) OpenGL debug message: id=1282, source=API, type=ERROR, severity=HIGH, message='GL_INVALID_OPERATION error generated. No active program.'
[18:02:33] [Render thread/INFO] (Minecraft) OpenGL debug message: id=1282, source=API, type=ERROR, severity=HIGH, message='GL_INVALID_OPERATION error generated. No active program.'
[18:02:33] [Render thread/INFO] (Minecraft) OpenGL debug message: id=1282, source=API, type=ERROR, severity=HIGH, message='GL_INVALID_OPERATION error generated. No active program.'
[18:02:33] [Render thread/INFO] (Minecraft) OpenGL debug message: id=1282, source=API, type=ERROR, severity=HIGH, message='GL_INVALID_OPERATION error generated. No active program.'
[18:02:33] [Render thread/INFO] (Minecraft) OpenGL debug message: id=1282, source=API, type=ERROR, severity=HIGH, message='GL_INVALID_OPERATION error generated. No active program.'
[18:02:34] [Render thread/INFO] (Minecraft) OpenGL debug message: id=1282, source=API, type=ERROR, severity=HIGH, message='GL_INVALID_OPERATION error generated. No active program.'
[18:02:34] [Render thread/INFO] (Minecraft) OpenGL debug message: id=1282, source=API, type=ERROR, severity=HIGH, message='GL_INVALID_OPERATION error generated. No active program.'
[18:02:34] [Render thread/INFO] (Minecraft) OpenGL debug message: id=1282, source=API, type=ERROR, severity=HIGH, message='GL_INVALID_OPERATION error generated. No active program.'
[18:02:34] [Render thread/INFO] (Minecraft) OpenGL debug message: id=1282, source=API, type=ERROR, severity=HIGH, message='GL_INVALID_OPERATION error generated. No active program.'
[18:02:34] [Render thread/INFO] (Minecraft) OpenGL debug message: id=1282, source=API, type=ERROR, severity=HIGH, message='GL_INVALID_OPERATION error generated. No active program.'
[18:02:34] [Render thread/INFO] (Minecraft) OpenGL debug message: id=1282, source=API, type=ERROR, severity=HIGH, message='GL_INVALID_OPERATION error generated. No active program.'
[18:02:34] [Render thread/INFO] (Minecraft) OpenGL debug message: id=1282, source=API, type=ERROR, severity=HIGH, message='GL_INVALID_OPERATION error generated. No active program.'
[18:02:34] [Render thread/INFO] (Minecraft) OpenGL debug message: id=1282, source=API, type=ERROR, severity=HIGH, message='GL_INVALID_OPERATION error generated. No active program.'
[18:02:34] [Render thread/INFO] (Minecraft) OpenGL debug message: id=1282, source=API, type=ERROR, severity=HIGH, message='GL_INVALID_OPERATION error generated. No active program.'
[18:02:35] [Render thread/INFO] (Minecraft) OpenGL debug message: id=1282, source=API, type=ERROR, severity=HIGH, message='GL_INVALID_OPERATION error generated. No active program.'
[18:02:35] [Render thread/INFO] (Minecraft) OpenGL debug message: id=1282, source=API, type=ERROR, severity=HIGH, message='GL_INVALID_OPERATION error generated. No active program.'
[18:02:35] [Render thread/INFO] (Minecraft) OpenGL debug message: id=1282, source=API, type=ERROR, severity=HIGH, message='GL_INVALID_OPERATION error generated. No active program.'
[18:02:35] [Render thread/INFO] (Minecraft) OpenGL debug message: id=1282, source=API, type=ERROR, severity=HIGH, message='GL_INVALID_OPERATION error generated. No active program.'
[18:02:35] [Render thread/INFO] (Minecraft) OpenGL debug message: id=1282, source=API, type=ERROR, severity=HIGH, message='GL_INVALID_OPERATION error generated. No active program.'
[18:02:35] [Render thread/INFO] (Minecraft) OpenGL debug message: id=1282, source=API, type=ERROR, severity=HIGH, message='GL_INVALID_OPERATION error generated. No active program.'
[18:02:35] [Render thread/INFO] (Minecraft) OpenGL debug message: id=1282, source=API, type=ERROR, severity=HIGH, message='GL_INVALID_OPERATION error generated. No active program.'
[18:02:35] [Render thread/INFO] (Minecraft) OpenGL debug message: id=1282, source=API, type=ERROR, severity=HIGH, message='GL_INVALID_OPERATION error generated. No active program.'
[18:02:35] [Render thread/INFO] (Minecraft) OpenGL debug message: id=1282, source=API, type=ERROR, severity=HIGH, message='GL_INVALID_OPERATION error generated. No active program.'
[18:02:35] [Render thread/INFO] (Minecraft) OpenGL debug message: id=1282, source=API, type=ERROR, severity=HIGH, message='GL_INVALID_OPERATION error generated. No active program.'
[18:02:36] [Render thread/INFO] (Minecraft) OpenGL debug message: id=1282, source=API, type=ERROR, severity=HIGH, message='GL_INVALID_OPERATION error generated. No active program.'
[18:02:36] [Render thread/INFO] (Minecraft) OpenGL debug message: id=1282, source=API, type=ERROR, severity=HIGH, message='GL_INVALID_OPERATION error generated. No active program.'
[18:02:36] [Render thread/INFO] (Minecraft) OpenGL debug message: id=1282, source=API, type=ERROR, severity=HIGH, message='GL_INVALID_OPERATION error generated. No active program.'
[18:02:36] [Render thread/INFO] (Minecraft) OpenGL debug message: id=1282, source=API, type=ERROR, severity=HIGH, message='GL_INVALID_OPERATION error generated. No active program.'
[18:02:36] [Render thread/INFO] (Minecraft) OpenGL debug message: id=1282, source=API, type=ERROR, severity=HIGH, message='GL_INVALID_OPERATION error generated. No active program.'
[18:02:36] [Render thread/INFO] (Minecraft) OpenGL debug message: id=1282, source=API, type=ERROR, severity=HIGH, message='GL_INVALID_OPERATION error generated. No active program.'
[18:02:36] [Render thread/INFO] (Minecraft) OpenGL debug message: id=1282, source=API, type=ERROR, severity=HIGH, message='GL_INVALID_OPERATION error generated. No active program.'
[18:02:36] [Render thread/INFO] (Minecraft) OpenGL debug message: id=1282, source=API, type=ERROR, severity=HIGH, message='GL_INVALID_OPERATION error generated. No active program.'
[18:02:36] [Render thread/INFO] (Minecraft) OpenGL debug message: id=1282, source=API, type=ERROR, severity=HIGH, message='GL_INVALID_OPERATION error generated. No active program.'
[18:02:36] [Render thread/INFO] (Minecraft) OpenGL debug message: id=1282, source=API, type=ERROR, severity=HIGH, message='GL_INVALID_OPERATION error generated. No active program.'
[18:02:36] [Render thread/INFO] (Minecraft) OpenGL debug message: id=1282, source=API, type=ERROR, severity=HIGH, message='GL_INVALID_OPERATION error generated. No active program.'
[18:02:37] [Render thread/INFO] (Minecraft) OpenGL debug message: id=1282, source=API, type=ERROR, severity=HIGH, message='GL_INVALID_OPERATION error generated. No active program.'
[18:02:37] [Render thread/INFO] (Minecraft) OpenGL debug message: id=1282, source=API, type=ERROR, severity=HIGH, message='GL_INVALID_OPERATION error generated. No active program.'
[18:02:37] [Render thread/INFO] (Minecraft) OpenGL debug message: id=1282, source=API, type=ERROR, severity=HIGH, message='GL_INVALID_OPERATION error generated. No active program.'
[18:02:37] [Render thread/INFO] (Minecraft) OpenGL debug message: id=1282, source=API, type=ERROR, severity=HIGH, message='GL_INVALID_OPERATION error generated. No active program.'
[18:02:37] [Render thread/INFO] (Minecraft) OpenGL debug message: id=1282, source=API, type=ERROR, severity=HIGH, message='GL_INVALID_OPERATION error generated. No active program.'
[18:02:37] [Render thread/INFO] (Minecraft) OpenGL debug message: id=1282, source=API, type=ERROR, severity=HIGH, message='GL_INVALID_OPERATION error generated. No active program.'
[18:02:37] [Render thread/INFO] (Minecraft) OpenGL debug message: id=1282, source=API, type=ERROR, severity=HIGH, message='GL_INVALID_OPERATION error generated. No active program.'
[18:02:37] [Render thread/INFO] (Minecraft) OpenGL debug message: id=1282, source=API, type=ERROR, severity=HIGH, message='GL_INVALID_OPERATION error generated. No active program.'
[18:02:37] [Render thread/INFO] (Minecraft) OpenGL debug message: id=1282, source=API, type=ERROR, severity=HIGH, message='GL_INVALID_OPERATION error generated. No active program.'
[18:02:37] [Render thread/INFO] (Minecraft) OpenGL debug message: id=1282, source=API, type=ERROR, severity=HIGH, message='GL_INVALID_OPERATION error generated. No active program.'
[18:02:38] [Render thread/INFO] (Minecraft) OpenGL debug message: id=1282, source=API, type=ERROR, severity=HIGH, message='GL_INVALID_OPERATION error generated. No active program.'
[18:02:38] [Render thread/INFO] (Minecraft) OpenGL debug message: id=1282, source=API, type=ERROR, severity=HIGH, message='GL_INVALID_OPERATION error generated. No active program.'
[18:02:38] [Render thread/INFO] (Minecraft) OpenGL debug message: id=1282, source=API, type=ERROR, severity=HIGH, message='GL_INVALID_OPERATION error generated. No active program.'
[18:02:38] [Render thread/INFO] (Minecraft) OpenGL debug message: id=1282, source=API, type=ERROR, severity=HIGH, message='GL_INVALID_OPERATION error generated. No active program.'
[18:02:38] [Render thread/INFO] (Minecraft) OpenGL debug message: id=1282, source=API, type=ERROR, severity=HIGH, message='GL_INVALID_OPERATION error generated. No active program.'
[18:02:38] [Render thread/INFO] (Minecraft) OpenGL debug message: id=1282, source=API, type=ERROR, severity=HIGH, message='GL_INVALID_OPERATION error generated. No active program.'
[18:02:38] [Render thread/INFO] (Minecraft) OpenGL debug message: id=1282, source=API, type=ERROR, severity=HIGH, message='GL_INVALID_OPERATION error generated. No active program.'
[18:02:38] [Render thread/INFO] (Minecraft) OpenGL debug message: id=1282, source=API, type=ERROR, severity=HIGH, message='GL_INVALID_OPERATION error generated. No active program.'
[18:02:38] [Render thread/INFO] (Minecraft) OpenGL debug message: id=1282, source=API, type=ERROR, severity=HIGH, message='GL_INVALID_OPERATION error generated. No active program.'
[18:02:38] [Render thread/INFO] (Minecraft) OpenGL debug message: id=1282, source=API, type=ERROR, severity=HIGH, message='GL_INVALID_OPERATION error generated. No active program.'
[18:02:39] [Render thread/INFO] (Minecraft) OpenGL debug message: id=1282, source=API, type=ERROR, severity=HIGH, message='GL_INVALID_OPERATION error generated. No active program.'
[18:02:39] [Render thread/INFO] (Minecraft) OpenGL debug message: id=1282, source=API, type=ERROR, severity=HIGH, message='GL_INVALID_OPERATION error generated. No active program.'
[18:02:39] [Render thread/INFO] (Minecraft) OpenGL debug message: id=1282, source=API, type=ERROR, severity=HIGH, message='GL_INVALID_OPERATION error generated. No active program.'
[18:02:39] [Render thread/INFO] (Minecraft) OpenGL debug message: id=1282, source=API, type=ERROR, severity=HIGH, message='GL_INVALID_OPERATION error generated. No active program.'
[18:02:39] [Render thread/INFO] (Minecraft) OpenGL debug message: id=1282, source=API, type=ERROR, severity=HIGH, message='GL_INVALID_OPERATION error generated. No active program.'
[18:02:39] [Render thread/INFO] (Minecraft) OpenGL debug message: id=1282, source=API, type=ERROR, severity=HIGH, message='GL_INVALID_OPERATION error generated. No active program.'
[18:02:39] [Render thread/INFO] (Minecraft) OpenGL debug message: id=1282, source=API, type=ERROR, severity=HIGH, message='GL_INVALID_OPERATION error generated. No active program.'
[18:02:39] [Render thread/INFO] (Minecraft) OpenGL debug message: id=1282, source=API, type=ERROR, severity=HIGH, message='GL_INVALID_OPERATION error generated. No active program.'
[18:02:39] [Render thread/INFO] (Minecraft) OpenGL debug message: id=1282, source=API, type=ERROR, severity=HIGH, message='GL_INVALID_OPERATION error generated. No active program.'
[18:02:40] [Render thread/INFO] (Minecraft) OpenGL debug message: id=1282, source=API, type=ERROR, severity=HIGH, message='GL_INVALID_OPERATION error generated. No active program.'
[18:02:40] [Render thread/INFO] (Minecraft) OpenGL debug message: id=1282, source=API, type=ERROR, severity=HIGH, message='GL_INVALID_OPERATION error generated. No active program.'
[18:02:40] [Render thread/INFO] (Minecraft) OpenGL debug message: id=1282, source=API, type=ERROR, severity=HIGH, message='GL_INVALID_OPERATION error generated. No active program.'
[18:02:40] [Render thread/INFO] (Minecraft) OpenGL debug message: id=1282, source=API, type=ERROR, severity=HIGH, message='GL_INVALID_OPERATION error generated. No active program.'
[18:02:40] [Render thread/INFO] (Minecraft) OpenGL debug message: id=1282, source=API, type=ERROR, severity=HIGH, message='GL_INVALID_OPERATION error generated. No active program.'
[18:02:40] [Render thread/INFO] (Minecraft) OpenGL debug message: id=1282, source=API, type=ERROR, severity=HIGH, message='GL_INVALID_OPERATION error generated. No active program.'
[18:02:40] [Render thread/INFO] (Minecraft) OpenGL debug message: id=1282, source=API, type=ERROR, severity=HIGH, message='GL_INVALID_OPERATION error generated. No active program.'
[18:02:40] [Render thread/INFO] (Minecraft) OpenGL debug message: id=1282, source=API, type=ERROR, severity=HIGH, message='GL_INVALID_OPERATION error generated. No active program.'
[18:02:40] [Render thread/INFO] (Minecraft) OpenGL debug message: id=1282, source=API, type=ERROR, severity=HIGH, message='GL_INVALID_OPERATION error generated. No active program.'
[18:02:40] [Render thread/INFO] (Minecraft) OpenGL debug message: id=1282, source=API, type=ERROR, severity=HIGH, message='GL_INVALID_OPERATION error generated. No active program.'
[18:02:41] [Render thread/INFO] (Minecraft) OpenGL debug message: id=1282, source=API, type=ERROR, severity=HIGH, message='GL_INVALID_OPERATION error generated. No active program.'
[18:02:41] [Render thread/INFO] (Minecraft) OpenGL debug message: id=1282, source=API, type=ERROR, severity=HIGH, message='GL_INVALID_OPERATION error generated. No active program.'
[18:02:41] [Render thread/INFO] (Minecraft) OpenGL debug message: id=1282, source=API, type=ERROR, severity=HIGH, message='GL_INVALID_OPERATION error generated. No active program.'
[18:02:41] [Render thread/INFO] (Minecraft) OpenGL debug message: id=1282, source=API, type=ERROR, severity=HIGH, message='GL_INVALID_OPERATION error generated. No active program.'
[18:02:41] [Render thread/INFO] (Minecraft) OpenGL debug message: id=1282, source=API, type=ERROR, severity=HIGH, message='GL_INVALID_OPERATION error generated. No active program.'
[18:02:41] [Render thread/INFO] (Minecraft) OpenGL debug message: id=1282, source=API, type=ERROR, severity=HIGH, message='GL_INVALID_OPERATION error generated. No active program.'
[18:02:41] [Render thread/INFO] (Minecraft) OpenGL debug message: id=1282, source=API, type=ERROR, severity=HIGH, message='GL_INVALID_OPERATION error generated. No active program.'
[18:02:41] [Render thread/INFO] (Minecraft) OpenGL debug message: id=1282, source=API, type=ERROR, severity=HIGH, message='GL_INVALID_OPERATION error generated. No active program.'
[18:02:41] [Render thread/INFO] (Minecraft) OpenGL debug message: id=1282, source=API, type=ERROR, severity=HIGH, message='GL_INVALID_OPERATION error generated. No active program.'
[18:02:41] [Render thread/INFO] (Minecraft) OpenGL debug message: id=1282, source=API, type=ERROR, severity=HIGH, message='GL_INVALID_OPERATION error generated. No active program.'
[18:02:42] [Render thread/INFO] (Minecraft) OpenGL debug message: id=1282, source=API, type=ERROR, severity=HIGH, message='GL_INVALID_OPERATION error generated. No active program.'
[18:02:42] [Render thread/INFO] (Minecraft) OpenGL debug message: id=1282, source=API, type=ERROR, severity=HIGH, message='GL_INVALID_OPERATION error generated. No active program.'
[18:02:42] [Render thread/INFO] (Minecraft) OpenGL debug message: id=1282, source=API, type=ERROR, severity=HIGH, message='GL_INVALID_OPERATION error generated. No active program.'
[18:02:42] [Render thread/INFO] (Minecraft) OpenGL debug message: id=1282, source=API, type=ERROR, severity=HIGH, message='GL_INVALID_OPERATION error generated. No active program.'
[18:02:42] [Render thread/INFO] (Minecraft) OpenGL debug message: id=1282, source=API, type=ERROR, severity=HIGH, message='GL_INVALID_OPERATION error generated. No active program.'
[18:02:42] [Render thread/INFO] (Minecraft) OpenGL debug message: id=1282, source=API, type=ERROR, severity=HIGH, message='GL_INVALID_OPERATION error generated. No active program.'
[18:02:42] [Render thread/INFO] (Minecraft) OpenGL debug message: id=1282, source=API, type=ERROR, severity=HIGH, message='GL_INVALID_OPERATION error generated. No active program.'
[18:02:42] [Render thread/INFO] (Minecraft) OpenGL debug message: id=1282, source=API, type=ERROR, severity=HIGH, message='GL_INVALID_OPERATION error generated. No active program.'
[18:02:42] [Render thread/INFO] (Minecraft) OpenGL debug message: id=1282, source=API, type=ERROR, severity=HIGH, message='GL_INVALID_OPERATION error generated. No active program.'
[18:02:42] [Render thread/INFO] (Minecraft) OpenGL debug message: id=1282, source=API, type=ERROR, severity=HIGH, message='GL_INVALID_OPERATION error generated. No active program.'
[18:02:43] [Render thread/INFO] (Minecraft) OpenGL debug message: id=1282, source=API, type=ERROR, severity=HIGH, message='GL_INVALID_OPERATION error generated. No active program.'
[18:02:43] [Render thread/INFO] (Minecraft) OpenGL debug message: id=1282, source=API, type=ERROR, severity=HIGH, message='GL_INVALID_OPERATION error generated. No active program.'
[18:02:43] [Render thread/INFO] (Minecraft) OpenGL debug message: id=1282, source=API, type=ERROR, severity=HIGH, message='GL_INVALID_OPERATION error generated. No active program.'
[18:02:43] [Render thread/INFO] (Minecraft) OpenGL debug message: id=1282, source=API, type=ERROR, severity=HIGH, message='GL_INVALID_OPERATION error generated. No active program.'
[18:02:43] [Render thread/INFO] (Minecraft) OpenGL debug message: id=1282, source=API, type=ERROR, severity=HIGH, message='GL_INVALID_OPERATION error generated. No active program.'
[18:02:43] [Render thread/INFO] (Minecraft) OpenGL debug message: id=1282, source=API, type=ERROR, severity=HIGH, message='GL_INVALID_OPERATION error generated. No active program.'
[18:02:43] [Render thread/INFO] (Minecraft) OpenGL debug message: id=1282, source=API, type=ERROR, severity=HIGH, message='GL_INVALID_OPERATION error generated. No active program.'
[18:02:43] [Render thread/INFO] (Minecraft) OpenGL debug message: id=1282, source=API, type=ERROR, severity=HIGH, message='GL_INVALID_OPERATION error generated. No active program.'
[18:02:43] [Render thread/INFO] (Minecraft) OpenGL debug message: id=1282, source=API, type=ERROR, severity=HIGH, message='GL_INVALID_OPERATION error generated. No active program.'
[18:02:43] [Render thread/INFO] (Minecraft) OpenGL debug message: id=1282, source=API, type=ERROR, severity=HIGH, message='GL_INVALID_OPERATION error generated. No active program.'
[18:02:43] [Render thread/INFO] (Minecraft) OpenGL debug message: id=1282, source=API, type=ERROR, severity=HIGH, message='GL_INVALID_OPERATION error generated. No active program.'
[18:02:44] [Render thread/INFO] (Minecraft) OpenGL debug message: id=1282, source=API, type=ERROR, severity=HIGH, message='GL_INVALID_OPERATION error generated. No active program.'
[18:02:44] [Render thread/INFO] (Minecraft) OpenGL debug message: id=1282, source=API, type=ERROR, severity=HIGH, message='GL_INVALID_OPERATION error generated. No active program.'
[18:02:44] [Render thread/INFO] (Minecraft) OpenGL debug message: id=1282, source=API, type=ERROR, severity=HIGH, message='GL_INVALID_OPERATION error generated. No active program.'
[18:02:44] [Render thread/INFO] (Minecraft) OpenGL debug message: id=1282, source=API, type=ERROR, severity=HIGH, message='GL_INVALID_OPERATION error generated. No active program.'
[18:02:44] [Render thread/INFO] (Minecraft) OpenGL debug message: id=1282, source=API, type=ERROR, severity=HIGH, message='GL_INVALID_OPERATION error generated. No active program.'
[18:02:44] [Render thread/INFO] (Minecraft) OpenGL debug message: id=1282, source=API, type=ERROR, severity=HIGH, message='GL_INVALID_OPERATION error generated. No active program.'
[18:02:44] [Render thread/INFO] (Minecraft) OpenGL debug message: id=1282, source=API, type=ERROR, severity=HIGH, message='GL_INVALID_OPERATION error generated. No active program.'
[18:02:44] [Render thread/INFO] (Minecraft) OpenGL debug message: id=1282, source=API, type=ERROR, severity=HIGH, message='GL_INVALID_OPERATION error generated. No active program.'
[18:02:44] [Render thread/INFO] (Minecraft) OpenGL debug message: id=1282, source=API, type=ERROR, severity=HIGH, message='GL_INVALID_OPERATION error generated. No active program.'
[18:02:44] [Render thread/INFO] (Minecraft) OpenGL debug message: id=1282, source=API, type=ERROR, severity=HIGH, message='GL_INVALID_OPERATION error generated. No active program.'
[18:02:45] [Render thread/INFO] (Minecraft) OpenGL debug message: id=1282, source=API, type=ERROR, severity=HIGH, message='GL_INVALID_OPERATION error generated. No active program.'
[18:02:45] [Render thread/INFO] (Minecraft) OpenGL debug message: id=1282, source=API, type=ERROR, severity=HIGH, message='GL_INVALID_OPERATION error generated. No active program.'
[18:02:45] [Render thread/INFO] (Minecraft) OpenGL debug message: id=1282, source=API, type=ERROR, severity=HIGH, message='GL_INVALID_OPERATION error generated. No active program.'
[18:02:45] [Render thread/INFO] (Minecraft) OpenGL debug message: id=1282, source=API, type=ERROR, severity=HIGH, message='GL_INVALID_OPERATION error generated. No active program.'
[18:02:45] [Render thread/INFO] (Minecraft) OpenGL debug message: id=1282, source=API, type=ERROR, severity=HIGH, message='GL_INVALID_OPERATION error generated. No active program.'
[18:02:45] [Render thread/INFO] (Minecraft) OpenGL debug message: id=1282, source=API, type=ERROR, severity=HIGH, message='GL_INVALID_OPERATION error generated. No active program.'
[18:02:45] [Render thread/INFO] (Minecraft) OpenGL debug message: id=1282, source=API, type=ERROR, severity=HIGH, message='GL_INVALID_OPERATION error generated. No active program.'
[18:02:45] [Render thread/INFO] (Minecraft) OpenGL debug message: id=1282, source=API, type=ERROR, severity=HIGH, message='GL_INVALID_OPERATION error generated. No active program.'
[18:02:45] [Render thread/INFO] (Minecraft) OpenGL debug message: id=1282, source=API, type=ERROR, severity=HIGH, message='GL_INVALID_OPERATION error generated. No active program.'
[18:02:45] [Render thread/INFO] (Minecraft) OpenGL debug message: id=1282, source=API, type=ERROR, severity=HIGH, message='GL_INVALID_OPERATION error generated. No active program.'
[18:02:46] [Render thread/INFO] (Minecraft) OpenGL debug message: id=1282, source=API, type=ERROR, severity=HIGH, message='GL_INVALID_OPERATION error generated. No active program.'
[18:02:46] [Render thread/INFO] (Minecraft) OpenGL debug message: id=1282, source=API, type=ERROR, severity=HIGH, message='GL_INVALID_OPERATION error generated. No active program.'
[18:02:46] [Render thread/INFO] (Minecraft) OpenGL debug message: id=1282, source=API, type=ERROR, severity=HIGH, message='GL_INVALID_OPERATION error generated. No active program.'
[18:02:46] [Render thread/INFO] (Minecraft) OpenGL debug message: id=1282, source=API, type=ERROR, severity=HIGH, message='GL_INVALID_OPERATION error generated. No active program.'
[18:02:46] [Render thread/INFO] (Minecraft) OpenGL debug message: id=1282, source=API, type=ERROR, severity=HIGH, message='GL_INVALID_OPERATION error generated. No active program.'
[18:02:46] [Render thread/INFO] (Minecraft) OpenGL debug message: id=1282, source=API, type=ERROR, severity=HIGH, message='GL_INVALID_OPERATION error generated. No active program.'
[18:02:46] [Render thread/INFO] (Minecraft) OpenGL debug message: id=1282, source=API, type=ERROR, severity=HIGH, message='GL_INVALID_OPERATION error generated. No active program.'
[18:02:46] [Render thread/INFO] (Minecraft) OpenGL debug message: id=1282, source=API, type=ERROR, severity=HIGH, message='GL_INVALID_OPERATION error generated. No active program.'
[18:02:46] [Render thread/INFO] (Minecraft) OpenGL debug message: id=1282, source=API, type=ERROR, severity=HIGH, message='GL_INVALID_OPERATION error generated. No active program.'
[18:02:47] [Render thread/INFO] (Minecraft) OpenGL debug message: id=1282, source=API, type=ERROR, severity=HIGH, message='GL_INVALID_OPERATION error generated. No active program.'
[18:02:47] [Render thread/INFO] (Minecraft) OpenGL debug message: id=1282, source=API, type=ERROR, severity=HIGH, message='GL_INVALID_OPERATION error generated. No active program.'
[18:02:47] [Render thread/INFO] (Minecraft) OpenGL debug message: id=1282, source=API, type=ERROR, severity=HIGH, message='GL_INVALID_OPERATION error generated. No active program.'
[18:02:47] [Render thread/INFO] (Minecraft) OpenGL debug message: id=1282, source=API, type=ERROR, severity=HIGH, message='GL_INVALID_OPERATION error generated. No active program.'
[18:02:47] [Render thread/INFO] (Minecraft) OpenGL debug message: id=1282, source=API, type=ERROR, severity=HIGH, message='GL_INVALID_OPERATION error generated. No active program.'
[18:02:47] [Render thread/INFO] (Minecraft) OpenGL debug message: id=1282, source=API, type=ERROR, severity=HIGH, message='GL_INVALID_OPERATION error generated. No active program.'
[18:02:47] [Render thread/INFO] (Minecraft) OpenGL debug message: id=1282, source=API, type=ERROR, severity=HIGH, message='GL_INVALID_OPERATION error generated. No active program.'
[18:02:47] [Render thread/INFO] (Minecraft) OpenGL debug message: id=1282, source=API, type=ERROR, severity=HIGH, message='GL_INVALID_OPERATION error generated. No active program.'
[18:02:47] [Render thread/INFO] (Minecraft) OpenGL debug message: id=1282, source=API, type=ERROR, severity=HIGH, message='GL_INVALID_OPERATION error generated. No active program.'
[18:02:47] [Render thread/INFO] (Minecraft) OpenGL debug message: id=1282, source=API, type=ERROR, severity=HIGH, message='GL_INVALID_OPERATION error generated. No active program.'
[18:02:48] [Render thread/INFO] (Minecraft) OpenGL debug message: id=1282, source=API, type=ERROR, severity=HIGH, message='GL_INVALID_OPERATION error generated. No active program.'
[18:02:48] [Render thread/INFO] (Minecraft) OpenGL debug message: id=1282, source=API, type=ERROR, severity=HIGH, message='GL_INVALID_OPERATION error generated. No active program.'
[18:02:48] [Render thread/INFO] (Minecraft) OpenGL debug message: id=1282, source=API, type=ERROR, severity=HIGH, message='GL_INVALID_OPERATION error generated. No active program.'
[18:02:48] [Render thread/INFO] (Minecraft) OpenGL debug message: id=1282, source=API, type=ERROR, severity=HIGH, message='GL_INVALID_OPERATION error generated. No active program.'
[18:02:48] [Render thread/INFO] (Minecraft) OpenGL debug message: id=1282, source=API, type=ERROR, severity=HIGH, message='GL_INVALID_OPERATION error generated. No active program.'
[18:02:48] [Render thread/INFO] (Minecraft) OpenGL debug message: id=1282, source=API, type=ERROR, severity=HIGH, message='GL_INVALID_OPERATION error generated. No active program.'
[18:02:48] [Render thread/INFO] (Minecraft) OpenGL debug message: id=1282, source=API, type=ERROR, severity=HIGH, message='GL_INVALID_OPERATION error generated. No active program.'
[18:02:48] [Render thread/INFO] (Minecraft) OpenGL debug message: id=1282, source=API, type=ERROR, severity=HIGH, message='GL_INVALID_OPERATION error generated. No active program.'
[18:02:48] [Render thread/INFO] (Minecraft) OpenGL debug message: id=1282, source=API, type=ERROR, severity=HIGH, message='GL_INVALID_OPERATION error generated. No active program.'
[18:02:48] [Render thread/INFO] (Minecraft) OpenGL debug message: id=1282, source=API, type=ERROR, severity=HIGH, message='GL_INVALID_OPERATION error generated. No active program.'
[18:02:48] [Render thread/INFO] (Minecraft) OpenGL debug message: id=1282, source=API, type=ERROR, severity=HIGH, message='GL_INVALID_OPERATION error generated. No active program.'
[18:02:49] [Render thread/INFO] (Minecraft) OpenGL debug message: id=1282, source=API, type=ERROR, severity=HIGH, message='GL_INVALID_OPERATION error generated. No active program.'
[18:02:49] [Render thread/INFO] (Minecraft) OpenGL debug message: id=1282, source=API, type=ERROR, severity=HIGH, message='GL_INVALID_OPERATION error generated. No active program.'
[18:02:49] [Render thread/INFO] (Minecraft) OpenGL debug message: id=1282, source=API, type=ERROR, severity=HIGH, message='GL_INVALID_OPERATION error generated. No active program.'
[18:02:49] [Render thread/INFO] (Minecraft) OpenGL debug message: id=1282, source=API, type=ERROR, severity=HIGH, message='GL_INVALID_OPERATION error generated. No active program.'
[18:02:49] [Render thread/INFO] (Minecraft) OpenGL debug message: id=1282, source=API, type=ERROR, severity=HIGH, message='GL_INVALID_OPERATION error generated. No active program.'
[18:02:49] [Render thread/INFO] (Minecraft) OpenGL debug message: id=1282, source=API, type=ERROR, severity=HIGH, message='GL_INVALID_OPERATION error generated. No active program.'
[18:02:49] [Render thread/INFO] (Minecraft) OpenGL debug message: id=1282, source=API, type=ERROR, severity=HIGH, message='GL_INVALID_OPERATION error generated. No active program.'
[18:02:49] [Render thread/INFO] (Minecraft) OpenGL debug message: id=1282, source=API, type=ERROR, severity=HIGH, message='GL_INVALID_OPERATION error generated. No active program.'
[18:02:49] [Render thread/INFO] (Minecraft) OpenGL debug message: id=1282, source=API, type=ERROR, severity=HIGH, message='GL_INVALID_OPERATION error generated. No active program.'
[18:02:49] [Render thread/INFO] (Minecraft) OpenGL debug message: id=1282, source=API, type=ERROR, severity=HIGH, message='GL_INVALID_OPERATION error generated. No active program.'
[18:02:50] [Render thread/INFO] (Minecraft) OpenGL debug message: id=1282, source=API, type=ERROR, severity=HIGH, message='GL_INVALID_OPERATION error generated. No active program.'
[18:02:50] [Render thread/INFO] (Minecraft) OpenGL debug message: id=1282, source=API, type=ERROR, severity=HIGH, message='GL_INVALID_OPERATION error generated. No active program.'
[18:02:50] [Render thread/INFO] (Minecraft) OpenGL debug message: id=1282, source=API, type=ERROR, severity=HIGH, message='GL_INVALID_OPERATION error generated. No active program.'
[18:02:50] [Render thread/INFO] (Minecraft) OpenGL debug message: id=1282, source=API, type=ERROR, severity=HIGH, message='GL_INVALID_OPERATION error generated. No active program.'
[18:02:50] [Render thread/INFO] (Minecraft) OpenGL debug message: id=1282, source=API, type=ERROR, severity=HIGH, message='GL_INVALID_OPERATION error generated. No active program.'
[18:02:50] [Render thread/INFO] (Minecraft) OpenGL debug message: id=1282, source=API, type=ERROR, severity=HIGH, message='GL_INVALID_OPERATION error generated. No active program.'
[18:02:50] [Render thread/INFO] (Minecraft) OpenGL debug message: id=1282, source=API, type=ERROR, severity=HIGH, message='GL_INVALID_OPERATION error generated. No active program.'
[18:02:50] [Render thread/INFO] (Minecraft) OpenGL debug message: id=1282, source=API, type=ERROR, severity=HIGH, message='GL_INVALID_OPERATION error generated. No active program.'
[18:02:50] [Render thread/INFO] (Minecraft) OpenGL debug message: id=1282, source=API, type=ERROR, severity=HIGH, message='GL_INVALID_OPERATION error generated. No active program.'
[18:02:51] [Render thread/INFO] (Minecraft) OpenGL debug message: id=1282, source=API, type=ERROR, severity=HIGH, message='GL_INVALID_OPERATION error generated. No active program.'
[18:02:51] [Render thread/INFO] (Minecraft) OpenGL debug message: id=1282, source=API, type=ERROR, severity=HIGH, message='GL_INVALID_OPERATION error generated. No active program.'
[18:02:51] [Render thread/INFO] (Minecraft) OpenGL debug message: id=1282, source=API, type=ERROR, severity=HIGH, message='GL_INVALID_OPERATION error generated. No active program.'
[18:02:51] [Render thread/INFO] (Minecraft) OpenGL debug message: id=1282, source=API, type=ERROR, severity=HIGH, message='GL_INVALID_OPERATION error generated. No active program.'
[18:02:51] [Render thread/INFO] (Minecraft) OpenGL debug message: id=1282, source=API, type=ERROR, severity=HIGH, message='GL_INVALID_OPERATION error generated. No active program.'
[18:02:51] [Render thread/INFO] (Minecraft) OpenGL debug message: id=1282, source=API, type=ERROR, severity=HIGH, message='GL_INVALID_OPERATION error generated. No active program.'
[18:02:51] [Render thread/INFO] (Minecraft) OpenGL debug message: id=1282, source=API, type=ERROR, severity=HIGH, message='GL_INVALID_OPERATION error generated. No active program.'
[18:02:51] [Render thread/INFO] (Minecraft) OpenGL debug message: id=1282, source=API, type=ERROR, severity=HIGH, message='GL_INVALID_OPERATION error generated. No active program.'
[18:02:51] [Render thread/INFO] (Minecraft) OpenGL debug message: id=1282, source=API, type=ERROR, severity=HIGH, message='GL_INVALID_OPERATION error generated. No active program.'
[18:02:51] [Render thread/INFO] (Minecraft) OpenGL debug message: id=1282, source=API, type=ERROR, severity=HIGH, message='GL_INVALID_OPERATION error generated. No active program.'
[18:02:51] [Render thread/INFO] (Minecraft) OpenGL debug message: id=1282, source=API, type=ERROR, severity=HIGH, message='GL_INVALID_OPERATION error generated. No active program.'
[18:02:52] [Render thread/INFO] (Minecraft) OpenGL debug message: id=1282, source=API, type=ERROR, severity=HIGH, message='GL_INVALID_OPERATION error generated. No active program.'
[18:02:52] [Render thread/INFO] (Minecraft) OpenGL debug message: id=1282, source=API, type=ERROR, severity=HIGH, message='GL_INVALID_OPERATION error generated. No active program.'
[18:02:52] [Render thread/INFO] (Minecraft) OpenGL debug message: id=1282, source=API, type=ERROR, severity=HIGH, message='GL_INVALID_OPERATION error generated. No active program.'
[18:02:52] [Render thread/INFO] (Minecraft) OpenGL debug message: id=1282, source=API, type=ERROR, severity=HIGH, message='GL_INVALID_OPERATION error generated. No active program.'
[18:02:52] [Render thread/INFO] (Minecraft) OpenGL debug message: id=1282, source=API, type=ERROR, severity=HIGH, message='GL_INVALID_OPERATION error generated. No active program.'
[18:02:52] [Render thread/INFO] (Minecraft) OpenGL debug message: id=1282, source=API, type=ERROR, severity=HIGH, message='GL_INVALID_OPERATION error generated. No active program.'
[18:02:52] [Render thread/INFO] (Minecraft) OpenGL debug message: id=1282, source=API, type=ERROR, severity=HIGH, message='GL_INVALID_OPERATION error generated. No active program.'
[18:02:52] [Render thread/INFO] (Minecraft) OpenGL debug message: id=1282, source=API, type=ERROR, severity=HIGH, message='GL_INVALID_OPERATION error generated. No active program.'
[18:02:52] [Render thread/INFO] (Minecraft) OpenGL debug message: id=1282, source=API, type=ERROR, severity=HIGH, message='GL_INVALID_OPERATION error generated. No active program.'
[18:02:52] [Render thread/INFO] (Minecraft) OpenGL debug message: id=1282, source=API, type=ERROR, severity=HIGH, message='GL_INVALID_OPERATION error generated. No active program.'
[18:02:53] [Render thread/INFO] (Minecraft) OpenGL debug message: id=1282, source=API, type=ERROR, severity=HIGH, message='GL_INVALID_OPERATION error generated. No active program.'
[18:02:53] [Render thread/INFO] (Minecraft) OpenGL debug message: id=1282, source=API, type=ERROR, severity=HIGH, message='GL_INVALID_OPERATION error generated. No active program.'
[18:02:53] [Render thread/INFO] (Minecraft) OpenGL debug message: id=1282, source=API, type=ERROR, severity=HIGH, message='GL_INVALID_OPERATION error generated. No active program.'
[18:02:53] [Render thread/INFO] (Minecraft) OpenGL debug message: id=1282, source=API, type=ERROR, severity=HIGH, message='GL_INVALID_OPERATION error generated. No active program.'
[18:02:53] [Render thread/INFO] (Minecraft) OpenGL debug message: id=1282, source=API, type=ERROR, severity=HIGH, message='GL_INVALID_OPERATION error generated. No active program.'
[18:02:53] [Render thread/INFO] (Minecraft) OpenGL debug message: id=1282, source=API, type=ERROR, severity=HIGH, message='GL_INVALID_OPERATION error generated. No active program.'
[18:02:53] [Render thread/INFO] (Minecraft) OpenGL debug message: id=1282, source=API, type=ERROR, severity=HIGH, message='GL_INVALID_OPERATION error generated. No active program.'
[18:02:53] [Render thread/INFO] (Minecraft) OpenGL debug message: id=1282, source=API, type=ERROR, severity=HIGH, message='GL_INVALID_OPERATION error generated. No active program.'
[18:02:53] [Render thread/INFO] (Minecraft) OpenGL debug message: id=1282, source=API, type=ERROR, severity=HIGH, message='GL_INVALID_OPERATION error generated. No active program.'
[18:02:53] [Render thread/INFO] (Minecraft) OpenGL debug message: id=1282, source=API, type=ERROR, severity=HIGH, message='GL_INVALID_OPERATION error generated. No active program.'
[18:02:54] [Render thread/INFO] (Minecraft) OpenGL debug message: id=1282, source=API, type=ERROR, severity=HIGH, message='GL_INVALID_OPERATION error generated. No active program.'
[18:02:54] [Render thread/INFO] (Minecraft) OpenGL debug message: id=1282, source=API, type=ERROR, severity=HIGH, message='GL_INVALID_OPERATION error generated. No active program.'
[18:02:54] [Render thread/INFO] (Minecraft) OpenGL debug message: id=1282, source=API, type=ERROR, severity=HIGH, message='GL_INVALID_OPERATION error generated. No active program.'
[18:02:54] [Render thread/INFO] (Minecraft) OpenGL debug message: id=1282, source=API, type=ERROR, severity=HIGH, message='GL_INVALID_OPERATION error generated. No active program.'
[18:02:54] [Render thread/INFO] (Minecraft) OpenGL debug message: id=1282, source=API, type=ERROR, severity=HIGH, message='GL_INVALID_OPERATION error generated. No active program.'
[18:02:54] [Render thread/INFO] (Minecraft) OpenGL debug message: id=1282, source=API, type=ERROR, severity=HIGH, message='GL_INVALID_OPERATION error generated. No active program.'
[18:02:54] [Render thread/INFO] (Minecraft) OpenGL debug message: id=1282, source=API, type=ERROR, severity=HIGH, message='GL_INVALID_OPERATION error generated. No active program.'
[18:02:54] [Render thread/INFO] (Minecraft) OpenGL debug message: id=1282, source=API, type=ERROR, severity=HIGH, message='GL_INVALID_OPERATION error generated. No active program.'
[18:02:54] [Render thread/INFO] (Minecraft) OpenGL debug message: id=1282, source=API, type=ERROR, severity=HIGH, message='GL_INVALID_OPERATION error generated. No active program.'
[18:02:55] [Render thread/INFO] (Minecraft) OpenGL debug message: id=1282, source=API, type=ERROR, severity=HIGH, message='GL_INVALID_OPERATION error generated. No active program.'
[18:02:55] [Render thread/INFO] (Minecraft) OpenGL debug message: id=1282, source=API, type=ERROR, severity=HIGH, message='GL_INVALID_OPERATION error generated. No active program.'
[18:02:55] [Render thread/INFO] (Minecraft) OpenGL debug message: id=1282, source=API, type=ERROR, severity=HIGH, message='GL_INVALID_OPERATION error generated. No active program.'
[18:02:55] [Render thread/INFO] (Minecraft) OpenGL debug message: id=1282, source=API, type=ERROR, severity=HIGH, message='GL_INVALID_OPERATION error generated. No active program.'
[18:02:55] [Render thread/INFO] (Minecraft) OpenGL debug message: id=1282, source=API, type=ERROR, severity=HIGH, message='GL_INVALID_OPERATION error generated. No active program.'
[18:02:55] [Render thread/INFO] (Minecraft) OpenGL debug message: id=1282, source=API, type=ERROR, severity=HIGH, message='GL_INVALID_OPERATION error generated. No active program.'
[18:02:55] [Render thread/INFO] (Minecraft) OpenGL debug message: id=1282, source=API, type=ERROR, severity=HIGH, message='GL_INVALID_OPERATION error generated. No active program.'
[18:02:55] [Render thread/INFO] (Minecraft) OpenGL debug message: id=1282, source=API, type=ERROR, severity=HIGH, message='GL_INVALID_OPERATION error generated. No active program.'
[18:02:55] [Render thread/INFO] (Minecraft) OpenGL debug message: id=1282, source=API, type=ERROR, severity=HIGH, message='GL_INVALID_OPERATION error generated. No active program.'
[18:02:55] [Render thread/INFO] (Minecraft) OpenGL debug message: id=1282, source=API, type=ERROR, severity=HIGH, message='GL_INVALID_OPERATION error generated. No active program.'
[18:02:56] [Render thread/INFO] (Minecraft) OpenGL debug message: id=1282, source=API, type=ERROR, severity=HIGH, message='GL_INVALID_OPERATION error generated. No active program.'
[18:02:56] [Render thread/INFO] (Minecraft) OpenGL debug message: id=1282, source=API, type=ERROR, severity=HIGH, message='GL_INVALID_OPERATION error generated. No active program.'
[18:02:56] [Render thread/INFO] (Minecraft) OpenGL debug message: id=1282, source=API, type=ERROR, severity=HIGH, message='GL_INVALID_OPERATION error generated. No active program.'
[18:02:56] [Render thread/INFO] (Minecraft) OpenGL debug message: id=1282, source=API, type=ERROR, severity=HIGH, message='GL_INVALID_OPERATION error generated. No active program.'
[18:02:56] [Render thread/INFO] (Minecraft) OpenGL debug message: id=1282, source=API, type=ERROR, severity=HIGH, message='GL_INVALID_OPERATION error generated. No active program.'
[18:02:56] [Render thread/INFO] (Minecraft) OpenGL debug message: id=1282, source=API, type=ERROR, severity=HIGH, message='GL_INVALID_OPERATION error generated. No active program.'
[18:02:56] [Render thread/INFO] (Minecraft) OpenGL debug message: id=1282, source=API, type=ERROR, severity=HIGH, message='GL_INVALID_OPERATION error generated. No active program.'
[18:02:56] [Render thread/INFO] (Minecraft) OpenGL debug message: id=1282, source=API, type=ERROR, severity=HIGH, message='GL_INVALID_OPERATION error generated. No active program.'
[18:02:56] [Render thread/INFO] (Minecraft) OpenGL debug message: id=1282, source=API, type=ERROR, severity=HIGH, message='GL_INVALID_OPERATION error generated. No active program.'
[18:02:56] [Render thread/INFO] (Minecraft) OpenGL debug message: id=1282, source=API, type=ERROR, severity=HIGH, message='GL_INVALID_OPERATION error generated. No active program.'
[18:02:57] [Render thread/INFO] (Minecraft) OpenGL debug message: id=1282, source=API, type=ERROR, severity=HIGH, message='GL_INVALID_OPERATION error generated. No active program.'
[18:02:57] [Render thread/INFO] (Minecraft) OpenGL debug message: id=1282, source=API, type=ERROR, severity=HIGH, message='GL_INVALID_OPERATION error generated. No active program.'
[18:02:57] [Render thread/INFO] (Minecraft) OpenGL debug message: id=1282, source=API, type=ERROR, severity=HIGH, message='GL_INVALID_OPERATION error generated. No active program.'
[18:02:57] [Render thread/INFO] (Minecraft) OpenGL debug message: id=1282, source=API, type=ERROR, severity=HIGH, message='GL_INVALID_OPERATION error generated. No active program.'
[18:02:57] [Render thread/INFO] (Minecraft) OpenGL debug message: id=1282, source=API, type=ERROR, severity=HIGH, message='GL_INVALID_OPERATION error generated. No active program.'
[18:02:57] [Render thread/INFO] (Minecraft) OpenGL debug message: id=1282, source=API, type=ERROR, severity=HIGH, message='GL_INVALID_OPERATION error generated. No active program.'
[18:02:57] [Render thread/INFO] (Minecraft) OpenGL debug message: id=1282, source=API, type=ERROR, severity=HIGH, message='GL_INVALID_OPERATION error generated. No active program.'
[18:02:57] [Render thread/INFO] (Minecraft) OpenGL debug message: id=1282, source=API, type=ERROR, severity=HIGH, message='GL_INVALID_OPERATION error generated. No active program.'
[18:02:57] [Render thread/INFO] (Minecraft) OpenGL debug message: id=1282, source=API, type=ERROR, severity=HIGH, message='GL_INVALID_OPERATION error generated. No active program.'
[18:02:57] [Render thread/INFO] (Minecraft) OpenGL debug message: id=1282, source=API, type=ERROR, severity=HIGH, message='GL_INVALID_OPERATION error generated. No active program.'
[18:02:57] [Render thread/INFO] (Minecraft) OpenGL debug message: id=1282, source=API, type=ERROR, severity=HIGH, message='GL_INVALID_OPERATION error generated. No active program.'
[18:02:58] [Render thread/INFO] (Minecraft) OpenGL debug message: id=1282, source=API, type=ERROR, severity=HIGH, message='GL_INVALID_OPERATION error generated. No active program.'
[18:02:58] [Render thread/INFO] (Minecraft) OpenGL debug message: id=1282, source=API, type=ERROR, severity=HIGH, message='GL_INVALID_OPERATION error generated. No active program.'
[18:02:58] [Render thread/INFO] (Minecraft) OpenGL debug message: id=1282, source=API, type=ERROR, severity=HIGH, message='GL_INVALID_OPERATION error generated. No active program.'
[18:02:58] [Render thread/INFO] (Minecraft) OpenGL debug message: id=1282, source=API, type=ERROR, severity=HIGH, message='GL_INVALID_OPERATION error generated. No active program.'
[18:02:58] [Render thread/INFO] (Minecraft) OpenGL debug message: id=1282, source=API, type=ERROR, severity=HIGH, message='GL_INVALID_OPERATION error generated. No active program.'
[18:02:58] [Render thread/INFO] (Minecraft) OpenGL debug message: id=1282, source=API, type=ERROR, severity=HIGH, message='GL_INVALID_OPERATION error generated. No active program.'
[18:02:58] [Render thread/INFO] (Minecraft) OpenGL debug message: id=1282, source=API, type=ERROR, severity=HIGH, message='GL_INVALID_OPERATION error generated. No active program.'
[18:02:58] [Render thread/INFO] (Minecraft) OpenGL debug message: id=1282, source=API, type=ERROR, severity=HIGH, message='GL_INVALID_OPERATION error generated. No active program.'
[18:02:58] [Render thread/INFO] (Minecraft) OpenGL debug message: id=1282, source=API, type=ERROR, severity=HIGH, message='GL_INVALID_OPERATION error generated. No active program.'
[18:02:58] [Render thread/INFO] (Minecraft) OpenGL debug message: id=1282, source=API, type=ERROR, severity=HIGH, message='GL_INVALID_OPERATION error generated. No active program.'
[18:02:59] [Render thread/INFO] (Minecraft) OpenGL debug message: id=1282, source=API, type=ERROR, severity=HIGH, message='GL_INVALID_OPERATION error generated. No active program.'
[18:02:59] [Render thread/INFO] (Minecraft) OpenGL debug message: id=1282, source=API, type=ERROR, severity=HIGH, message='GL_INVALID_OPERATION error generated. No active program.'
[18:02:59] [Render thread/INFO] (Minecraft) OpenGL debug message: id=1282, source=API, type=ERROR, severity=HIGH, message='GL_INVALID_OPERATION error generated. No active program.'
[18:02:59] [Render thread/INFO] (Minecraft) OpenGL debug message: id=1282, source=API, type=ERROR, severity=HIGH, message='GL_INVALID_OPERATION error generated. No active program.'
[18:02:59] [Render thread/INFO] (Minecraft) OpenGL debug message: id=1282, source=API, type=ERROR, severity=HIGH, message='GL_INVALID_OPERATION error generated. No active program.'
[18:02:59] [Render thread/INFO] (Minecraft) OpenGL debug message: id=1282, source=API, type=ERROR, severity=HIGH, message='GL_INVALID_OPERATION error generated. No active program.'
[18:02:59] [Render thread/INFO] (Minecraft) OpenGL debug message: id=1282, source=API, type=ERROR, severity=HIGH, message='GL_INVALID_OPERATION error generated. No active program.'
[18:02:59] [Render thread/INFO] (Minecraft) OpenGL debug message: id=1282, source=API, type=ERROR, severity=HIGH, message='GL_INVALID_OPERATION error generated. No active program.'
[18:02:59] [Render thread/INFO] (Minecraft) OpenGL debug message: id=1282, source=API, type=ERROR, severity=HIGH, message='GL_INVALID_OPERATION error generated. No active program.'
[18:02:59] [Render thread/INFO] (Minecraft) OpenGL debug message: id=1282, source=API, type=ERROR, severity=HIGH, message='GL_INVALID_OPERATION error generated. No active program.'
[18:03:00] [Render thread/INFO] (Minecraft) OpenGL debug message: id=1282, source=API, type=ERROR, severity=HIGH, message='GL_INVALID_OPERATION error generated. No active program.'
[18:03:00] [Render thread/INFO] (Minecraft) OpenGL debug message: id=1282, source=API, type=ERROR, severity=HIGH, message='GL_INVALID_OPERATION error generated. No active program.'
[18:03:00] [Render thread/INFO] (Minecraft) OpenGL debug message: id=1282, source=API, type=ERROR, severity=HIGH, message='GL_INVALID_OPERATION error generated. No active program.'
[18:03:00] [Render thread/INFO] (Minecraft) OpenGL debug message: id=1282, source=API, type=ERROR, severity=HIGH, message='GL_INVALID_OPERATION error generated. No active program.'
[18:03:00] [Render thread/INFO] (Minecraft) OpenGL debug message: id=1282, source=API, type=ERROR, severity=HIGH, message='GL_INVALID_OPERATION error generated. No active program.'
[18:03:00] [Render thread/INFO] (Minecraft) OpenGL debug message: id=1282, source=API, type=ERROR, severity=HIGH, message='GL_INVALID_OPERATION error generated. No active program.'
[18:03:00] [Render thread/INFO] (Minecraft) OpenGL debug message: id=1282, source=API, type=ERROR, severity=HIGH, message='GL_INVALID_OPERATION error generated. No active program.'
[18:03:00] [Render thread/INFO] (Minecraft) OpenGL debug message: id=1282, source=API, type=ERROR, severity=HIGH, message='GL_INVALID_OPERATION error generated. No active program.'
[18:03:00] [Render thread/INFO] (Minecraft) OpenGL debug message: id=1282, source=API, type=ERROR, severity=HIGH, message='GL_INVALID_OPERATION error generated. No active program.'
[18:03:01] [Render thread/INFO] (Minecraft) OpenGL debug message: id=1282, source=API, type=ERROR, severity=HIGH, message='GL_INVALID_OPERATION error generated. No active program.'
[18:03:01] [Render thread/INFO] (Minecraft) OpenGL debug message: id=1282, source=API, type=ERROR, severity=HIGH, message='GL_INVALID_OPERATION error generated. No active program.'
[18:03:01] [Render thread/INFO] (Minecraft) OpenGL debug message: id=1282, source=API, type=ERROR, severity=HIGH, message='GL_INVALID_OPERATION error generated. No active program.'
[18:03:01] [Render thread/INFO] (Minecraft) OpenGL debug message: id=1282, source=API, type=ERROR, severity=HIGH, message='GL_INVALID_OPERATION error generated. No active program.'
[18:03:01] [Render thread/INFO] (Minecraft) OpenGL debug message: id=1282, source=API, type=ERROR, severity=HIGH, message='GL_INVALID_OPERATION error generated. No active program.'
[18:03:01] [Render thread/INFO] (Minecraft) OpenGL debug message: id=1282, source=API, type=ERROR, severity=HIGH, message='GL_INVALID_OPERATION error generated. No active program.'
[18:03:01] [Render thread/INFO] (Minecraft) OpenGL debug message: id=1282, source=API, type=ERROR, severity=HIGH, message='GL_INVALID_OPERATION error generated. No active program.'
[18:03:01] [Render thread/INFO] (Minecraft) OpenGL debug message: id=1282, source=API, type=ERROR, severity=HIGH, message='GL_INVALID_OPERATION error generated. No active program.'
[18:03:01] [Render thread/INFO] (Minecraft) OpenGL debug message: id=1282, source=API, type=ERROR, severity=HIGH, message='GL_INVALID_OPERATION error generated. No active program.'
[18:03:01] [Render thread/INFO] (Minecraft) OpenGL debug message: id=1282, source=API, type=ERROR, severity=HIGH, message='GL_INVALID_OPERATION error generated. No active program.'
[18:03:02] [Render thread/INFO] (Minecraft) OpenGL debug message: id=1282, source=API, type=ERROR, severity=HIGH, message='GL_INVALID_OPERATION error generated. No active program.'
[18:03:02] [Render thread/INFO] (Minecraft) OpenGL debug message: id=1282, source=API, type=ERROR, severity=HIGH, message='GL_INVALID_OPERATION error generated. No active program.'
[18:03:02] [Render thread/INFO] (Minecraft) OpenGL debug message: id=1282, source=API, type=ERROR, severity=HIGH, message='GL_INVALID_OPERATION error generated. No active program.'
[18:03:02] [Render thread/INFO] (Minecraft) OpenGL debug message: id=1282, source=API, type=ERROR, severity=HIGH, message='GL_INVALID_OPERATION error generated. No active program.'
[18:03:02] [Render thread/INFO] (Minecraft) OpenGL debug message: id=1282, source=API, type=ERROR, severity=HIGH, message='GL_INVALID_OPERATION error generated. No active program.'
[18:03:02] [Render thread/INFO] (Minecraft) OpenGL debug message: id=1282, source=API, type=ERROR, severity=HIGH, message='GL_INVALID_OPERATION error generated. No active program.'
[18:03:02] [Render thread/INFO] (Minecraft) OpenGL debug message: id=1282, source=API, type=ERROR, severity=HIGH, message='GL_INVALID_OPERATION error generated. No active program.'
[18:03:02] [Render thread/INFO] (Minecraft) OpenGL debug message: id=1282, source=API, type=ERROR, severity=HIGH, message='GL_INVALID_OPERATION error generated. No active program.'
[18:03:02] [Render thread/INFO] (Minecraft) OpenGL debug message: id=1282, source=API, type=ERROR, severity=HIGH, message='GL_INVALID_OPERATION error generated. No active program.'
[18:03:02] [Render thread/INFO] (Minecraft) OpenGL debug message: id=1282, source=API, type=ERROR, severity=HIGH, message='GL_INVALID_OPERATION error generated. No active program.'
[18:03:03] [Render thread/INFO] (Minecraft) OpenGL debug message: id=1282, source=API, type=ERROR, severity=HIGH, message='GL_INVALID_OPERATION error generated. No active program.'
[18:03:03] [Render thread/INFO] (Minecraft) OpenGL debug message: id=1282, source=API, type=ERROR, severity=HIGH, message='GL_INVALID_OPERATION error generated. No active program.'
[18:03:03] [Render thread/INFO] (Minecraft) OpenGL debug message: id=1282, source=API, type=ERROR, severity=HIGH, message='GL_INVALID_OPERATION error generated. No active program.'
[18:03:03] [Render thread/INFO] (Minecraft) OpenGL debug message: id=1282, source=API, type=ERROR, severity=HIGH, message='GL_INVALID_OPERATION error generated. No active program.'
[18:03:03] [Render thread/INFO] (Minecraft) OpenGL debug message: id=1282, source=API, type=ERROR, severity=HIGH, message='GL_INVALID_OPERATION error generated. No active program.'
[18:03:03] [Render thread/INFO] (Minecraft) OpenGL debug message: id=1282, source=API, type=ERROR, severity=HIGH, message='GL_INVALID_OPERATION error generated. No active program.'
[18:03:03] [Render thread/INFO] (Minecraft) OpenGL debug message: id=1282, source=API, type=ERROR, severity=HIGH, message='GL_INVALID_OPERATION error generated. No active program.'
[18:03:03] [Render thread/INFO] (Minecraft) OpenGL debug message: id=1282, source=API, type=ERROR, severity=HIGH, message='GL_INVALID_OPERATION error generated. No active program.'
[18:03:03] [Render thread/INFO] (Minecraft) OpenGL debug message: id=1282, source=API, type=ERROR, severity=HIGH, message='GL_INVALID_OPERATION error generated. No active program.'
[18:03:03] [Render thread/INFO] (Minecraft) OpenGL debug message: id=1282, source=API, type=ERROR, severity=HIGH, message='GL_INVALID_OPERATION error generated. No active program.'
[18:03:03] [Render thread/INFO] (Minecraft) OpenGL debug message: id=1282, source=API, type=ERROR, severity=HIGH, message='GL_INVALID_OPERATION error generated. No active program.'
[18:03:04] [Render thread/INFO] (Minecraft) OpenGL debug message: id=1282, source=API, type=ERROR, severity=HIGH, message='GL_INVALID_OPERATION error generated. No active program.'
[18:03:04] [Render thread/INFO] (Minecraft) OpenGL debug message: id=1282, source=API, type=ERROR, severity=HIGH, message='GL_INVALID_OPERATION error generated. No active program.'
[18:03:04] [Render thread/INFO] (Minecraft) OpenGL debug message: id=1282, source=API, type=ERROR, severity=HIGH, message='GL_INVALID_OPERATION error generated. No active program.'
[18:03:04] [Render thread/INFO] (Minecraft) OpenGL debug message: id=1282, source=API, type=ERROR, severity=HIGH, message='GL_INVALID_OPERATION error generated. No active program.'
[18:03:04] [Render thread/INFO] (Minecraft) OpenGL debug message: id=1282, source=API, type=ERROR, severity=HIGH, message='GL_INVALID_OPERATION error generated. No active program.'
[18:03:04] [Render thread/INFO] (Minecraft) OpenGL debug message: id=1282, source=API, type=ERROR, severity=HIGH, message='GL_INVALID_OPERATION error generated. No active program.'
[18:03:04] [Render thread/INFO] (Minecraft) OpenGL debug message: id=1282, source=API, type=ERROR, severity=HIGH, message='GL_INVALID_OPERATION error generated. No active program.'
[18:03:04] [Render thread/INFO] (Minecraft) OpenGL debug message: id=1282, source=API, type=ERROR, severity=HIGH, message='GL_INVALID_OPERATION error generated. No active program.'
[18:03:04] [Render thread/INFO] (Minecraft) OpenGL debug message: id=1282, source=API, type=ERROR, severity=HIGH, message='GL_INVALID_OPERATION error generated. No active program.'
[18:03:04] [Render thread/INFO] (Minecraft) OpenGL debug message: id=1282, source=API, type=ERROR, severity=HIGH, message='GL_INVALID_OPERATION error generated. No active program.'
[18:03:05] [Render thread/INFO] (Minecraft) OpenGL debug message: id=1282, source=API, type=ERROR, severity=HIGH, message='GL_INVALID_OPERATION error generated. No active program.'
[18:03:05] [Render thread/INFO] (Minecraft) OpenGL debug message: id=1282, source=API, type=ERROR, severity=HIGH, message='GL_INVALID_OPERATION error generated. No active program.'
[18:03:05] [Render thread/INFO] (Minecraft) OpenGL debug message: id=1282, source=API, type=ERROR, severity=HIGH, message='GL_INVALID_OPERATION error generated. No active program.'
[18:03:05] [Render thread/INFO] (Minecraft) OpenGL debug message: id=1282, source=API, type=ERROR, severity=HIGH, message='GL_INVALID_OPERATION error generated. No active program.'
[18:03:05] [Render thread/INFO] (Minecraft) OpenGL debug message: id=1282, source=API, type=ERROR, severity=HIGH, message='GL_INVALID_OPERATION error generated. No active program.'
[18:03:05] [Render thread/INFO] (Minecraft) OpenGL debug message: id=1282, source=API, type=ERROR, severity=HIGH, message='GL_INVALID_OPERATION error generated. No active program.'
[18:03:05] [Render thread/INFO] (Minecraft) OpenGL debug message: id=1282, source=API, type=ERROR, severity=HIGH, message='GL_INVALID_OPERATION error generated. No active program.'
[18:03:05] [Render thread/INFO] (Minecraft) OpenGL debug message: id=1282, source=API, type=ERROR, severity=HIGH, message='GL_INVALID_OPERATION error generated. No active program.'
[18:03:05] [Render thread/INFO] (Minecraft) OpenGL debug message: id=1282, source=API, type=ERROR, severity=HIGH, message='GL_INVALID_OPERATION error generated. No active program.'
[18:03:05] [Render thread/INFO] (Minecraft) OpenGL debug message: id=1282, source=API, type=ERROR, severity=HIGH, message='GL_INVALID_OPERATION error generated. No active program.'
[18:03:06] [Render thread/INFO] (Minecraft) OpenGL debug message: id=1282, source=API, type=ERROR, severity=HIGH, message='GL_INVALID_OPERATION error generated. No active program.'
[18:03:06] [Render thread/INFO] (Minecraft) OpenGL debug message: id=1282, source=API, type=ERROR, severity=HIGH, message='GL_INVALID_OPERATION error generated. No active program.'
[18:03:06] [Render thread/INFO] (Minecraft) OpenGL debug message: id=1282, source=API, type=ERROR, severity=HIGH, message='GL_INVALID_OPERATION error generated. No active program.'
[18:03:06] [Render thread/INFO] (Minecraft) OpenGL debug message: id=1282, source=API, type=ERROR, severity=HIGH, message='GL_INVALID_OPERATION error generated. No active program.'
[18:03:06] [Render thread/INFO] (Minecraft) OpenGL debug message: id=1282, source=API, type=ERROR, severity=HIGH, message='GL_INVALID_OPERATION error generated. No active program.'
[18:03:06] [Render thread/INFO] (Minecraft) OpenGL debug message: id=1282, source=API, type=ERROR, severity=HIGH, message='GL_INVALID_OPERATION error generated. No active program.'
[18:03:06] [Render thread/INFO] (Minecraft) OpenGL debug message: id=1282, source=API, type=ERROR, severity=HIGH, message='GL_INVALID_OPERATION error generated. No active program.'
[18:03:06] [Render thread/INFO] (Minecraft) OpenGL debug message: id=1282, source=API, type=ERROR, severity=HIGH, message='GL_INVALID_OPERATION error generated. No active program.'
[18:03:06] [Render thread/INFO] (Minecraft) OpenGL debug message: id=1282, source=API, type=ERROR, severity=HIGH, message='GL_INVALID_OPERATION error generated. No active program.'
[18:03:07] [Render thread/INFO] (Minecraft) OpenGL debug message: id=1282, source=API, type=ERROR, severity=HIGH, message='GL_INVALID_OPERATION error generated. No active program.'
[18:03:07] [Render thread/INFO] (Minecraft) OpenGL debug message: id=1282, source=API, type=ERROR, severity=HIGH, message='GL_INVALID_OPERATION error generated. No active program.'
[18:03:07] [Render thread/INFO] (Minecraft) OpenGL debug message: id=1282, source=API, type=ERROR, severity=HIGH, message='GL_INVALID_OPERATION error generated. No active program.'
[18:03:07] [Render thread/INFO] (Minecraft) OpenGL debug message: id=1282, source=API, type=ERROR, severity=HIGH, message='GL_INVALID_OPERATION error generated. No active program.'
[18:03:07] [Render thread/INFO] (Minecraft) OpenGL debug message: id=1282, source=API, type=ERROR, severity=HIGH, message='GL_INVALID_OPERATION error generated. No active program.'
[18:03:07] [Render thread/INFO] (Minecraft) OpenGL debug message: id=1282, source=API, type=ERROR, severity=HIGH, message='GL_INVALID_OPERATION error generated. No active program.'
[18:03:07] [Render thread/INFO] (Minecraft) OpenGL debug message: id=1282, source=API, type=ERROR, severity=HIGH, message='GL_INVALID_OPERATION error generated. No active program.'
[18:03:07] [Render thread/INFO] (Minecraft) OpenGL debug message: id=1282, source=API, type=ERROR, severity=HIGH, message='GL_INVALID_OPERATION error generated. No active program.'
[18:03:07] [Render thread/INFO] (Minecraft) OpenGL debug message: id=1282, source=API, type=ERROR, severity=HIGH, message='GL_INVALID_OPERATION error generated. No active program.'
[18:03:07] [Render thread/INFO] (Minecraft) OpenGL debug message: id=1282, source=API, type=ERROR, severity=HIGH, message='GL_INVALID_OPERATION error generated. No active program.'
[18:03:08] [Render thread/INFO] (Minecraft) OpenGL debug message: id=1282, source=API, type=ERROR, severity=HIGH, message='GL_INVALID_OPERATION error generated. No active program.'
[18:03:08] [Render thread/INFO] (Minecraft) OpenGL debug message: id=1282, source=API, type=ERROR, severity=HIGH, message='GL_INVALID_OPERATION error generated. No active program.'
[18:03:08] [Render thread/INFO] (Minecraft) OpenGL debug message: id=1282, source=API, type=ERROR, severity=HIGH, message='GL_INVALID_OPERATION error generated. No active program.'
[18:03:08] [Render thread/INFO] (Minecraft) OpenGL debug message: id=1282, source=API, type=ERROR, severity=HIGH, message='GL_INVALID_OPERATION error generated. No active program.'
[18:03:08] [Render thread/INFO] (Minecraft) OpenGL debug message: id=1282, source=API, type=ERROR, severity=HIGH, message='GL_INVALID_OPERATION error generated. No active program.'
[18:03:08] [Render thread/INFO] (Minecraft) OpenGL debug message: id=1282, source=API, type=ERROR, severity=HIGH, message='GL_INVALID_OPERATION error generated. No active program.'
[18:03:08] [Render thread/INFO] (Minecraft) OpenGL debug message: id=1282, source=API, type=ERROR, severity=HIGH, message='GL_INVALID_OPERATION error generated. No active program.'
[18:03:08] [Render thread/INFO] (Minecraft) OpenGL debug message: id=1282, source=API, type=ERROR, severity=HIGH, message='GL_INVALID_OPERATION error generated. No active program.'
[18:03:08] [Render thread/INFO] (Minecraft) OpenGL debug message: id=1282, source=API, type=ERROR, severity=HIGH, message='GL_INVALID_OPERATION error generated. No active program.'
[18:03:08] [Render thread/INFO] (Minecraft) OpenGL debug message: id=1282, source=API, type=ERROR, severity=HIGH, message='GL_INVALID_OPERATION error generated. No active program.'
[18:03:08] [Render thread/INFO] (Minecraft) OpenGL debug message: id=1282, source=API, type=ERROR, severity=HIGH, message='GL_INVALID_OPERATION error generated. No active program.'
[18:03:09] [Render thread/INFO] (Minecraft) OpenGL debug message: id=1282, source=API, type=ERROR, severity=HIGH, message='GL_INVALID_OPERATION error generated. No active program.'
[18:03:09] [Render thread/INFO] (Minecraft) OpenGL debug message: id=1282, source=API, type=ERROR, severity=HIGH, message='GL_INVALID_OPERATION error generated. No active program.'
[18:03:09] [Render thread/INFO] (Minecraft) OpenGL debug message: id=1282, source=API, type=ERROR, severity=HIGH, message='GL_INVALID_OPERATION error generated. No active program.'
[18:03:09] [Render thread/INFO] (Minecraft) OpenGL debug message: id=1282, source=API, type=ERROR, severity=HIGH, message='GL_INVALID_OPERATION error generated. No active program.'
[18:03:09] [Render thread/INFO] (Minecraft) OpenGL debug message: id=1282, source=API, type=ERROR, severity=HIGH, message='GL_INVALID_OPERATION error generated. No active program.'
[18:03:09] [Render thread/INFO] (Minecraft) OpenGL debug message: id=1282, source=API, type=ERROR, severity=HIGH, message='GL_INVALID_OPERATION error generated. No active program.'
[18:03:09] [Render thread/INFO] (Minecraft) OpenGL debug message: id=1282, source=API, type=ERROR, severity=HIGH, message='GL_INVALID_OPERATION error generated. No active program.'
[18:03:09] [Render thread/INFO] (Minecraft) OpenGL debug message: id=1282, source=API, type=ERROR, severity=HIGH, message='GL_INVALID_OPERATION error generated. No active program.'
[18:03:09] [Render thread/INFO] (Minecraft) OpenGL debug message: id=1282, source=API, type=ERROR, severity=HIGH, message='GL_INVALID_OPERATION error generated. No active program.'
[18:03:09] [Render thread/INFO] (Minecraft) OpenGL debug message: id=1282, source=API, type=ERROR, severity=HIGH, message='GL_INVALID_OPERATION error generated. No active program.'
[18:03:10] [Render thread/INFO] (Minecraft) OpenGL debug message: id=1282, source=API, type=ERROR, severity=HIGH, message='GL_INVALID_OPERATION error generated. No active program.'
[18:03:10] [Render thread/INFO] (Minecraft) OpenGL debug message: id=1282, source=API, type=ERROR, severity=HIGH, message='GL_INVALID_OPERATION error generated. No active program.'
[18:03:10] [Render thread/INFO] (Minecraft) OpenGL debug message: id=1282, source=API, type=ERROR, severity=HIGH, message='GL_INVALID_OPERATION error generated. No active program.'
[18:03:10] [Render thread/INFO] (Minecraft) OpenGL debug message: id=1282, source=API, type=ERROR, severity=HIGH, message='GL_INVALID_OPERATION error generated. No active program.'
[18:03:10] [Render thread/INFO] (Minecraft) OpenGL debug message: id=1282, source=API, type=ERROR, severity=HIGH, message='GL_INVALID_OPERATION error generated. No active program.'
[18:03:10] [Render thread/INFO] (Minecraft) OpenGL debug message: id=1282, source=API, type=ERROR, severity=HIGH, message='GL_INVALID_OPERATION error generated. No active program.'
[18:03:10] [Render thread/INFO] (Minecraft) OpenGL debug message: id=1282, source=API, type=ERROR, severity=HIGH, message='GL_INVALID_OPERATION error generated. No active program.'
[18:03:10] [Render thread/INFO] (Minecraft) OpenGL debug message: id=1282, source=API, type=ERROR, severity=HIGH, message='GL_INVALID_OPERATION error generated. No active program.'
[18:03:10] [Render thread/INFO] (Minecraft) OpenGL debug message: id=1282, source=API, type=ERROR, severity=HIGH, message='GL_INVALID_OPERATION error generated. No active program.'
[18:03:10] [Render thread/INFO] (Minecraft) OpenGL debug message: id=1282, source=API, type=ERROR, severity=HIGH, message='GL_INVALID_OPERATION error generated. No active program.'
[18:03:11] [Render thread/INFO] (Minecraft) OpenGL debug message: id=1282, source=API, type=ERROR, severity=HIGH, message='GL_INVALID_OPERATION error generated. No active program.'
[18:03:11] [Render thread/INFO] (Minecraft) OpenGL debug message: id=1282, source=API, type=ERROR, severity=HIGH, message='GL_INVALID_OPERATION error generated. No active program.'
[18:03:11] [Render thread/INFO] (Minecraft) OpenGL debug message: id=1282, source=API, type=ERROR, severity=HIGH, message='GL_INVALID_OPERATION error generated. No active program.'
[18:03:11] [Render thread/INFO] (Minecraft) OpenGL debug message: id=1282, source=API, type=ERROR, severity=HIGH, message='GL_INVALID_OPERATION error generated. No active program.'
[18:03:11] [Render thread/INFO] (Minecraft) OpenGL debug message: id=1282, source=API, type=ERROR, severity=HIGH, message='GL_INVALID_OPERATION error generated. No active program.'
[18:03:11] [Render thread/INFO] (Minecraft) OpenGL debug message: id=1282, source=API, type=ERROR, severity=HIGH, message='GL_INVALID_OPERATION error generated. No active program.'
[18:03:11] [Render thread/INFO] (Minecraft) OpenGL debug message: id=1282, source=API, type=ERROR, severity=HIGH, message='GL_INVALID_OPERATION error generated. No active program.'
[18:03:11] [Render thread/INFO] (Minecraft) OpenGL debug message: id=1282, source=API, type=ERROR, severity=HIGH, message='GL_INVALID_OPERATION error generated. No active program.'
[18:03:11] [Render thread/INFO] (Minecraft) OpenGL debug message: id=1282, source=API, type=ERROR, severity=HIGH, message='GL_INVALID_OPERATION error generated. No active program.'
[18:03:12] [Render thread/INFO] (Minecraft) OpenGL debug message: id=1282, source=API, type=ERROR, severity=HIGH, message='GL_INVALID_OPERATION error generated. No active program.'
[18:03:12] [Render thread/INFO] (Minecraft) OpenGL debug message: id=1282, source=API, type=ERROR, severity=HIGH, message='GL_INVALID_OPERATION error generated. No active program.'
[18:03:12] [Render thread/INFO] (Minecraft) OpenGL debug message: id=1282, source=API, type=ERROR, severity=HIGH, message='GL_INVALID_OPERATION error generated. No active program.'
[18:03:12] [Render thread/INFO] (Minecraft) OpenGL debug message: id=1282, source=API, type=ERROR, severity=HIGH, message='GL_INVALID_OPERATION error generated. No active program.'
[18:03:12] [Render thread/INFO] (Minecraft) OpenGL debug message: id=1282, source=API, type=ERROR, severity=HIGH, message='GL_INVALID_OPERATION error generated. No active program.'
[18:03:12] [Render thread/INFO] (Minecraft) OpenGL debug message: id=1282, source=API, type=ERROR, severity=HIGH, message='GL_INVALID_OPERATION error generated. No active program.'
[18:03:12] [Render thread/INFO] (Minecraft) OpenGL debug message: id=1282, source=API, type=ERROR, severity=HIGH, message='GL_INVALID_OPERATION error generated. No active program.'
[18:03:12] [Render thread/INFO] (Minecraft) OpenGL debug message: id=1282, source=API, type=ERROR, severity=HIGH, message='GL_INVALID_OPERATION error generated. No active program.'
[18:03:12] [Render thread/INFO] (Minecraft) OpenGL debug message: id=1282, source=API, type=ERROR, severity=HIGH, message='GL_INVALID_OPERATION error generated. No active program.'
[18:03:12] [Render thread/INFO] (Minecraft) OpenGL debug message: id=1282, source=API, type=ERROR, severity=HIGH, message='GL_INVALID_OPERATION error generated. No active program.'
[18:03:13] [Render thread/INFO] (Minecraft) OpenGL debug message: id=1282, source=API, type=ERROR, severity=HIGH, message='GL_INVALID_OPERATION error generated. No active program.'
[18:03:13] [Render thread/INFO] (Minecraft) OpenGL debug message: id=1282, source=API, type=ERROR, severity=HIGH, message='GL_INVALID_OPERATION error generated. No active program.'
[18:03:13] [Render thread/INFO] (Minecraft) OpenGL debug message: id=1282, source=API, type=ERROR, severity=HIGH, message='GL_INVALID_OPERATION error generated. No active program.'
[18:03:13] [Render thread/INFO] (Minecraft) OpenGL debug message: id=1282, source=API, type=ERROR, severity=HIGH, message='GL_INVALID_OPERATION error generated. No active program.'
[18:03:13] [Render thread/INFO] (Minecraft) OpenGL debug message: id=1282, source=API, type=ERROR, severity=HIGH, message='GL_INVALID_OPERATION error generated. No active program.'
[18:03:13] [Render thread/INFO] (Minecraft) OpenGL debug message: id=1282, source=API, type=ERROR, severity=HIGH, message='GL_INVALID_OPERATION error generated. No active program.'
[18:03:13] [Render thread/INFO] (Minecraft) OpenGL debug message: id=1282, source=API, type=ERROR, severity=HIGH, message='GL_INVALID_OPERATION error generated. No active program.'
[18:03:13] [Render thread/INFO] (Minecraft) OpenGL debug message: id=1282, source=API, type=ERROR, severity=HIGH, message='GL_INVALID_OPERATION error generated. No active program.'
[18:03:13] [Render thread/INFO] (Minecraft) OpenGL debug message: id=1282, source=API, type=ERROR, severity=HIGH, message='GL_INVALID_OPERATION error generated. No active program.'
[18:03:13] [Render thread/INFO] (Minecraft) OpenGL debug message: id=1282, source=API, type=ERROR, severity=HIGH, message='GL_INVALID_OPERATION error generated. No active program.'
[18:03:14] [Render thread/INFO] (Minecraft) OpenGL debug message: id=1282, source=API, type=ERROR, severity=HIGH, message='GL_INVALID_OPERATION error generated. No active program.'
[18:03:14] [Render thread/INFO] (Minecraft) OpenGL debug message: id=1282, source=API, type=ERROR, severity=HIGH, message='GL_INVALID_OPERATION error generated. No active program.'
[18:03:14] [Render thread/INFO] (Minecraft) OpenGL debug message: id=1282, source=API, type=ERROR, severity=HIGH, message='GL_INVALID_OPERATION error generated. No active program.'
[18:03:14] [Render thread/INFO] (Minecraft) OpenGL debug message: id=1282, source=API, type=ERROR, severity=HIGH, message='GL_INVALID_OPERATION error generated. No active program.'
[18:03:14] [Render thread/INFO] (Minecraft) OpenGL debug message: id=1282, source=API, type=ERROR, severity=HIGH, message='GL_INVALID_OPERATION error generated. No active program.'
[18:03:14] [Render thread/INFO] (Minecraft) OpenGL debug message: id=1282, source=API, type=ERROR, severity=HIGH, message='GL_INVALID_OPERATION error generated. No active program.'
[18:03:14] [Render thread/INFO] (Minecraft) OpenGL debug message: id=1282, source=API, type=ERROR, severity=HIGH, message='GL_INVALID_OPERATION error generated. No active program.'
[18:03:14] [Render thread/INFO] (Minecraft) OpenGL debug message: id=1282, source=API, type=ERROR, severity=HIGH, message='GL_INVALID_OPERATION error generated. No active program.'
[18:03:14] [Render thread/INFO] (Minecraft) OpenGL debug message: id=1282, source=API, type=ERROR, severity=HIGH, message='GL_INVALID_OPERATION error generated. No active program.'
[18:03:14] [Render thread/INFO] (Minecraft) OpenGL debug message: id=1282, source=API, type=ERROR, severity=HIGH, message='GL_INVALID_OPERATION error generated. No active program.'
[18:03:14] [Render thread/INFO] (Minecraft) OpenGL debug message: id=1282, source=API, type=ERROR, severity=HIGH, message='GL_INVALID_OPERATION error generated. No active program.'
[18:03:15] [Render thread/INFO] (Minecraft) OpenGL debug message: id=1282, source=API, type=ERROR, severity=HIGH, message='GL_INVALID_OPERATION error generated. No active program.'
[18:03:15] [Render thread/INFO] (Minecraft) OpenGL debug message: id=1282, source=API, type=ERROR, severity=HIGH, message='GL_INVALID_OPERATION error generated. No active program.'
[18:03:15] [Render thread/INFO] (Minecraft) OpenGL debug message: id=1282, source=API, type=ERROR, severity=HIGH, message='GL_INVALID_OPERATION error generated. No active program.'
[18:03:15] [Render thread/INFO] (Minecraft) OpenGL debug message: id=1282, source=API, type=ERROR, severity=HIGH, message='GL_INVALID_OPERATION error generated. No active program.'
[18:03:15] [Render thread/INFO] (Minecraft) OpenGL debug message: id=1282, source=API, type=ERROR, severity=HIGH, message='GL_INVALID_OPERATION error generated. No active program.'
[18:03:15] [Render thread/INFO] (Minecraft) OpenGL debug message: id=1282, source=API, type=ERROR, severity=HIGH, message='GL_INVALID_OPERATION error generated. No active program.'
[18:03:15] [Render thread/INFO] (Minecraft) OpenGL debug message: id=1282, source=API, type=ERROR, severity=HIGH, message='GL_INVALID_OPERATION error generated. No active program.'
[18:03:15] [Render thread/INFO] (Minecraft) OpenGL debug message: id=1282, source=API, type=ERROR, severity=HIGH, message='GL_INVALID_OPERATION error generated. No active program.'
[18:03:15] [Render thread/INFO] (Minecraft) OpenGL debug message: id=1282, source=API, type=ERROR, severity=HIGH, message='GL_INVALID_OPERATION error generated. No active program.'
[18:03:15] [Render thread/INFO] (Minecraft) OpenGL debug message: id=1282, source=API, type=ERROR, severity=HIGH, message='GL_INVALID_OPERATION error generated. No active program.'
[18:03:16] [Render thread/INFO] (Minecraft) OpenGL debug message: id=1282, source=API, type=ERROR, severity=HIGH, message='GL_INVALID_OPERATION error generated. No active program.'
[18:03:16] [Render thread/INFO] (Minecraft) OpenGL debug message: id=1282, source=API, type=ERROR, severity=HIGH, message='GL_INVALID_OPERATION error generated. No active program.'
[18:03:16] [Render thread/INFO] (Minecraft) OpenGL debug message: id=1282, source=API, type=ERROR, severity=HIGH, message='GL_INVALID_OPERATION error generated. No active program.'
[18:03:16] [Render thread/INFO] (Minecraft) OpenGL debug message: id=1282, source=API, type=ERROR, severity=HIGH, message='GL_INVALID_OPERATION error generated. No active program.'
[18:03:16] [Render thread/INFO] (Minecraft) OpenGL debug message: id=1282, source=API, type=ERROR, severity=HIGH, message='GL_INVALID_OPERATION error generated. No active program.'
[18:03:16] [Render thread/INFO] (Minecraft) OpenGL debug message: id=1282, source=API, type=ERROR, severity=HIGH, message='GL_INVALID_OPERATION error generated. No active program.'
[18:03:16] [Render thread/INFO] (Minecraft) OpenGL debug message: id=1282, source=API, type=ERROR, severity=HIGH, message='GL_INVALID_OPERATION error generated. No active program.'
[18:03:16] [Render thread/INFO] (Minecraft) OpenGL debug message: id=1282, source=API, type=ERROR, severity=HIGH, message='GL_INVALID_OPERATION error generated. No active program.'
[18:03:16] [Render thread/INFO] (Minecraft) OpenGL debug message: id=1282, source=API, type=ERROR, severity=HIGH, message='GL_INVALID_OPERATION error generated. No active program.'
[18:03:16] [Render thread/INFO] (Minecraft) OpenGL debug message: id=1282, source=API, type=ERROR, severity=HIGH, message='GL_INVALID_OPERATION error generated. No active program.'
[18:03:17] [Render thread/INFO] (Minecraft) OpenGL debug message: id=1282, source=API, type=ERROR, severity=HIGH, message='GL_INVALID_OPERATION error generated. No active program.'
[18:03:17] [Render thread/INFO] (Minecraft) OpenGL debug message: id=1282, source=API, type=ERROR, severity=HIGH, message='GL_INVALID_OPERATION error generated. No active program.'
[18:03:17] [Render thread/INFO] (Minecraft) OpenGL debug message: id=1282, source=API, type=ERROR, severity=HIGH, message='GL_INVALID_OPERATION error generated. No active program.'
[18:03:17] [Render thread/INFO] (Minecraft) OpenGL debug message: id=1282, source=API, type=ERROR, severity=HIGH, message='GL_INVALID_OPERATION error generated. No active program.'
[18:03:17] [Render thread/INFO] (Minecraft) OpenGL debug message: id=1282, source=API, type=ERROR, severity=HIGH, message='GL_INVALID_OPERATION error generated. No active program.'
[18:03:17] [Render thread/INFO] (Minecraft) OpenGL debug message: id=1282, source=API, type=ERROR, severity=HIGH, message='GL_INVALID_OPERATION error generated. No active program.'
[18:03:17] [Render thread/INFO] (Minecraft) OpenGL debug message: id=1282, source=API, type=ERROR, severity=HIGH, message='GL_INVALID_OPERATION error generated. No active program.'
[18:03:17] [Render thread/INFO] (Minecraft) OpenGL debug message: id=1282, source=API, type=ERROR, severity=HIGH, message='GL_INVALID_OPERATION error generated. No active program.'
[18:03:17] [Render thread/INFO] (Minecraft) OpenGL debug message: id=1282, source=API, type=ERROR, severity=HIGH, message='GL_INVALID_OPERATION error generated. No active program.'
[18:03:17] [Render thread/INFO] (Minecraft) OpenGL debug message: id=1282, source=API, type=ERROR, severity=HIGH, message='GL_INVALID_OPERATION error generated. No active program.'
[18:03:18] [Render thread/INFO] (Minecraft) OpenGL debug message: id=1282, source=API, type=ERROR, severity=HIGH, message='GL_INVALID_OPERATION error generated. No active program.'
[18:03:18] [Render thread/INFO] (Minecraft) OpenGL debug message: id=1282, source=API, type=ERROR, severity=HIGH, message='GL_INVALID_OPERATION error generated. No active program.'
[18:03:18] [Render thread/INFO] (Minecraft) OpenGL debug message: id=1282, source=API, type=ERROR, severity=HIGH, message='GL_INVALID_OPERATION error generated. No active program.'
[18:03:18] [Render thread/INFO] (Minecraft) OpenGL debug message: id=1282, source=API, type=ERROR, severity=HIGH, message='GL_INVALID_OPERATION error generated. No active program.'
[18:03:18] [Render thread/INFO] (Minecraft) OpenGL debug message: id=1282, source=API, type=ERROR, severity=HIGH, message='GL_INVALID_OPERATION error generated. No active program.'
[18:03:18] [Render thread/INFO] (Minecraft) OpenGL debug message: id=1282, source=API, type=ERROR, severity=HIGH, message='GL_INVALID_OPERATION error generated. No active program.'
[18:03:18] [Render thread/INFO] (Minecraft) OpenGL debug message: id=1282, source=API, type=ERROR, severity=HIGH, message='GL_INVALID_OPERATION error generated. No active program.'
[18:03:18] [Render thread/INFO] (Minecraft) OpenGL debug message: id=1282, source=API, type=ERROR, severity=HIGH, message='GL_INVALID_OPERATION error generated. No active program.'
[18:03:18] [Render thread/INFO] (Minecraft) OpenGL debug message: id=1282, source=API, type=ERROR, severity=HIGH, message='GL_INVALID_OPERATION error generated. No active program.'
[18:03:19] [Render thread/INFO] (Minecraft) OpenGL debug message: id=1282, source=API, type=ERROR, severity=HIGH, message='GL_INVALID_OPERATION error generated. No active program.'
[18:03:19] [Render thread/INFO] (Minecraft) OpenGL debug message: id=1282, source=API, type=ERROR, severity=HIGH, message='GL_INVALID_OPERATION error generated. No active program.'
[18:03:19] [Render thread/INFO] (Minecraft) OpenGL debug message: id=1282, source=API, type=ERROR, severity=HIGH, message='GL_INVALID_OPERATION error generated. No active program.'
[18:03:19] [Render thread/INFO] (Minecraft) OpenGL debug message: id=1282, source=API, type=ERROR, severity=HIGH, message='GL_INVALID_OPERATION error generated. No active program.'
[18:03:19] [Render thread/INFO] (Minecraft) OpenGL debug message: id=1282, source=API, type=ERROR, severity=HIGH, message='GL_INVALID_OPERATION error generated. No active program.'
[18:03:19] [Render thread/INFO] (Minecraft) OpenGL debug message: id=1282, source=API, type=ERROR, severity=HIGH, message='GL_INVALID_OPERATION error generated. No active program.'
[18:03:19] [Render thread/INFO] (Minecraft) OpenGL debug message: id=1282, source=API, type=ERROR, severity=HIGH, message='GL_INVALID_OPERATION error generated. No active program.'
[18:03:19] [Render thread/INFO] (Minecraft) OpenGL debug message: id=1282, source=API, type=ERROR, severity=HIGH, message='GL_INVALID_OPERATION error generated. No active program.'
[18:03:19] [Render thread/INFO] (Minecraft) OpenGL debug message: id=1282, source=API, type=ERROR, severity=HIGH, message='GL_INVALID_OPERATION error generated. No active program.'
[18:03:19] [Render thread/INFO] (Minecraft) OpenGL debug message: id=1282, source=API, type=ERROR, severity=HIGH, message='GL_INVALID_OPERATION error generated. No active program.'
[18:03:20] [Render thread/INFO] (Minecraft) OpenGL debug message: id=1282, source=API, type=ERROR, severity=HIGH, message='GL_INVALID_OPERATION error generated. No active program.'
[18:03:20] [Render thread/INFO] (Minecraft) OpenGL debug message: id=1282, source=API, type=ERROR, severity=HIGH, message='GL_INVALID_OPERATION error generated. No active program.'
[18:03:20] [Render thread/INFO] (Minecraft) OpenGL debug message: id=1282, source=API, type=ERROR, severity=HIGH, message='GL_INVALID_OPERATION error generated. No active program.'
[18:03:20] [Render thread/INFO] (Minecraft) OpenGL debug message: id=1282, source=API, type=ERROR, severity=HIGH, message='GL_INVALID_OPERATION error generated. No active program.'
[18:03:20] [Render thread/INFO] (Minecraft) OpenGL debug message: id=1282, source=API, type=ERROR, severity=HIGH, message='GL_INVALID_OPERATION error generated. No active program.'
[18:03:20] [Render thread/INFO] (Minecraft) OpenGL debug message: id=1282, source=API, type=ERROR, severity=HIGH, message='GL_INVALID_OPERATION error generated. No active program.'
[18:03:20] [Render thread/INFO] (Minecraft) OpenGL debug message: id=1282, source=API, type=ERROR, severity=HIGH, message='GL_INVALID_OPERATION error generated. No active program.'
[18:03:20] [Render thread/INFO] (Minecraft) OpenGL debug message: id=1282, source=API, type=ERROR, severity=HIGH, message='GL_INVALID_OPERATION error generated. No active program.'
[18:03:20] [Render thread/INFO] (Minecraft) OpenGL debug message: id=1282, source=API, type=ERROR, severity=HIGH, message='GL_INVALID_OPERATION error generated. No active program.'
[18:03:20] [Render thread/INFO] (Minecraft) OpenGL debug message: id=1282, source=API, type=ERROR, severity=HIGH, message='GL_INVALID_OPERATION error generated. No active program.'
[18:03:20] [Render thread/INFO] (Minecraft) OpenGL debug message: id=1282, source=API, type=ERROR, severity=HIGH, message='GL_INVALID_OPERATION error generated. No active program.'
[18:03:21] [Render thread/INFO] (Minecraft) OpenGL debug message: id=1282, source=API, type=ERROR, severity=HIGH, message='GL_INVALID_OPERATION error generated. No active program.'
[18:03:21] [Render thread/INFO] (Minecraft) OpenGL debug message: id=1282, source=API, type=ERROR, severity=HIGH, message='GL_INVALID_OPERATION error generated. No active program.'
[18:03:21] [Render thread/INFO] (Minecraft) OpenGL debug message: id=1282, source=API, type=ERROR, severity=HIGH, message='GL_INVALID_OPERATION error generated. No active program.'
[18:03:21] [Render thread/INFO] (Minecraft) OpenGL debug message: id=1282, source=API, type=ERROR, severity=HIGH, message='GL_INVALID_OPERATION error generated. No active program.'
[18:03:21] [Render thread/INFO] (Minecraft) OpenGL debug message: id=1282, source=API, type=ERROR, severity=HIGH, message='GL_INVALID_OPERATION error generated. No active program.'
[18:03:21] [Render thread/INFO] (Minecraft) OpenGL debug message: id=1282, source=API, type=ERROR, severity=HIGH, message='GL_INVALID_OPERATION error generated. No active program.'
[18:03:21] [Render thread/INFO] (Minecraft) OpenGL debug message: id=1282, source=API, type=ERROR, severity=HIGH, message='GL_INVALID_OPERATION error generated. No active program.'
[18:03:21] [Render thread/INFO] (Minecraft) OpenGL debug message: id=1282, source=API, type=ERROR, severity=HIGH, message='GL_INVALID_OPERATION error generated. No active program.'
[18:03:21] [Render thread/INFO] (Minecraft) OpenGL debug message: id=1282, source=API, type=ERROR, severity=HIGH, message='GL_INVALID_OPERATION error generated. No active program.'
[18:03:21] [Render thread/INFO] (Minecraft) OpenGL debug message: id=1282, source=API, type=ERROR, severity=HIGH, message='GL_INVALID_OPERATION error generated. No active program.'
[18:03:22] [Render thread/INFO] (Minecraft) OpenGL debug message: id=1282, source=API, type=ERROR, severity=HIGH, message='GL_INVALID_OPERATION error generated. No active program.'
[18:03:22] [Render thread/INFO] (Minecraft) OpenGL debug message: id=1282, source=API, type=ERROR, severity=HIGH, message='GL_INVALID_OPERATION error generated. No active program.'
[18:03:22] [Render thread/INFO] (Minecraft) OpenGL debug message: id=1282, source=API, type=ERROR, severity=HIGH, message='GL_INVALID_OPERATION error generated. No active program.'
[18:03:22] [Render thread/INFO] (Minecraft) OpenGL debug message: id=1282, source=API, type=ERROR, severity=HIGH, message='GL_INVALID_OPERATION error generated. No active program.'
[18:03:22] [Render thread/INFO] (Minecraft) OpenGL debug message: id=1282, source=API, type=ERROR, severity=HIGH, message='GL_INVALID_OPERATION error generated. No active program.'
[18:03:22] [Render thread/INFO] (Minecraft) OpenGL debug message: id=1282, source=API, type=ERROR, severity=HIGH, message='GL_INVALID_OPERATION error generated. No active program.'
[18:03:22] [Render thread/INFO] (Minecraft) OpenGL debug message: id=1282, source=API, type=ERROR, severity=HIGH, message='GL_INVALID_OPERATION error generated. No active program.'
[18:03:22] [Render thread/INFO] (Minecraft) OpenGL debug message: id=1282, source=API, type=ERROR, severity=HIGH, message='GL_INVALID_OPERATION error generated. No active program.'
[18:03:22] [Render thread/INFO] (Minecraft) OpenGL debug message: id=1282, source=API, type=ERROR, severity=HIGH, message='GL_INVALID_OPERATION error generated. No active program.'
[18:03:23] [Render thread/INFO] (Minecraft) OpenGL debug message: id=1282, source=API, type=ERROR, severity=HIGH, message='GL_INVALID_OPERATION error generated. No active program.'
[18:03:23] [Render thread/INFO] (Minecraft) OpenGL debug message: id=1282, source=API, type=ERROR, severity=HIGH, message='GL_INVALID_OPERATION error generated. No active program.'
[18:03:23] [Render thread/INFO] (Minecraft) OpenGL debug message: id=1282, source=API, type=ERROR, severity=HIGH, message='GL_INVALID_OPERATION error generated. No active program.'
[18:03:23] [Render thread/INFO] (Minecraft) OpenGL debug message: id=1282, source=API, type=ERROR, severity=HIGH, message='GL_INVALID_OPERATION error generated. No active program.'
[18:03:23] [Render thread/INFO] (Minecraft) OpenGL debug message: id=1282, source=API, type=ERROR, severity=HIGH, message='GL_INVALID_OPERATION error generated. No active program.'
[18:03:23] [Render thread/INFO] (Minecraft) OpenGL debug message: id=1282, source=API, type=ERROR, severity=HIGH, message='GL_INVALID_OPERATION error generated. No active program.'
[18:03:23] [Render thread/INFO] (Minecraft) OpenGL debug message: id=1282, source=API, type=ERROR, severity=HIGH, message='GL_INVALID_OPERATION error generated. No active program.'
[18:03:23] [Render thread/INFO] (Minecraft) OpenGL debug message: id=1282, source=API, type=ERROR, severity=HIGH, message='GL_INVALID_OPERATION error generated. No active program.'
[18:03:23] [Render thread/INFO] (Minecraft) OpenGL debug message: id=1282, source=API, type=ERROR, severity=HIGH, message='GL_INVALID_OPERATION error generated. No active program.'
[18:03:23] [Render thread/INFO] (Minecraft) OpenGL debug message: id=1282, source=API, type=ERROR, severity=HIGH, message='GL_INVALID_OPERATION error generated. No active program.'
[18:03:24] [Render thread/INFO] (Minecraft) OpenGL debug message: id=1282, source=API, type=ERROR, severity=HIGH, message='GL_INVALID_OPERATION error generated. No active program.'
[18:03:24] [Render thread/INFO] (Minecraft) OpenGL debug message: id=1282, source=API, type=ERROR, severity=HIGH, message='GL_INVALID_OPERATION error generated. No active program.'
[18:03:24] [Render thread/INFO] (Minecraft) OpenGL debug message: id=1282, source=API, type=ERROR, severity=HIGH, message='GL_INVALID_OPERATION error generated. No active program.'
[18:03:24] [Render thread/INFO] (Minecraft) OpenGL debug message: id=1282, source=API, type=ERROR, severity=HIGH, message='GL_INVALID_OPERATION error generated. No active program.'
[18:03:24] [Render thread/INFO] (Minecraft) OpenGL debug message: id=1282, source=API, type=ERROR, severity=HIGH, message='GL_INVALID_OPERATION error generated. No active program.'
[18:03:24] [Render thread/INFO] (Minecraft) OpenGL debug message: id=1282, source=API, type=ERROR, severity=HIGH, message='GL_INVALID_OPERATION error generated. No active program.'
[18:03:24] [Render thread/INFO] (Minecraft) OpenGL debug message: id=1282, source=API, type=ERROR, severity=HIGH, message='GL_INVALID_OPERATION error generated. No active program.'
[18:03:24] [Render thread/INFO] (Minecraft) OpenGL debug message: id=1282, source=API, type=ERROR, severity=HIGH, message='GL_INVALID_OPERATION error generated. No active program.'
[18:03:24] [Render thread/INFO] (Minecraft) OpenGL debug message: id=1282, source=API, type=ERROR, severity=HIGH, message='GL_INVALID_OPERATION error generated. No active program.'
[18:03:24] [Render thread/INFO] (Minecraft) OpenGL debug message: id=1282, source=API, type=ERROR, severity=HIGH, message='GL_INVALID_OPERATION error generated. No active program.'
[18:03:25] [Render thread/INFO] (Minecraft) OpenGL debug message: id=1282, source=API, type=ERROR, severity=HIGH, message='GL_INVALID_OPERATION error generated. No active program.'
[18:03:25] [Render thread/INFO] (Minecraft) OpenGL debug message: id=1282, source=API, type=ERROR, severity=HIGH, message='GL_INVALID_OPERATION error generated. No active program.'
[18:03:25] [Render thread/INFO] (Minecraft) OpenGL debug message: id=1282, source=API, type=ERROR, severity=HIGH, message='GL_INVALID_OPERATION error generated. No active program.'
[18:03:25] [Render thread/INFO] (Minecraft) OpenGL debug message: id=1282, source=API, type=ERROR, severity=HIGH, message='GL_INVALID_OPERATION error generated. No active program.'
[18:03:25] [Render thread/INFO] (Minecraft) OpenGL debug message: id=1282, source=API, type=ERROR, severity=HIGH, message='GL_INVALID_OPERATION error generated. No active program.'
[18:03:25] [Render thread/INFO] (Minecraft) OpenGL debug message: id=1282, source=API, type=ERROR, severity=HIGH, message='GL_INVALID_OPERATION error generated. No active program.'
[18:03:25] [Render thread/INFO] (Minecraft) OpenGL debug message: id=1282, source=API, type=ERROR, severity=HIGH, message='GL_INVALID_OPERATION error generated. No active program.'
[18:03:25] [Render thread/INFO] (Minecraft) OpenGL debug message: id=1282, source=API, type=ERROR, severity=HIGH, message='GL_INVALID_OPERATION error generated. No active program.'
[18:03:25] [Render thread/INFO] (Minecraft) OpenGL debug message: id=1282, source=API, type=ERROR, severity=HIGH, message='GL_INVALID_OPERATION error generated. No active program.'
[18:03:25] [Render thread/INFO] (Minecraft) OpenGL debug message: id=1282, source=API, type=ERROR, severity=HIGH, message='GL_INVALID_OPERATION error generated. No active program.'
[18:03:25] [Render thread/INFO] (Minecraft) OpenGL debug message: id=1282, source=API, type=ERROR, severity=HIGH, message='GL_INVALID_OPERATION error generated. No active program.'
[18:03:26] [Render thread/INFO] (Minecraft) OpenGL debug message: id=1282, source=API, type=ERROR, severity=HIGH, message='GL_INVALID_OPERATION error generated. No active program.'
[18:03:26] [Render thread/INFO] (Minecraft) OpenGL debug message: id=1282, source=API, type=ERROR, severity=HIGH, message='GL_INVALID_OPERATION error generated. No active program.'
[18:03:26] [Render thread/INFO] (Minecraft) OpenGL debug message: id=1282, source=API, type=ERROR, severity=HIGH, message='GL_INVALID_OPERATION error generated. No active program.'
[18:03:26] [Render thread/INFO] (Minecraft) OpenGL debug message: id=1282, source=API, type=ERROR, severity=HIGH, message='GL_INVALID_OPERATION error generated. No active program.'
[18:03:26] [Render thread/INFO] (Minecraft) OpenGL debug message: id=1282, source=API, type=ERROR, severity=HIGH, message='GL_INVALID_OPERATION error generated. No active program.'
[18:03:26] [Render thread/INFO] (Minecraft) OpenGL debug message: id=1282, source=API, type=ERROR, severity=HIGH, message='GL_INVALID_OPERATION error generated. No active program.'
[18:03:26] [Render thread/INFO] (Minecraft) OpenGL debug message: id=1282, source=API, type=ERROR, severity=HIGH, message='GL_INVALID_OPERATION error generated. No active program.'
[18:03:26] [Render thread/INFO] (Minecraft) OpenGL debug message: id=1282, source=API, type=ERROR, severity=HIGH, message='GL_INVALID_OPERATION error generated. No active program.'
[18:03:26] [Render thread/INFO] (Minecraft) OpenGL debug message: id=1282, source=API, type=ERROR, severity=HIGH, message='GL_INVALID_OPERATION error generated. No active program.'
[18:03:26] [Render thread/INFO] (Minecraft) OpenGL debug message: id=1282, source=API, type=ERROR, severity=HIGH, message='GL_INVALID_OPERATION error generated. No active program.'
[18:03:27] [Render thread/INFO] (Minecraft) OpenGL debug message: id=1282, source=API, type=ERROR, severity=HIGH, message='GL_INVALID_OPERATION error generated. No active program.'
[18:03:27] [Render thread/INFO] (Minecraft) OpenGL debug message: id=1282, source=API, type=ERROR, severity=HIGH, message='GL_INVALID_OPERATION error generated. No active program.'
[18:03:27] [Render thread/INFO] (Minecraft) OpenGL debug message: id=1282, source=API, type=ERROR, severity=HIGH, message='GL_INVALID_OPERATION error generated. No active program.'
[18:03:27] [Render thread/INFO] (Minecraft) OpenGL debug message: id=1282, source=API, type=ERROR, severity=HIGH, message='GL_INVALID_OPERATION error generated. No active program.'
[18:03:27] [Render thread/INFO] (Minecraft) OpenGL debug message: id=1282, source=API, type=ERROR, severity=HIGH, message='GL_INVALID_OPERATION error generated. No active program.'
[18:03:27] [Render thread/INFO] (Minecraft) OpenGL debug message: id=1282, source=API, type=ERROR, severity=HIGH, message='GL_INVALID_OPERATION error generated. No active program.'
[18:03:27] [Render thread/INFO] (Minecraft) OpenGL debug message: id=1282, source=API, type=ERROR, severity=HIGH, message='GL_INVALID_OPERATION error generated. No active program.'
[18:03:27] [Render thread/INFO] (Minecraft) OpenGL debug message: id=1282, source=API, type=ERROR, severity=HIGH, message='GL_INVALID_OPERATION error generated. No active program.'
[18:03:27] [Render thread/INFO] (Minecraft) OpenGL debug message: id=1282, source=API, type=ERROR, severity=HIGH, message='GL_INVALID_OPERATION error generated. No active program.'
[18:03:28] [Render thread/INFO] (Minecraft) OpenGL debug message: id=1282, source=API, type=ERROR, severity=HIGH, message='GL_INVALID_OPERATION error generated. No active program.'
[18:03:28] [Render thread/INFO] (Minecraft) OpenGL debug message: id=1282, source=API, type=ERROR, severity=HIGH, message='GL_INVALID_OPERATION error generated. No active program.'
[18:03:28] [Render thread/INFO] (Minecraft) OpenGL debug message: id=1282, source=API, type=ERROR, severity=HIGH, message='GL_INVALID_OPERATION error generated. No active program.'
[18:03:28] [Render thread/INFO] (Minecraft) OpenGL debug message: id=1282, source=API, type=ERROR, severity=HIGH, message='GL_INVALID_OPERATION error generated. No active program.'
[18:03:28] [Render thread/INFO] (Minecraft) OpenGL debug message: id=1282, source=API, type=ERROR, severity=HIGH, message='GL_INVALID_OPERATION error generated. No active program.'
[18:03:28] [Render thread/INFO] (Minecraft) OpenGL debug message: id=1282, source=API, type=ERROR, severity=HIGH, message='GL_INVALID_OPERATION error generated. No active program.'
[18:03:28] [Render thread/INFO] (Minecraft) OpenGL debug message: id=1282, source=API, type=ERROR, severity=HIGH, message='GL_INVALID_OPERATION error generated. No active program.'
[18:03:28] [Render thread/INFO] (Minecraft) OpenGL debug message: id=1282, source=API, type=ERROR, severity=HIGH, message='GL_INVALID_OPERATION error generated. No active program.'
[18:03:28] [Render thread/INFO] (Minecraft) OpenGL debug message: id=1282, source=API, type=ERROR, severity=HIGH, message='GL_INVALID_OPERATION error generated. No active program.'
[18:03:28] [Render thread/INFO] (Minecraft) OpenGL debug message: id=1282, source=API, type=ERROR, severity=HIGH, message='GL_INVALID_OPERATION error generated. No active program.'
[18:03:29] [Render thread/INFO] (Minecraft) OpenGL debug message: id=1282, source=API, type=ERROR, severity=HIGH, message='GL_INVALID_OPERATION error generated. No active program.'
[18:03:29] [Render thread/INFO] (Minecraft) OpenGL debug message: id=1282, source=API, type=ERROR, severity=HIGH, message='GL_INVALID_OPERATION error generated. No active program.'
[18:03:29] [Render thread/INFO] (Minecraft) OpenGL debug message: id=1282, source=API, type=ERROR, severity=HIGH, message='GL_INVALID_OPERATION error generated. No active program.'
[18:03:29] [Render thread/INFO] (Minecraft) OpenGL debug message: id=1282, source=API, type=ERROR, severity=HIGH, message='GL_INVALID_OPERATION error generated. No active program.'
[18:03:29] [Render thread/INFO] (Minecraft) OpenGL debug message: id=1282, source=API, type=ERROR, severity=HIGH, message='GL_INVALID_OPERATION error generated. No active program.'
[18:03:29] [Render thread/INFO] (Minecraft) OpenGL debug message: id=1282, source=API, type=ERROR, severity=HIGH, message='GL_INVALID_OPERATION error generated. No active program.'
[18:03:29] [Render thread/INFO] (Minecraft) OpenGL debug message: id=1282, source=API, type=ERROR, severity=HIGH, message='GL_INVALID_OPERATION error generated. No active program.'
[18:03:29] [Render thread/INFO] (Minecraft) OpenGL debug message: id=1282, source=API, type=ERROR, severity=HIGH, message='GL_INVALID_OPERATION error generated. No active program.'
[18:03:29] [Render thread/INFO] (Minecraft) OpenGL debug message: id=1282, source=API, type=ERROR, severity=HIGH, message='GL_INVALID_OPERATION error generated. No active program.'
[18:03:29] [Render thread/INFO] (Minecraft) OpenGL debug message: id=1282, source=API, type=ERROR, severity=HIGH, message='GL_INVALID_OPERATION error generated. No active program.'
[18:03:30] [Render thread/INFO] (Minecraft) OpenGL debug message: id=1282, source=API, type=ERROR, severity=HIGH, message='GL_INVALID_OPERATION error generated. No active program.'
[18:03:30] [Render thread/INFO] (Minecraft) OpenGL debug message: id=1282, source=API, type=ERROR, severity=HIGH, message='GL_INVALID_OPERATION error generated. No active program.'
[18:03:30] [Render thread/INFO] (Minecraft) OpenGL debug message: id=1282, source=API, type=ERROR, severity=HIGH, message='GL_INVALID_OPERATION error generated. No active program.'
[18:03:30] [Render thread/INFO] (Minecraft) OpenGL debug message: id=1282, source=API, type=ERROR, severity=HIGH, message='GL_INVALID_OPERATION error generated. No active program.'
[18:03:30] [Render thread/INFO] (Minecraft) OpenGL debug message: id=1282, source=API, type=ERROR, severity=HIGH, message='GL_INVALID_OPERATION error generated. No active program.'
[18:03:30] [Render thread/INFO] (Minecraft) OpenGL debug message: id=1282, source=API, type=ERROR, severity=HIGH, message='GL_INVALID_OPERATION error generated. No active program.'
[18:03:30] [Render thread/INFO] (Minecraft) OpenGL debug message: id=1282, source=API, type=ERROR, severity=HIGH, message='GL_INVALID_OPERATION error generated. No active program.'
[18:03:30] [Render thread/INFO] (Minecraft) OpenGL debug message: id=1282, source=API, type=ERROR, severity=HIGH, message='GL_INVALID_OPERATION error generated. No active program.'
[18:03:30] [Render thread/INFO] (Minecraft) OpenGL debug message: id=1282, source=API, type=ERROR, severity=HIGH, message='GL_INVALID_OPERATION error generated. No active program.'
[18:03:30] [Render thread/INFO] (Minecraft) OpenGL debug message: id=1282, source=API, type=ERROR, severity=HIGH, message='GL_INVALID_OPERATION error generated. No active program.'
[18:03:30] [Render thread/INFO] (Minecraft) OpenGL debug message: id=1282, source=API, type=ERROR, severity=HIGH, message='GL_INVALID_OPERATION error generated. No active program.'
[18:03:31] [Render thread/INFO] (Minecraft) OpenGL debug message: id=1282, source=API, type=ERROR, severity=HIGH, message='GL_INVALID_OPERATION error generated. No active program.'
[18:03:31] [Render thread/INFO] (Minecraft) OpenGL debug message: id=1282, source=API, type=ERROR, severity=HIGH, message='GL_INVALID_OPERATION error generated. No active program.'
[18:03:31] [Render thread/INFO] (Minecraft) OpenGL debug message: id=1282, source=API, type=ERROR, severity=HIGH, message='GL_INVALID_OPERATION error generated. No active program.'
[18:03:31] [Render thread/INFO] (Minecraft) OpenGL debug message: id=1282, source=API, type=ERROR, severity=HIGH, message='GL_INVALID_OPERATION error generated. No active program.'
[18:03:31] [Render thread/INFO] (Minecraft) OpenGL debug message: id=1282, source=API, type=ERROR, severity=HIGH, message='GL_INVALID_OPERATION error generated. No active program.'
[18:03:31] [Render thread/INFO] (Minecraft) OpenGL debug message: id=1282, source=API, type=ERROR, severity=HIGH, message='GL_INVALID_OPERATION error generated. No active program.'
[18:03:31] [Render thread/INFO] (Minecraft) OpenGL debug message: id=1282, source=API, type=ERROR, severity=HIGH, message='GL_INVALID_OPERATION error generated. No active program.'
[18:03:31] [Render thread/INFO] (Minecraft) OpenGL debug message: id=1282, source=API, type=ERROR, severity=HIGH, message='GL_INVALID_OPERATION error generated. No active program.'
[18:03:31] [Render thread/INFO] (Minecraft) OpenGL debug message: id=1282, source=API, type=ERROR, severity=HIGH, message='GL_INVALID_OPERATION error generated. No active program.'
[18:03:31] [Render thread/INFO] (Minecraft) OpenGL debug message: id=1282, source=API, type=ERROR, severity=HIGH, message='GL_INVALID_OPERATION error generated. No active program.'
[18:03:32] [Render thread/INFO] (Minecraft) OpenGL debug message: id=1282, source=API, type=ERROR, severity=HIGH, message='GL_INVALID_OPERATION error generated. No active program.'
[18:03:32] [Render thread/INFO] (Minecraft) OpenGL debug message: id=1282, source=API, type=ERROR, severity=HIGH, message='GL_INVALID_OPERATION error generated. No active program.'
[18:03:32] [Render thread/INFO] (Minecraft) OpenGL debug message: id=1282, source=API, type=ERROR, severity=HIGH, message='GL_INVALID_OPERATION error generated. No active program.'
[18:03:32] [Render thread/INFO] (Minecraft) OpenGL debug message: id=1282, source=API, type=ERROR, severity=HIGH, message='GL_INVALID_OPERATION error generated. No active program.'
[18:03:32] [Render thread/INFO] (Minecraft) OpenGL debug message: id=1282, source=API, type=ERROR, severity=HIGH, message='GL_INVALID_OPERATION error generated. No active program.'
[18:03:32] [Render thread/INFO] (Minecraft) OpenGL debug message: id=1282, source=API, type=ERROR, severity=HIGH, message='GL_INVALID_OPERATION error generated. No active program.'
[18:03:32] [Render thread/INFO] (Minecraft) OpenGL debug message: id=1282, source=API, type=ERROR, severity=HIGH, message='GL_INVALID_OPERATION error generated. No active program.'
[18:03:32] [Render thread/INFO] (Minecraft) OpenGL debug message: id=1282, source=API, type=ERROR, severity=HIGH, message='GL_INVALID_OPERATION error generated. No active program.'
[18:03:32] [Render thread/INFO] (Minecraft) OpenGL debug message: id=1282, source=API, type=ERROR, severity=HIGH, message='GL_INVALID_OPERATION error generated. No active program.'
[18:03:32] [Render thread/INFO] (Minecraft) OpenGL debug message: id=1282, source=API, type=ERROR, severity=HIGH, message='GL_INVALID_OPERATION error generated. No active program.'
[18:03:33] [Render thread/INFO] (Minecraft) OpenGL debug message: id=1282, source=API, type=ERROR, severity=HIGH, message='GL_INVALID_OPERATION error generated. No active program.'
[18:03:33] [Render thread/INFO] (Minecraft) OpenGL debug message: id=1282, source=API, type=ERROR, severity=HIGH, message='GL_INVALID_OPERATION error generated. No active program.'
[18:03:33] [Render thread/INFO] (Minecraft) OpenGL debug message: id=1282, source=API, type=ERROR, severity=HIGH, message='GL_INVALID_OPERATION error generated. No active program.'
[18:03:33] [Render thread/INFO] (Minecraft) OpenGL debug message: id=1282, source=API, type=ERROR, severity=HIGH, message='GL_INVALID_OPERATION error generated. No active program.'
[18:03:33] [Render thread/INFO] (Minecraft) OpenGL debug message: id=1282, source=API, type=ERROR, severity=HIGH, message='GL_INVALID_OPERATION error generated. No active program.'
[18:03:33] [Render thread/INFO] (Minecraft) OpenGL debug message: id=1282, source=API, type=ERROR, severity=HIGH, message='GL_INVALID_OPERATION error generated. No active program.'
[18:03:33] [Render thread/INFO] (Minecraft) OpenGL debug message: id=1282, source=API, type=ERROR, severity=HIGH, message='GL_INVALID_OPERATION error generated. No active program.'
[18:03:33] [Render thread/INFO] (Minecraft) OpenGL debug message: id=1282, source=API, type=ERROR, severity=HIGH, message='GL_INVALID_OPERATION error generated. No active program.'
[18:03:33] [Render thread/INFO] (Minecraft) OpenGL debug message: id=1282, source=API, type=ERROR, severity=HIGH, message='GL_INVALID_OPERATION error generated. No active program.'
[18:03:34] [Render thread/INFO] (Minecraft) OpenGL debug message: id=1282, source=API, type=ERROR, severity=HIGH, message='GL_INVALID_OPERATION error generated. No active program.'
[18:03:34] [Render thread/INFO] (Minecraft) OpenGL debug message: id=1282, source=API, type=ERROR, severity=HIGH, message='GL_INVALID_OPERATION error generated. No active program.'
[18:03:34] [Render thread/INFO] (Minecraft) OpenGL debug message: id=1282, source=API, type=ERROR, severity=HIGH, message='GL_INVALID_OPERATION error generated. No active program.'
[18:03:34] [Render thread/INFO] (Minecraft) OpenGL debug message: id=1282, source=API, type=ERROR, severity=HIGH, message='GL_INVALID_OPERATION error generated. No active program.'
[18:03:34] [Render thread/INFO] (Minecraft) OpenGL debug message: id=1282, source=API, type=ERROR, severity=HIGH, message='GL_INVALID_OPERATION error generated. No active program.'
[18:03:34] [Render thread/INFO] (Minecraft) OpenGL debug message: id=1282, source=API, type=ERROR, severity=HIGH, message='GL_INVALID_OPERATION error generated. No active program.'
[18:03:34] [Render thread/INFO] (Minecraft) OpenGL debug message: id=1282, source=API, type=ERROR, severity=HIGH, message='GL_INVALID_OPERATION error generated. No active program.'
[18:03:34] [Render thread/INFO] (Minecraft) OpenGL debug message: id=1282, source=API, type=ERROR, severity=HIGH, message='GL_INVALID_OPERATION error generated. No active program.'
[18:03:34] [Render thread/INFO] (Minecraft) OpenGL debug message: id=1282, source=API, type=ERROR, severity=HIGH, message='GL_INVALID_OPERATION error generated. No active program.'
[18:03:34] [Render thread/INFO] (Minecraft) OpenGL debug message: id=1282, source=API, type=ERROR, severity=HIGH, message='GL_INVALID_OPERATION error generated. No active program.'
[18:03:35] [Render thread/INFO] (Minecraft) OpenGL debug message: id=1282, source=API, type=ERROR, severity=HIGH, message='GL_INVALID_OPERATION error generated. No active program.'
[18:03:35] [Render thread/INFO] (Minecraft) OpenGL debug message: id=1282, source=API, type=ERROR, severity=HIGH, message='GL_INVALID_OPERATION error generated. No active program.'
[18:03:35] [Render thread/INFO] (Minecraft) OpenGL debug message: id=1282, source=API, type=ERROR, severity=HIGH, message='GL_INVALID_OPERATION error generated. No active program.'
[18:03:35] [Render thread/INFO] (Minecraft) OpenGL debug message: id=1282, source=API, type=ERROR, severity=HIGH, message='GL_INVALID_OPERATION error generated. No active program.'
[18:03:35] [Render thread/INFO] (Minecraft) OpenGL debug message: id=1282, source=API, type=ERROR, severity=HIGH, message='GL_INVALID_OPERATION error generated. No active program.'
[18:03:35] [Render thread/INFO] (Minecraft) OpenGL debug message: id=1282, source=API, type=ERROR, severity=HIGH, message='GL_INVALID_OPERATION error generated. No active program.'
[18:03:35] [Render thread/INFO] (Minecraft) OpenGL debug message: id=1282, source=API, type=ERROR, severity=HIGH, message='GL_INVALID_OPERATION error generated. No active program.'
[18:03:35] [Render thread/INFO] (Minecraft) OpenGL debug message: id=1282, source=API, type=ERROR, severity=HIGH, message='GL_INVALID_OPERATION error generated. No active program.'
[18:03:35] [Render thread/INFO] (Minecraft) OpenGL debug message: id=1282, source=API, type=ERROR, severity=HIGH, message='GL_INVALID_OPERATION error generated. No active program.'
[18:03:35] [Render thread/INFO] (Minecraft) OpenGL debug message: id=1282, source=API, type=ERROR, severity=HIGH, message='GL_INVALID_OPERATION error generated. No active program.'
[18:03:35] [Render thread/INFO] (Minecraft) OpenGL debug message: id=1282, source=API, type=ERROR, severity=HIGH, message='GL_INVALID_OPERATION error generated. No active program.'
[18:03:36] [Render thread/INFO] (Minecraft) OpenGL debug message: id=1282, source=API, type=ERROR, severity=HIGH, message='GL_INVALID_OPERATION error generated. No active program.'
[18:03:37] [Render thread/INFO] (Minecraft) OpenGL debug message: id=1282, source=API, type=ERROR, severity=HIGH, message='GL_INVALID_OPERATION error generated. No active program.'
[18:03:37] [Render thread/INFO] (Minecraft) OpenGL debug message: id=1282, source=API, type=ERROR, severity=HIGH, message='GL_INVALID_OPERATION error generated. No active program.'
[18:03:37] [Render thread/INFO] (Minecraft) OpenGL debug message: id=1282, source=API, type=ERROR, severity=HIGH, message='GL_INVALID_OPERATION error generated. No active program.'
[18:03:37] [Render thread/INFO] (Minecraft) OpenGL debug message: id=1282, source=API, type=ERROR, severity=HIGH, message='GL_INVALID_OPERATION error generated. No active program.'
[18:03:37] [Render thread/INFO] (Minecraft) OpenGL debug message: id=1282, source=API, type=ERROR, severity=HIGH, message='GL_INVALID_OPERATION error generated. No active program.'
[18:03:37] [Render thread/INFO] (Minecraft) OpenGL debug message: id=1282, source=API, type=ERROR, severity=HIGH, message='GL_INVALID_OPERATION error generated. No active program.'
[18:03:39] [Render thread/INFO] (Minecraft) Loaded 1470 recipes
[18:03:39] [Render thread/INFO] (Minecraft) Loaded 1584 advancements
[18:03:39] [Render thread/INFO] (BiomeModificationImpl) Applied 0 biome modifications to 0 of 65 new biomes in 982.0 μs
[18:03:39] [Server thread/INFO] (Minecraft) Starting integrated minecraft server version 1.21.11
[18:03:39] [Server thread/INFO] (Minecraft) Generating keypair
[18:03:40] [Server thread/INFO] (Minecraft) Loading 0 persistent chunks...
[18:03:40] [Server thread/INFO] (Minecraft) Preparing spawn area: 16%
[18:03:40] [Server thread/INFO] (Minecraft) Loading 49 chunks for player spawn...
[18:03:40] [Server thread/INFO] (Minecraft) Preparing spawn area: 16%
[18:03:40] [Server thread/INFO] (Minecraft) Time elapsed: 870 ms
[18:03:41] [Server thread/INFO] (Minecraft) Player107[local:E:80c3b003] logged in with entity id 51 at (2211.2104013876783, 106.60656234684241, -417.0181744911264)
[18:03:41] [Server thread/INFO] (Minecraft) Player107 joined the game
[18:03:41] [Server thread/INFO] (Minecraft) Changing view distance to 16, from 10
[18:03:41] [Server thread/INFO] (Minecraft) Changing simulation distance to 12, from 0
[18:03:41] [Render thread/INFO] (Minecraft) Loaded 3 advancements
[18:03:41] [Render thread/INFO] (Minecraft) Resizing Dynamic Transforms UBO, capacity limit of 2 reached during a single frame. New capacity will be 4.
[18:03:41] [Render thread/INFO] (Minecraft) Resizing Dynamic Transforms UBO, capacity limit of 4 reached during a single frame. New capacity will be 8.
[18:03:41] [Render thread/INFO] (Minecraft) Resizing Chunk Sections UBO, capacity limit of 2 reached during a single frame. New capacity will be 4.
[18:03:41] [Render thread/INFO] (Minecraft) Resizing Chunk Sections UBO, capacity limit of 4 reached during a single frame. New capacity will be 16.
[18:03:41] [Render thread/INFO] (Minecraft) Resizing Chunk Sections UBO, capacity limit of 16 reached during a single frame. New capacity will be 32.
[18:03:41] [Render thread/INFO] (Minecraft) Resizing Chunk Sections UBO, capacity limit of 32 reached during a single frame. New capacity will be 64.
[18:03:41] [Server thread/INFO] (Minecraft) Saving and pausing game...
[18:03:41] [Server thread/INFO] (Minecraft) Saving chunks for level 'ServerLevel[New World]'/minecraft:overworld
[18:03:42] [Server thread/INFO] (Minecraft) Saving chunks for level 'ServerLevel[New World]'/minecraft:the_end
[18:03:42] [Server thread/INFO] (Minecraft) Saving chunks for level 'ServerLevel[New World]'/minecraft:the_nether
[18:03:42] [Render thread/INFO] (Minecraft) Resizing Chunk Sections UBO, capacity limit of 64 reached during a single frame. New capacity will be 128.
[18:03:42] [Render thread/INFO] (Minecraft) Resizing Chunk Sections UBO, capacity limit of 128 reached during a single frame. New capacity will be 256.
[18:06:31] [Render thread/INFO] (Minecraft) Resizing Chunk Sections UBO, capacity limit of 256 reached during a single frame. New capacity will be 512.
[18:06:31] [Server thread/INFO] (Minecraft) Saving and pausing game...
[18:06:31] [Server thread/INFO] (Minecraft) Saving chunks for level 'ServerLevel[New World]'/minecraft:overworld
[18:06:31] [Server thread/INFO] (Minecraft) Saving chunks for level 'ServerLevel[New World]'/minecraft:the_end
[18:06:31] [Server thread/INFO] (Minecraft) Saving chunks for level 'ServerLevel[New World]'/minecraft:the_nether
[18:07:34] [Server thread/INFO] (Minecraft) Player107 lost connection: Disconnected
[18:07:34] [Server thread/INFO] (Minecraft) Player107 left the game
[18:07:34] [Server thread/INFO] (Minecraft) Stopping singleplayer server as player logged out
[18:07:34] [Server thread/INFO] (Minecraft) Stopping server
[18:07:34] [Server thread/INFO] (Minecraft) Saving players
[18:07:34] [Server thread/INFO] (Minecraft) Saving worlds
[18:07:34] [Server thread/INFO] (Minecraft) Saving chunks for level 'ServerLevel[New World]'/minecraft:overworld
[18:07:34] [Server thread/INFO] (Minecraft) Saving chunks for level 'ServerLevel[New World]'/minecraft:the_end
[18:07:34] [Server thread/INFO] (Minecraft) Saving chunks for level 'ServerLevel[New World]'/minecraft:the_nether
[18:07:34] [Server thread/INFO] (Minecraft) ThreadedAnvilChunkStorage (New World): All chunks are saved
[18:07:34] [Server thread/INFO] (Minecraft) ThreadedAnvilChunkStorage (DIM1): All chunks are saved
[18:07:34] [Server thread/INFO] (Minecraft) ThreadedAnvilChunkStorage (DIM-1): All chunks are saved
[18:07:34] [Server thread/INFO] (Minecraft) ThreadedAnvilChunkStorage: All dimensions are saved
[18:07:34] [Render thread/INFO] (Minecraft) OpenGL debug message: id=1282, source=API, type=ERROR, severity=HIGH, message='GL_INVALID_OPERATION error generated. No active program.'
[18:07:34] [Render thread/INFO] (Minecraft) OpenGL debug message: id=1282, source=API, type=ERROR, severity=HIGH, message='GL_INVALID_OPERATION error generated. No active program.'
[18:07:34] [Render thread/INFO] (Minecraft) OpenGL debug message: id=1282, source=API, type=ERROR, severity=HIGH, message='GL_INVALID_OPERATION error generated. No active program.'
[18:07:34] [Render thread/INFO] (Minecraft) OpenGL debug message: id=1282, source=API, type=ERROR, severity=HIGH, message='GL_INVALID_OPERATION error generated. No active program.'
[18:07:34] [Render thread/INFO] (Minecraft) OpenGL debug message: id=1282, source=API, type=ERROR, severity=HIGH, message='GL_INVALID_OPERATION error generated. No active program.'
[18:07:35] [Render thread/INFO] (Minecraft) OpenGL debug message: id=1282, source=API, type=ERROR, severity=HIGH, message='GL_INVALID_OPERATION error generated. No active program.'
[18:07:35] [Render thread/INFO] (Minecraft) OpenGL debug message: id=1282, source=API, type=ERROR, severity=HIGH, message='GL_INVALID_OPERATION error generated. No active program.'
[18:07:35] [Render thread/INFO] (Minecraft) OpenGL debug message: id=1282, source=API, type=ERROR, severity=HIGH, message='GL_INVALID_OPERATION error generated. No active program.'
[18:07:35] [Render thread/INFO] (Minecraft) OpenGL debug message: id=1282, source=API, type=ERROR, severity=HIGH, message='GL_INVALID_OPERATION error generated. No active program.'
[18:07:35] [Render thread/INFO] (Minecraft) OpenGL debug message: id=1282, source=API, type=ERROR, severity=HIGH, message='GL_INVALID_OPERATION error generated. No active program.'
[18:07:35] [Render thread/INFO] (Minecraft) OpenGL debug message: id=1282, source=API, type=ERROR, severity=HIGH, message='GL_INVALID_OPERATION error generated. No active program.'
[18:07:35] [Render thread/INFO] (Minecraft) OpenGL debug message: id=1282, source=API, type=ERROR, severity=HIGH, message='GL_INVALID_OPERATION error generated. No active program.'
[18:07:35] [Render thread/INFO] (Minecraft) OpenGL debug message: id=1282, source=API, type=ERROR, severity=HIGH, message='GL_INVALID_OPERATION error generated. No active program.'
[18:07:35] [Render thread/INFO] (Minecraft) OpenGL debug message: id=1282, source=API, type=ERROR, severity=HIGH, message='GL_INVALID_OPERATION error generated. No active program.'
[18:07:36] [Render thread/INFO] (Minecraft) OpenGL debug message: id=1282, source=API, type=ERROR, severity=HIGH, message='GL_INVALID_OPERATION error generated. No active program.'
[18:07:36] [Render thread/INFO] (Minecraft) OpenGL debug message: id=1282, source=API, type=ERROR, severity=HIGH, message='GL_INVALID_OPERATION error generated. No active program.'
[18:07:36] [Render thread/INFO] (Minecraft) OpenGL debug message: id=1282, source=API, type=ERROR, severity=HIGH, message='GL_INVALID_OPERATION error generated. No active program.'
[18:07:36] [Render thread/INFO] (Minecraft) OpenGL debug message: id=1282, source=API, type=ERROR, severity=HIGH, message='GL_INVALID_OPERATION error generated. No active program.'
[18:07:36] [Render thread/INFO] (Minecraft) OpenGL debug message: id=1282, source=API, type=ERROR, severity=HIGH, message='GL_INVALID_OPERATION error generated. No active program.'
[18:07:36] [Render thread/INFO] (Minecraft) OpenGL debug message: id=1282, source=API, type=ERROR, severity=HIGH, message='GL_INVALID_OPERATION error generated. No active program.'
[18:07:36] [Render thread/INFO] (Minecraft) OpenGL debug message: id=1282, source=API, type=ERROR, severity=HIGH, message='GL_INVALID_OPERATION error generated. No active program.'
[18:07:36] [Render thread/INFO] (Minecraft) OpenGL debug message: id=1282, source=API, type=ERROR, severity=HIGH, message='GL_INVALID_OPERATION error generated. No active program.'
[18:07:36] [Render thread/INFO] (Minecraft) OpenGL debug message: id=1282, source=API, type=ERROR, severity=HIGH, message='GL_INVALID_OPERATION error generated. No active program.'
[18:07:36] [Render thread/INFO] (Minecraft) OpenGL debug message: id=1282, source=API, type=ERROR, severity=HIGH, message='GL_INVALID_OPERATION error generated. No active program.'
[18:07:36] [Render thread/INFO] (Minecraft) OpenGL debug message: id=1282, source=API, type=ERROR, severity=HIGH, message='GL_INVALID_OPERATION error generated. No active program.'
[18:07:37] [Render thread/INFO] (Minecraft) OpenGL debug message: id=1282, source=API, type=ERROR, severity=HIGH, message='GL_INVALID_OPERATION error generated. No active program.'
[18:07:37] [Render thread/INFO] (Minecraft) OpenGL debug message: id=1282, source=API, type=ERROR, severity=HIGH, message='GL_INVALID_OPERATION error generated. No active program.'
[18:07:37] [Render thread/INFO] (Minecraft) OpenGL debug message: id=1282, source=API, type=ERROR, severity=HIGH, message='GL_INVALID_OPERATION error generated. No active program.'
[18:07:37] [Render thread/INFO] (Minecraft) OpenGL debug message: id=1282, source=API, type=ERROR, severity=HIGH, message='GL_INVALID_OPERATION error generated. No active program.'
[18:07:37] [Render thread/INFO] (Minecraft) OpenGL debug message: id=1282, source=API, type=ERROR, severity=HIGH, message='GL_INVALID_OPERATION error generated. No active program.'
[18:07:37] [Render thread/INFO] (Minecraft) OpenGL debug message: id=1282, source=API, type=ERROR, severity=HIGH, message='GL_INVALID_OPERATION error generated. No active program.'
[18:07:37] [Render thread/INFO] (Minecraft) OpenGL debug message: id=1282, source=API, type=ERROR, severity=HIGH, message='GL_INVALID_OPERATION error generated. No active program.'
[18:07:37] [Render thread/INFO] (Minecraft) OpenGL debug message: id=1282, source=API, type=ERROR, severity=HIGH, message='GL_INVALID_OPERATION error generated. No active program.'
[18:07:37] [Render thread/INFO] (Minecraft) OpenGL debug message: id=1282, source=API, type=ERROR, severity=HIGH, message='GL_INVALID_OPERATION error generated. No active program.'
[18:07:37] [Render thread/INFO] (Minecraft) OpenGL debug message: id=1282, source=API, type=ERROR, severity=HIGH, message='GL_INVALID_OPERATION error generated. No active program.'
[18:07:38] [Render thread/INFO] (Minecraft) OpenGL debug message: id=1282, source=API, type=ERROR, severity=HIGH, message='GL_INVALID_OPERATION error generated. No active program.'
[18:07:38] [Render thread/INFO] (Minecraft) OpenGL debug message: id=1282, source=API, type=ERROR, severity=HIGH, message='GL_INVALID_OPERATION error generated. No active program.'
[18:07:38] [Render thread/INFO] (Minecraft) OpenGL debug message: id=1282, source=API, type=ERROR, severity=HIGH, message='GL_INVALID_OPERATION error generated. No active program.'
[18:07:38] [Render thread/INFO] (Minecraft) OpenGL debug message: id=1282, source=API, type=ERROR, severity=HIGH, message='GL_INVALID_OPERATION error generated. No active program.'
[18:07:38] [Render thread/INFO] (Minecraft) OpenGL debug message: id=1282, source=API, type=ERROR, severity=HIGH, message='GL_INVALID_OPERATION error generated. No active program.'
[18:07:38] [Render thread/INFO] (Minecraft) OpenGL debug message: id=1282, source=API, type=ERROR, severity=HIGH, message='GL_INVALID_OPERATION error generated. No active program.'
[18:07:38] [Render thread/INFO] (Minecraft) OpenGL debug message: id=1282, source=API, type=ERROR, severity=HIGH, message='GL_INVALID_OPERATION error generated. No active program.'
[18:07:38] [Render thread/INFO] (Minecraft) OpenGL debug message: id=1282, source=API, type=ERROR, severity=HIGH, message='GL_INVALID_OPERATION error generated. No active program.'
[18:07:38] [Render thread/INFO] (Minecraft) OpenGL debug message: id=1282, source=API, type=ERROR, severity=HIGH, message='GL_INVALID_OPERATION error generated. No active program.'
[18:07:38] [Render thread/INFO] (Minecraft) OpenGL debug message: id=1282, source=API, type=ERROR, severity=HIGH, message='GL_INVALID_OPERATION error generated. No active program.'
[18:07:39] [Render thread/INFO] (Minecraft) OpenGL debug message: id=1282, source=API, type=ERROR, severity=HIGH, message='GL_INVALID_OPERATION error generated. No active program.'
[18:07:39] [Render thread/INFO] (Minecraft) OpenGL debug message: id=1282, source=API, type=ERROR, severity=HIGH, message='GL_INVALID_OPERATION error generated. No active program.'
[18:07:39] [Render thread/INFO] (Minecraft) OpenGL debug message: id=1282, source=API, type=ERROR, severity=HIGH, message='GL_INVALID_OPERATION error generated. No active program.'
[18:07:39] [Render thread/INFO] (Minecraft) OpenGL debug message: id=1282, source=API, type=ERROR, severity=HIGH, message='GL_INVALID_OPERATION error generated. No active program.'
[18:07:39] [Render thread/INFO] (Minecraft) OpenGL debug message: id=1282, source=API, type=ERROR, severity=HIGH, message='GL_INVALID_OPERATION error generated. No active program.'
[18:07:39] [Render thread/INFO] (Minecraft) OpenGL debug message: id=1282, source=API, type=ERROR, severity=HIGH, message='GL_INVALID_OPERATION error generated. No active program.'
[18:07:39] [Render thread/INFO] (Minecraft) OpenGL debug message: id=1282, source=API, type=ERROR, severity=HIGH, message='GL_INVALID_OPERATION error generated. No active program.'
[18:07:39] [Render thread/INFO] (Minecraft) OpenGL debug message: id=1282, source=API, type=ERROR, severity=HIGH, message='GL_INVALID_OPERATION error generated. No active program.'
[18:07:39] [Render thread/INFO] (Minecraft) OpenGL debug message: id=1282, source=API, type=ERROR, severity=HIGH, message='GL_INVALID_OPERATION error generated. No active program.'
[18:07:39] [Render thread/INFO] (Minecraft) OpenGL debug message: id=1282, source=API, type=ERROR, severity=HIGH, message='GL_INVALID_OPERATION error generated. No active program.'
[18:07:40] [Render thread/INFO] (Minecraft) OpenGL debug message: id=1282, source=API, type=ERROR, severity=HIGH, message='GL_INVALID_OPERATION error generated. No active program.'
[18:07:40] [Render thread/INFO] (Minecraft) OpenGL debug message: id=1282, source=API, type=ERROR, severity=HIGH, message='GL_INVALID_OPERATION error generated. No active program.'
[18:07:40] [Render thread/INFO] (Minecraft) OpenGL debug message: id=1282, source=API, type=ERROR, severity=HIGH, message='GL_INVALID_OPERATION error generated. No active program.'
[18:07:40] [Render thread/INFO] (Minecraft) OpenGL debug message: id=1282, source=API, type=ERROR, severity=HIGH, message='GL_INVALID_OPERATION error generated. No active program.'
[18:07:40] [Render thread/INFO] (Minecraft) OpenGL debug message: id=1282, source=API, type=ERROR, severity=HIGH, message='GL_INVALID_OPERATION error generated. No active program.'
[18:07:40] [Render thread/INFO] (Minecraft) OpenGL debug message: id=1282, source=API, type=ERROR, severity=HIGH, message='GL_INVALID_OPERATION error generated. No active program.'
[18:07:40] [Render thread/INFO] (Minecraft) OpenGL debug message: id=1282, source=API, type=ERROR, severity=HIGH, message='GL_INVALID_OPERATION error generated. No active program.'
[18:07:40] [Render thread/INFO] (Minecraft) OpenGL debug message: id=1282, source=API, type=ERROR, severity=HIGH, message='GL_INVALID_OPERATION error generated. No active program.'
[18:07:40] [Render thread/INFO] (Minecraft) OpenGL debug message: id=1282, source=API, type=ERROR, severity=HIGH, message='GL_INVALID_OPERATION error generated. No active program.'
[18:07:40] [Render thread/INFO] (Minecraft) OpenGL debug message: id=1282, source=API, type=ERROR, severity=HIGH, message='GL_INVALID_OPERATION error generated. No active program.'
[18:07:41] [Render thread/INFO] (Minecraft) OpenGL debug message: id=1282, source=API, type=ERROR, severity=HIGH, message='GL_INVALID_OPERATION error generated. No active program.'
[18:07:41] [Render thread/INFO] (Minecraft) OpenGL debug message: id=1282, source=API, type=ERROR, severity=HIGH, message='GL_INVALID_OPERATION error generated. No active program.'
[18:07:41] [Render thread/INFO] (Minecraft) OpenGL debug message: id=1282, source=API, type=ERROR, severity=HIGH, message='GL_INVALID_OPERATION error generated. No active program.'
[18:07:41] [Render thread/INFO] (Minecraft) OpenGL debug message: id=1282, source=API, type=ERROR, severity=HIGH, message='GL_INVALID_OPERATION error generated. No active program.'
[18:07:41] [Render thread/INFO] (Minecraft) OpenGL debug message: id=1282, source=API, type=ERROR, severity=HIGH, message='GL_INVALID_OPERATION error generated. No active program.'
[18:07:41] [Render thread/INFO] (Minecraft) OpenGL debug message: id=1282, source=API, type=ERROR, severity=HIGH, message='GL_INVALID_OPERATION error generated. No active program.'
[18:07:41] [Render thread/INFO] (Minecraft) OpenGL debug message: id=1282, source=API, type=ERROR, severity=HIGH, message='GL_INVALID_OPERATION error generated. No active program.'
[18:07:41] [Render thread/INFO] (Minecraft) OpenGL debug message: id=1282, source=API, type=ERROR, severity=HIGH, message='GL_INVALID_OPERATION error generated. No active program.'
[18:07:41] [Render thread/INFO] (Minecraft) OpenGL debug message: id=1282, source=API, type=ERROR, severity=HIGH, message='GL_INVALID_OPERATION error generated. No active program.'
[18:07:41] [Render thread/INFO] (Minecraft) OpenGL debug message: id=1282, source=API, type=ERROR, severity=HIGH, message='GL_INVALID_OPERATION error generated. No active program.'
[18:07:42] [Render thread/INFO] (Minecraft) OpenGL debug message: id=1282, source=API, type=ERROR, severity=HIGH, message='GL_INVALID_OPERATION error generated. No active program.'
[18:07:42] [Render thread/INFO] (Minecraft) OpenGL debug message: id=1282, source=API, type=ERROR, severity=HIGH, message='GL_INVALID_OPERATION error generated. No active program.'
[18:07:42] [Render thread/INFO] (Minecraft) OpenGL debug message: id=1282, source=API, type=ERROR, severity=HIGH, message='GL_INVALID_OPERATION error generated. No active program.'
[18:07:42] [Render thread/INFO] (Minecraft) OpenGL debug message: id=1282, source=API, type=ERROR, severity=HIGH, message='GL_INVALID_OPERATION error generated. No active program.'
[18:07:42] [Render thread/INFO] (Minecraft) OpenGL debug message: id=1282, source=API, type=ERROR, severity=HIGH, message='GL_INVALID_OPERATION error generated. No active program.'
[18:07:42] [Render thread/INFO] (Minecraft) OpenGL debug message: id=1282, source=API, type=ERROR, severity=HIGH, message='GL_INVALID_OPERATION error generated. No active program.'
[18:07:42] [Render thread/INFO] (Minecraft) OpenGL debug message: id=1282, source=API, type=ERROR, severity=HIGH, message='GL_INVALID_OPERATION error generated. No active program.'
[18:07:42] [Render thread/INFO] (Minecraft) OpenGL debug message: id=1282, source=API, type=ERROR, severity=HIGH, message='GL_INVALID_OPERATION error generated. No active program.'
[18:07:42] [Render thread/INFO] (Minecraft) OpenGL debug message: id=1282, source=API, type=ERROR, severity=HIGH, message='GL_INVALID_OPERATION error generated. No active program.'
[18:07:42] [Render thread/INFO] (Minecraft) OpenGL debug message: id=1282, source=API, type=ERROR, severity=HIGH, message='GL_INVALID_OPERATION error generated. No active program.'
[18:07:43] [Render thread/INFO] (Minecraft) OpenGL debug message: id=1282, source=API, type=ERROR, severity=HIGH, message='GL_INVALID_OPERATION error generated. No active program.'
[18:07:43] [Render thread/INFO] (Minecraft) OpenGL debug message: id=1282, source=API, type=ERROR, severity=HIGH, message='GL_INVALID_OPERATION error generated. No active program.'
[18:07:43] [Render thread/INFO] (Minecraft) OpenGL debug message: id=1282, source=API, type=ERROR, severity=HIGH, message='GL_INVALID_OPERATION error generated. No active program.'
[18:07:43] [Render thread/INFO] (Minecraft) OpenGL debug message: id=1282, source=API, type=ERROR, severity=HIGH, message='GL_INVALID_OPERATION error generated. No active program.'
[18:07:43] [Render thread/INFO] (Minecraft) OpenGL debug message: id=1282, source=API, type=ERROR, severity=HIGH, message='GL_INVALID_OPERATION error generated. No active program.'
[18:07:43] [Render thread/INFO] (Minecraft) OpenGL debug message: id=1282, source=API, type=ERROR, severity=HIGH, message='GL_INVALID_OPERATION error generated. No active program.'
[18:07:43] [Render thread/INFO] (Minecraft) OpenGL debug message: id=1282, source=API, type=ERROR, severity=HIGH, message='GL_INVALID_OPERATION error generated. No active program.'
[18:07:43] [Render thread/INFO] (Minecraft) OpenGL debug message: id=1282, source=API, type=ERROR, severity=HIGH, message='GL_INVALID_OPERATION error generated. No active program.'
[18:07:43] [Render thread/INFO] (Minecraft) OpenGL debug message: id=1282, source=API, type=ERROR, severity=HIGH, message='GL_INVALID_OPERATION error generated. No active program.'
[18:07:43] [Render thread/INFO] (Minecraft) OpenGL debug message: id=1282, source=API, type=ERROR, severity=HIGH, message='GL_INVALID_OPERATION error generated. No active program.'
[18:07:44] [Render thread/INFO] (Minecraft) OpenGL debug message: id=1282, source=API, type=ERROR, severity=HIGH, message='GL_INVALID_OPERATION error generated. No active program.'
[18:07:44] [Render thread/INFO] (Minecraft) OpenGL debug message: id=1282, source=API, type=ERROR, severity=HIGH, message='GL_INVALID_OPERATION error generated. No active program.'
[18:07:44] [Render thread/INFO] (Minecraft) OpenGL debug message: id=1282, source=API, type=ERROR, severity=HIGH, message='GL_INVALID_OPERATION error generated. No active program.'
[18:07:44] [Render thread/INFO] (Minecraft) OpenGL debug message: id=1282, source=API, type=ERROR, severity=HIGH, message='GL_INVALID_OPERATION error generated. No active program.'
[18:07:44] [Render thread/INFO] (Minecraft) OpenGL debug message: id=1282, source=API, type=ERROR, severity=HIGH, message='GL_INVALID_OPERATION error generated. No active program.'
[18:07:44] [Render thread/INFO] (Minecraft) OpenGL debug message: id=1282, source=API, type=ERROR, severity=HIGH, message='GL_INVALID_OPERATION error generated. No active program.'
[18:07:44] [Render thread/INFO] (Minecraft) OpenGL debug message: id=1282, source=API, type=ERROR, severity=HIGH, message='GL_INVALID_OPERATION error generated. No active program.'
[18:07:44] [Render thread/INFO] (Minecraft) OpenGL debug message: id=1282, source=API, type=ERROR, severity=HIGH, message='GL_INVALID_OPERATION error generated. No active program.'
[18:07:44] [Render thread/INFO] (Minecraft) OpenGL debug message: id=1282, source=API, type=ERROR, severity=HIGH, message='GL_INVALID_OPERATION error generated. No active program.'
[18:07:44] [Render thread/INFO] (Minecraft) OpenGL debug message: id=1282, source=API, type=ERROR, severity=HIGH, message='GL_INVALID_OPERATION error generated. No active program.'
[18:07:45] [Render thread/INFO] (Minecraft) OpenGL debug message: id=1282, source=API, type=ERROR, severity=HIGH, message='GL_INVALID_OPERATION error generated. No active program.'
[18:07:45] [Render thread/INFO] (Minecraft) OpenGL debug message: id=1282, source=API, type=ERROR, severity=HIGH, message='GL_INVALID_OPERATION error generated. No active program.'
[18:07:45] [Render thread/INFO] (Minecraft) OpenGL debug message: id=1282, source=API, type=ERROR, severity=HIGH, message='GL_INVALID_OPERATION error generated. No active program.'
[18:07:45] [Render thread/INFO] (Minecraft) OpenGL debug message: id=1282, source=API, type=ERROR, severity=HIGH, message='GL_INVALID_OPERATION error generated. No active program.'
[18:07:45] [Render thread/INFO] (Minecraft) OpenGL debug message: id=1282, source=API, type=ERROR, severity=HIGH, message='GL_INVALID_OPERATION error generated. No active program.'
[18:07:45] [Render thread/INFO] (Minecraft) OpenGL debug message: id=1282, source=API, type=ERROR, severity=HIGH, message='GL_INVALID_OPERATION error generated. No active program.'
[18:07:45] [Render thread/INFO] (Minecraft) OpenGL debug message: id=1282, source=API, type=ERROR, severity=HIGH, message='GL_INVALID_OPERATION error generated. No active program.'
[18:07:45] [Render thread/INFO] (Minecraft) OpenGL debug message: id=1282, source=API, type=ERROR, severity=HIGH, message='GL_INVALID_OPERATION error generated. No active program.'
[18:07:45] [Render thread/INFO] (Minecraft) OpenGL debug message: id=1282, source=API, type=ERROR, severity=HIGH, message='GL_INVALID_OPERATION error generated. No active program.'
[18:07:45] [Render thread/INFO] (Minecraft) OpenGL debug message: id=1282, source=API, type=ERROR, severity=HIGH, message='GL_INVALID_OPERATION error generated. No active program.'
[18:07:46] [Render thread/INFO] (Minecraft) OpenGL debug message: id=1282, source=API, type=ERROR, severity=HIGH, message='GL_INVALID_OPERATION error generated. No active program.'
[18:07:46] [Render thread/INFO] (Minecraft) OpenGL debug message: id=1282, source=API, type=ERROR, severity=HIGH, message='GL_INVALID_OPERATION error generated. No active program.'
[18:07:46] [Render thread/INFO] (Minecraft) OpenGL debug message: id=1282, source=API, type=ERROR, severity=HIGH, message='GL_INVALID_OPERATION error generated. No active program.'
[18:07:46] [Render thread/INFO] (Minecraft) OpenGL debug message: id=1282, source=API, type=ERROR, severity=HIGH, message='GL_INVALID_OPERATION error generated. No active program.'
[18:07:46] [Render thread/INFO] (Minecraft) OpenGL debug message: id=1282, source=API, type=ERROR, severity=HIGH, message='GL_INVALID_OPERATION error generated. No active program.'
[18:07:46] [Render thread/INFO] (Minecraft) OpenGL debug message: id=1282, source=API, type=ERROR, severity=HIGH, message='GL_INVALID_OPERATION error generated. No active program.'
[18:07:46] [Render thread/INFO] (Minecraft) OpenGL debug message: id=1282, source=API, type=ERROR, severity=HIGH, message='GL_INVALID_OPERATION error generated. No active program.'
[18:07:46] [Render thread/INFO] (Minecraft) OpenGL debug message: id=1282, source=API, type=ERROR, severity=HIGH, message='GL_INVALID_OPERATION error generated. No active program.'
[18:07:46] [Render thread/INFO] (Minecraft) OpenGL debug message: id=1282, source=API, type=ERROR, severity=HIGH, message='GL_INVALID_OPERATION error generated. No active program.'
[18:07:46] [Render thread/INFO] (Minecraft) OpenGL debug message: id=1282, source=API, type=ERROR, severity=HIGH, message='GL_INVALID_OPERATION error generated. No active program.'
[18:07:47] [Render thread/INFO] (Minecraft) OpenGL debug message: id=1282, source=API, type=ERROR, severity=HIGH, message='GL_INVALID_OPERATION error generated. No active program.'
[18:07:47] [Render thread/INFO] (Minecraft) OpenGL debug message: id=1282, source=API, type=ERROR, severity=HIGH, message='GL_INVALID_OPERATION error generated. No active program.'
[18:07:47] [Render thread/INFO] (Minecraft) OpenGL debug message: id=1282, source=API, type=ERROR, severity=HIGH, message='GL_INVALID_OPERATION error generated. No active program.'
[18:07:47] [Render thread/INFO] (Minecraft) OpenGL debug message: id=1282, source=API, type=ERROR, severity=HIGH, message='GL_INVALID_OPERATION error generated. No active program.'
[18:07:47] [Render thread/INFO] (Minecraft) OpenGL debug message: id=1282, source=API, type=ERROR, severity=HIGH, message='GL_INVALID_OPERATION error generated. No active program.'
[18:07:47] [Render thread/INFO] (Minecraft) OpenGL debug message: id=1282, source=API, type=ERROR, severity=HIGH, message='GL_INVALID_OPERATION error generated. No active program.'
[18:07:47] [Render thread/INFO] (Minecraft) OpenGL debug message: id=1282, source=API, type=ERROR, severity=HIGH, message='GL_INVALID_OPERATION error generated. No active program.'
[18:07:47] [Render thread/INFO] (Minecraft) OpenGL debug message: id=1282, source=API, type=ERROR, severity=HIGH, message='GL_INVALID_OPERATION error generated. No active program.'
[18:07:47] [Render thread/INFO] (Minecraft) OpenGL debug message: id=1282, source=API, type=ERROR, severity=HIGH, message='GL_INVALID_OPERATION error generated. No active program.'
[18:07:47] [Render thread/INFO] (Minecraft) OpenGL debug message: id=1282, source=API, type=ERROR, severity=HIGH, message='GL_INVALID_OPERATION error generated. No active program.'
[18:07:48] [Render thread/INFO] (Minecraft) OpenGL debug message: id=1282, source=API, type=ERROR, severity=HIGH, message='GL_INVALID_OPERATION error generated. No active program.'
[18:07:48] [Render thread/INFO] (Minecraft) OpenGL debug message: id=1282, source=API, type=ERROR, severity=HIGH, message='GL_INVALID_OPERATION error generated. No active program.'
[18:07:48] [Render thread/INFO] (Minecraft) OpenGL debug message: id=1282, source=API, type=ERROR, severity=HIGH, message='GL_INVALID_OPERATION error generated. No active program.'
[18:07:48] [Render thread/INFO] (Minecraft) OpenGL debug message: id=1282, source=API, type=ERROR, severity=HIGH, message='GL_INVALID_OPERATION error generated. No active program.'
[18:07:48] [Render thread/INFO] (Minecraft) OpenGL debug message: id=1282, source=API, type=ERROR, severity=HIGH, message='GL_INVALID_OPERATION error generated. No active program.'
[18:07:48] [Render thread/INFO] (Minecraft) OpenGL debug message: id=1282, source=API, type=ERROR, severity=HIGH, message='GL_INVALID_OPERATION error generated. No active program.'
[18:07:48] [Render thread/INFO] (Minecraft) OpenGL debug message: id=1282, source=API, type=ERROR, severity=HIGH, message='GL_INVALID_OPERATION error generated. No active program.'
[18:07:48] [Render thread/INFO] (Minecraft) OpenGL debug message: id=1282, source=API, type=ERROR, severity=HIGH, message='GL_INVALID_OPERATION error generated. No active program.'
[18:07:48] [Render thread/INFO] (Minecraft) OpenGL debug message: id=1282, source=API, type=ERROR, severity=HIGH, message='GL_INVALID_OPERATION error generated. No active program.'
[18:07:49] [Render thread/INFO] (Minecraft) OpenGL debug message: id=1282, source=API, type=ERROR, severity=HIGH, message='GL_INVALID_OPERATION error generated. No active program.'
[18:07:49] [Render thread/INFO] (Minecraft) OpenGL debug message: id=1282, source=API, type=ERROR, severity=HIGH, message='GL_INVALID_OPERATION error generated. No active program.'
[18:07:49] [Render thread/INFO] (Minecraft) OpenGL debug message: id=1282, source=API, type=ERROR, severity=HIGH, message='GL_INVALID_OPERATION error generated. No active program.'
[18:07:49] [Render thread/INFO] (Minecraft) OpenGL debug message: id=1282, source=API, type=ERROR, severity=HIGH, message='GL_INVALID_OPERATION error generated. No active program.'
[18:07:49] [Render thread/INFO] (Minecraft) OpenGL debug message: id=1282, source=API, type=ERROR, severity=HIGH, message='GL_INVALID_OPERATION error generated. No active program.'
[18:07:49] [Render thread/INFO] (Minecraft) OpenGL debug message: id=1282, source=API, type=ERROR, severity=HIGH, message='GL_INVALID_OPERATION error generated. No active program.'
[18:07:49] [Render thread/INFO] (Minecraft) OpenGL debug message: id=1282, source=API, type=ERROR, severity=HIGH, message='GL_INVALID_OPERATION error generated. No active program.'
[18:07:49] [Render thread/INFO] (Minecraft) OpenGL debug message: id=1282, source=API, type=ERROR, severity=HIGH, message='GL_INVALID_OPERATION error generated. No active program.'
[18:07:49] [Render thread/INFO] (Minecraft) OpenGL debug message: id=1282, source=API, type=ERROR, severity=HIGH, message='GL_INVALID_OPERATION error generated. No active program.'
[18:07:49] [Render thread/INFO] (Minecraft) OpenGL debug message: id=1282, source=API, type=ERROR, severity=HIGH, message='GL_INVALID_OPERATION error generated. No active program.'
[18:07:50] [Render thread/INFO] (Minecraft) OpenGL debug message: id=1282, source=API, type=ERROR, severity=HIGH, message='GL_INVALID_OPERATION error generated. No active program.'
[18:07:50] [Render thread/INFO] (Minecraft) OpenGL debug message: id=1282, source=API, type=ERROR, severity=HIGH, message='GL_INVALID_OPERATION error generated. No active program.'
[18:07:50] [Render thread/INFO] (Minecraft) OpenGL debug message: id=1282, source=API, type=ERROR, severity=HIGH, message='GL_INVALID_OPERATION error generated. No active program.'
[18:07:50] [Render thread/INFO] (Minecraft) OpenGL debug message: id=1282, source=API, type=ERROR, severity=HIGH, message='GL_INVALID_OPERATION error generated. No active program.'
[18:07:50] [Render thread/INFO] (Minecraft) OpenGL debug message: id=1282, source=API, type=ERROR, severity=HIGH, message='GL_INVALID_OPERATION error generated. No active program.'
[18:07:50] [Render thread/INFO] (Minecraft) OpenGL debug message: id=1282, source=API, type=ERROR, severity=HIGH, message='GL_INVALID_OPERATION error generated. No active program.'
[18:07:50] [Render thread/INFO] (Minecraft) OpenGL debug message: id=1282, source=API, type=ERROR, severity=HIGH, message='GL_INVALID_OPERATION error generated. No active program.'
[18:07:50] [Render thread/INFO] (Minecraft) OpenGL debug message: id=1282, source=API, type=ERROR, severity=HIGH, message='GL_INVALID_OPERATION error generated. No active program.'
[18:07:50] [Render thread/INFO] (Minecraft) OpenGL debug message: id=1282, source=API, type=ERROR, severity=HIGH, message='GL_INVALID_OPERATION error generated. No active program.'
[18:07:50] [Render thread/INFO] (Minecraft) OpenGL debug message: id=1282, source=API, type=ERROR, severity=HIGH, message='GL_INVALID_OPERATION error generated. No active program.'
[18:07:51] [Render thread/INFO] (Minecraft) OpenGL debug message: id=1282, source=API, type=ERROR, severity=HIGH, message='GL_INVALID_OPERATION error generated. No active program.'
[18:07:51] [Render thread/INFO] (Minecraft) OpenGL debug message: id=1282, source=API, type=ERROR, severity=HIGH, message='GL_INVALID_OPERATION error generated. No active program.'
[18:07:51] [Render thread/INFO] (Minecraft) OpenGL debug message: id=1282, source=API, type=ERROR, severity=HIGH, message='GL_INVALID_OPERATION error generated. No active program.'
[18:07:51] [Render thread/INFO] (Minecraft) OpenGL debug message: id=1282, source=API, type=ERROR, severity=HIGH, message='GL_INVALID_OPERATION error generated. No active program.'
[18:07:51] [Render thread/INFO] (Minecraft) OpenGL debug message: id=1282, source=API, type=ERROR, severity=HIGH, message='GL_INVALID_OPERATION error generated. No active program.'
[18:07:51] [Render thread/INFO] (Minecraft) OpenGL debug message: id=1282, source=API, type=ERROR, severity=HIGH, message='GL_INVALID_OPERATION error generated. No active program.'
[18:07:51] [Render thread/INFO] (Minecraft) OpenGL debug message: id=1282, source=API, type=ERROR, severity=HIGH, message='GL_INVALID_OPERATION error generated. No active program.'
[18:07:51] [Render thread/INFO] (Minecraft) OpenGL debug message: id=1282, source=API, type=ERROR, severity=HIGH, message='GL_INVALID_OPERATION error generated. No active program.'
[18:07:51] [Render thread/INFO] (Minecraft) OpenGL debug message: id=1282, source=API, type=ERROR, severity=HIGH, message='GL_INVALID_OPERATION error generated. No active program.'
[18:07:51] [Render thread/INFO] (Minecraft) OpenGL debug message: id=1282, source=API, type=ERROR, severity=HIGH, message='GL_INVALID_OPERATION error generated. No active program.'
[18:07:52] [Render thread/INFO] (Minecraft) OpenGL debug message: id=1282, source=API, type=ERROR, severity=HIGH, message='GL_INVALID_OPERATION error generated. No active program.'
[18:07:52] [Render thread/INFO] (Minecraft) Stopping!
